behavior_id	feature_id	expectation	modes	platforms	level	evidence
editor-model-permits	device-image-editor	画像と動画の編集許可を独立して確認しモデルの共有取得中に一方をOFFにしても他方を取消せず古い許可では再開しない	BOTH	BOTH	UNIT	shared/src/commonTest/kotlin/media/analysis/ModelStoreTest.kt#disabledStaleForeignAndPromptPermitsPerformNoIo;shared/src/commonTest/kotlin/media/analysis/ModelStoreTest.kt#bothEditorsShareOneDownloadAndImageOffDoesNotCancelVideo;shared/src/commonTest/kotlin/media/analysis/ModelStoreTest.kt#offThenOnCancelsOldDownloadAndRequiresANewPermit
editor-model-integrity	device-image-editor	モデル管理基盤は導入と使用前に固定ハッシュを検証し破損や未完了を拒否して失敗した再導入で既存の正常モデルを壊さない	BOTH	BOTH	UNIT	shared/src/commonTest/kotlin/media/analysis/ModelStoreTest.kt#sameSizeCorruptionIsRejectedAndExplicitDownloadRepairsIt;shared/src/commonTest/kotlin/media/analysis/ModelStoreTest.kt#failedImportPreservesInstalledModelAndNeverConstructsHttpClient;shared/src/commonTest/kotlin/media/analysis/ModelStoreTest.kt#verifiedWheelExtractsOnlyPinnedEntryAndChecksBothHashes
editor-model-cancellation	device-video-editor	モデル管理基盤は最後の利用者の取消と終了で通信と入力を閉じ一時ファイルを削除し再試行できる	BOTH	BOTH	UNIT	shared/src/commonTest/kotlin/media/analysis/ModelStoreTest.kt#cancellingLastSubscriberWaitsForPartialCleanupAndAllowsRetry;shared/src/commonTest/kotlin/media/analysis/ModelStoreTest.kt#cancellingImportClosesSourceAndDeletesPartialFile;shared/src/commonTest/kotlin/media/analysis/ModelStoreTest.kt#closeCancelsActiveDownloadAndDisposesTransportAfterCleanup
editor-model-transport	device-video-editor	モデル専用転送はCookieや認証や媒体を送らずHTTPS転送と固定サイズを確認し不正応答を自動再試行しない	BOTH	BOTH	UNIT	shared/src/commonTest/kotlin/media/analysis/ModelDownloadTransportTest.kt#redirectsDoNotCarryCredentialsCookiesOrMediaAndUnknownLengthIsBounded;shared/src/commonTest/kotlin/media/analysis/ModelDownloadTransportTest.kt#refusesHttpDowngradeAndEmbeddedCredentialsBeforeFollowing;shared/src/commonTest/kotlin/media/analysis/ModelDownloadTransportTest.kt#rejectsUnexpectedStatusEncodingTruncationAndSizeWithoutRetry
generation-video-viewer-android	generation-metadata	両モードで動画再生と生成情報のコピーと戻った投稿のAIラベルを原本GET一回で提供しOFF時は隠す	BOTH	ANDROID	ANDROID_UI	app-android/src/androidTest/java/com/valoser/futacha/VideoPromptViewerInstrumentedTest.kt#normalVideoViewerCopiesOriginalPromptAndReturnsToCachedLabelWithOneGet;app-android/src/androidTest/java/com/valoser/futacha/VideoPromptViewerInstrumentedTest.kt#compatVideoViewerDoesNotDownloadOffscreenPagesAndCopiesPromptWithOneGet
generation-video-viewer-cancel	generation-metadata	非表示の動画は取得せず受信中に離れるとネイティブ読取を解放し不完全な原本や遅延エラーを公開しない	BOTH	ANDROID	ANDROID_UI	app-android/src/androidTest/java/com/valoser/futacha/VideoPromptViewerInstrumentedTest.kt#inactiveViewerNeverFetchesAndLeavingDuringTransferReleasesTheNativeReader
generation-video-viewer-ios	generation-metadata	iOS共通ビューア部品はMP4とVP8 WebMの原本一回の取得を再生とコピーと保存と再表示で共有しWebM表示用ファイルを最後の参照解放後に削除する	BOTH	IOS	INTEGRATION	iosApp/iosAppUITests/IosAppUITests.swift#testSharedOriginalMp4ViewerCopiesAndSavesWithoutAnotherAcquisition;iosApp/iosAppUITests/IosAppUITests.swift#testSharedOriginalVp8WebmViewerUsesLocalWebKitAndReleasesViewPins;shared/src/iosTest/kotlin/media/source/IosOriginalMediaAssetTest.kt#localWebmDocumentUsesAHardLinkAndLastViewPinOwnsCleanup
generation-video-save-sharing	generation-metadata	動画再生と単体スレッド自動ZIP保存は原本取得を共有し保存経路自身は生成情報を解析しない	BOTH	BOTH	INTEGRATION	shared/src/commonTest/kotlin/media/source/OriginalMediaSaveIntegrationTest.kt#videoPlaybackSingleThreadAutoAndZipSaveReuseTheSameOriginalWithoutParsing;shared/src/commonTest/kotlin/media/source/OriginalMediaSaveIntegrationTest.kt#exportsDoNotStartPromptParsingEvenWhenEnabled
generation-clear-playback-race	generation-metadata	キャッシュ削除に合流した動画の取得完了が破棄済みの生成情報を復活させない	BOTH	BOTH	UNIT	shared/src/jvmTest/kotlin/media/prompt/PromptMediaSourceTest.kt#playbackJoiningDuringCacheClearCannotRestoreTheDiscardedIdentity
generation-original-stream	generation-metadata	動画原本の共有読取基盤は受信途中と未到達シークを区別し設定切替と保存で再取得せず未完了ファイルを公開しない	BOTH	BOTH	UNIT	shared/src/commonTest/kotlin/media/source/OriginalMediaPlaybackTest.kt#playbackReadsPrefixBeforeCompletionAndDisplayExportShareOneTransfer;shared/src/commonTest/kotlin/media/source/OriginalMediaPlaybackTest.kt#failedStreamNeverReturnsFalseEofOrSilentlyRetriesWithDifferentBytes;shared/src/commonTest/kotlin/media/source/OriginalMediaStreamingIntegrationTest.kt#declaredVideoStreamsThroughSessionAndSettingsCycleWithOneGet;shared/src/commonTest/kotlin/media/source/OriginalMediaStreamingIntegrationTest.kt#chunkedVideoStreamsBeforeEofAndLatePromptEnableUsesTheSameBytes
generation-original-native-player	generation-metadata	ネイティブプレーヤー接続部品はHTTPを再度開かず同じMP4原本で寸法と時間と生成情報と保存を照合する	BOTH	BOTH	INTEGRATION	shared/src/iosTest/kotlin/media/source/IosOriginalMediaAssetTest.kt#nativePlayerAndPromptUseOneOriginalIncludingUnknownLengthAndTailMoov;app-android/src/androidTest/java/com/valoser/futacha/OriginalVideoPlaybackInstrumentedTest.kt#exoPlayerPromptAndExportShareOneTransferForKnownAndUnknownLength
navigation-android-detached-input	platform-navigation	予測型Backの入力解除・dispatcher破棄後に遅延した開始・進行・キャンセル・確定通知が来てもクラッシュせず後続の入力に影響しない	BOTH	ANDROID	INTEGRATION	app-android/src/test/java/com/valoser/futacha/NavigationEventInputRegressionTest.kt#lateBackEventsAfterInputRemovalAreIgnoredAndReplacementStillWorks;app-android/src/test/java/com/valoser/futacha/NavigationEventInputRegressionTest.kt#lateBackEventsAfterDispatcherDisposalAreIgnored;app-android/src/androidTest/java/com/valoser/futacha/NavigationEventBackCallbackInstrumentedTest.kt#removedInputIgnoresQueuedPlatformCallbacks;app-android/src/androidTest/java/com/valoser/futacha/NavigationEventBackCallbackInstrumentedTest.kt#disposedDispatcherIgnoresQueuedPlatformCallbacks
navigation-android-connected-input	platform-navigation	予測型Backのキャンセルでは遷移せず登録中のボタンBackは一度だけ実行する	BOTH	ANDROID	UNIT	app-android/src/test/java/com/valoser/futacha/NavigationEventInputRegressionTest.kt#connectedCancellationAndButtonBackKeepTheirSemantics
compat-viewer-initial-image	gallery-viewer	画像一覧の取得後にタップした画像を初期ページとして表示し、取得遅延や一覧の変化があっても別画像を先に描画しない	TOSHIAKI_COMPAT	ANDROID	ANDROID_UI	app-android/src/androidTest/java/com/valoser/futacha/CompatViewerGestureInstrumentedTest.kt#openingSecondImageNeverDrawsTheFirstViewerImage;app-android/src/androidTest/java/com/valoser/futacha/CompatViewerGestureInstrumentedTest.kt#openingByIdentityNeverDrawsAStaleIndexAfterSnapshotChanges
compat-native-watcher-rules	thread-history	内蔵巡回は板別キーワードの有効無効・順序・回線条件・正規化を保存し、外部アプリなしの空一覧から登録できる	TOSHIAKI_COMPAT	BOTH	INTEGRATION	shared/src/jvmTest/kotlin/compat/CompatWatcherRepositoryTest.kt#rulesMigrateScopeDisableReorderAndPersist;shared/src/jvmTest/kotlin/compat/CompatWatcherRepositoryTest.kt#networkPolicyHonorsDisableAndWifi;shared/src/jvmTest/kotlin/compat/CompatWatcherRepositoryTest.kt#matchingFoldsAsciiAndVoicedHalfwidthKana;app-android/src/androidTest/java/com/valoser/futacha/CompatSettingsSchemaInstrumentedTest.kt#emptyWatcherOpensManagerAndPersistsKeywordWithoutExternalApp
compat-native-watcher-log	thread-history	内蔵巡回結果は履歴と独立し、URL重複・期限・容量・更新競合・生存確認・永続化を管理する	TOSHIAKI_COMPAT	BOTH	INTEGRATION	shared/src/jvmTest/kotlin/compat/CompatWatcherRepositoryTest.kt#resultsAreIndependentDeduplicatedAndPreserveFirstDetection;shared/src/jvmTest/kotlin/compat/CompatWatcherRepositoryTest.kt#expirationAndCapacityAreBounded;shared/src/jvmTest/kotlin/compat/CompatWatcherRepositoryTest.kt#concurrentWritersAndStaleProbeDoNotLoseOrResurrectResults;shared/src/jvmTest/kotlin/compat/CompatWatcherRepositoryTest.kt#backgroundUsesScopedRulesAndConfirmsGoneWithoutTreatingNetworkFailureAsDead;app-android/src/androidTest/java/com/valoser/futacha/CompatSettingsSchemaInstrumentedTest.kt#nativeWatcherResultsSurviveRestartAndNeverDeleteBrowsingHistory
startup-profile-session	startup-profile	モード切替前の非同期結果を新モードへ混入させない	BOTH	BOTH	UNIT	shared/src/commonTest/kotlin/compat/ExperienceProfileSessionTest.kt#sessionResultRequiresSameActiveProfileAndGeneration
startup-profile-android	startup-profile	Androidでふたちゃが起動して操作可能な初期画面を表示する	FUTACHA	ANDROID	ANDROID_UI	app-android/src/androidTest/java/com/valoser/futacha/MainActivitySmokeTest.kt#launch_showsBoardManagementAndMenuActions
startup-profile-ios	startup-profile	iOSで両モードが起動して操作可能な初期画面を表示する	BOTH	IOS	IOS_UI	iosApp/iosAppUITests/IosAppUITests.swift#testFutachaProfileReachesForeground;iosApp/iosAppUITests/IosAppUITests.swift#testToshiakiCompatibilityProfileReachesForeground
board-edit-state	board-management	板の追加・移動・ピン状態を決定的に更新する	BOTH	BOTH	UNIT	shared/src/commonTest/kotlin/ui/board/BoardManagementScreenTest.kt#buildAddBoardValidationState_validatesUrlSchemeDuplicateAndSubmitState;shared/src/commonTest/kotlin/ui/board/BoardManagementScreenTest.kt#moveBoardSummary_movesWithinBoundsAndKeepsOutOfRangeUntouched;shared/src/commonTest/kotlin/ui/board/BoardManagementScreenTest.kt#toggleBoardSummaryPinned_changesOnlyTheRequestedBoard
board-drag-persistence	board-management	並べ替えハンドルの即時ドラッグをドロップ時に永続化し再描画後も順序を保つ	TOSHIAKI_COMPAT	ANDROID	ANDROID_UI	app-android/src/androidTest/java/com/valoser/futacha/CompatSettingsSchemaInstrumentedTest.kt#mainBoardHandleDragReordersAndPersistsOnDrop
compat-board-dialog-reference	board-management	old.apk／1.apkの板一覧取得・追加・長押し改名・削除Dialogについて題名・項目・検証順・正規化・確認文・ボタンを再現し追加／改名／削除を永続化する	TOSHIAKI_COMPAT	BOTH	INTEGRATION	shared/src/commonTest/kotlin/ui/compat/CompatBoardUpdateTest.kt#boardInputMatchesReferenceNormalizationAndErrorOrder;app-android/src/androidTest/java/com/valoser/futacha/CompatSettingsSchemaInstrumentedTest.kt#mainBoardDialogsMatchReferenceAndPersistAddEditDelete;iosApp/iosAppUITests/IosAppUITests.swift#testToshiakiBoardDialogsMatchOldAndFinalApk
compat-board-update-reference	board-management	板一覧取得は公式入力だけを受理して固定bbsmenuを取得し、旧URLを変換しながら二次元裏→img/dat→その他の順で新規板だけを末尾追加し既存名と順序を維持する	TOSHIAKI_COMPAT	BOTH	INTEGRATION	shared/src/commonTest/kotlin/ui/compat/CompatBoardUpdateTest.kt#boardUpdateAcceptsOnlyReferenceEntryAndUsesReferenceAliases;shared/src/commonTest/kotlin/ui/compat/CompatBoardUpdateTest.kt#parsesLegacyBbsmenuAndAddsSpecialBoards;shared/src/commonTest/kotlin/ui/compat/CompatBoardUpdateTest.kt#keepsExistingBoardIdentityAndManualUrl;shared/src/commonTest/kotlin/ui/compat/CompatBoardUpdateTest.kt#appliesReferenceLegacyMenuRewritesAndShelterFallback;app-android/src/androidTest/java/com/valoser/futacha/CompatSettingsSchemaInstrumentedTest.kt#mainBoardDialogsMatchReferenceAndPersistAddEditDelete;iosApp/iosAppUITests/IosAppUITests.swift#testToshiakiBoardDialogsMatchOldAndFinalApk
catalog-load-state	catalog	初回取得成功と失敗をローディング残留なしで反映する	FUTACHA	BOTH	UNIT	shared/src/commonTest/kotlin/ui/board/CatalogScreenSupportTest.kt#catalogExecutionSupport_initialLoadAppliesSuccessState;shared/src/commonTest/kotlin/ui/board/CatalogScreenSupportTest.kt#catalogExecutionSupport_initialLoadShowsBoardMissingError
catalog-refresh-position	catalog	更新後の差分を反映し設定OFFなら位置を維持・ONなら先頭へ戻して元画面へ復帰できる	TOSHIAKI_COMPAT	ANDROID	ANDROID_UI	app-android/src/androidTest/java/com/valoser/futacha/CompatSettingsSchemaInstrumentedTest.kt#catalogRefreshShowsReplyIncreaseFromThePreviousGeneration;app-android/src/androidTest/java/com/valoser/futacha/CompatSettingsSchemaInstrumentedTest.kt#catalogToolbarRefreshKeepsPositionWhenReferenceSettingIsOff;app-android/src/androidTest/java/com/valoser/futacha/CompatSettingsSchemaInstrumentedTest.kt#catalogToolbarRefreshReturnsToFirstRowWhenReferenceSettingIsOn;app-android/src/androidTest/java/com/valoser/futacha/CompatSettingsSchemaInstrumentedTest.kt#catalogScrollPositionSurvivesOpeningAndClosingThread
catalog-image-refresh-retry	catalog	カタログ画像の初回取得が失敗しても更新時に同じURLを再試行し、成功した画像へ置き換える	TOSHIAKI_COMPAT	ANDROID	ANDROID_UI	app-android/src/androidTest/java/com/valoser/futacha/CompatViewerGestureInstrumentedTest.kt#catalogReloadRetriesAVisibleImageThatPreviouslyFailed
catalog-reload-undo	catalog	ツールバーのUndoは閉じたスレ復元と区別し、リロード前のカタログを新しい順に最大4回前まで表示する	TOSHIAKI_COMPAT	BOTH	INTEGRATION	shared/src/commonTest/kotlin/compat/CompatibilityCoreTest.kt#toolbarMastersAndReconciliationPreserveLegacyCountsDefaultsAndUserOrder;shared/src/commonTest/kotlin/compat/CompatibilityOtherMenusTest.kt#catalogRoot_hasExactTargetOrderAndOnlyDefersCacheBackend;app-android/src/androidTest/java/com/valoser/futacha/CompatibilitySnapshotCacheInstrumentedTest.kt#catalogSnapshotIsAtomicNewestWinsAndKeepsSixGenerationsPerSort
thread-cold-load	thread-loading	キャッシュのない新規スレを手動更新なしで取得しWEBP／WEBM添付でも本文を覆い続けない	BOTH	BOTH	UNIT	shared/src/commonTest/kotlin/ui/compat/CompatThreadFetchTest.kt#coldOrEmptySnapshotAlwaysFetchesWithoutManualRefresh;shared/src/commonTest/kotlin/ui/board/ThreadScreenLoadLogicTest.kt#performThreadLoadWithOfflineFallback_usesArchiveAndOfflinePaths;app-android/src/androidTest/java/com/valoser/futacha/CompatSettingsSchemaInstrumentedTest.kt#webpAndWebmThreadColdLoadRevealsPostsWithoutManualRefresh
thread-real-cold-load	thread-loading	実板の未キャッシュスレが両モードで初回表示される	BOTH	IOS	DEVICE	iosApp/iosAppUITests/IosAppUITests.swift#testRealColdThreadsLoadWithoutManualRefresh
thread-compat-loading-motion	thread-loading	としあき仮の新規スレ取得中は中央のローディング画像が500ms周期で画素として動き続ける	TOSHIAKI_COMPAT	ANDROID	ANDROID_UI	app-android/src/androidTest/java/com/valoser/futacha/CompatSettingsSchemaInstrumentedTest.kt#threadInitialDefaultLoadingArtworkHasVisibleMotionWhileRequestIsBlocked
thread-compat-loading-theme	thread-loading	としあき仮のローディングはold.apk／1.apkのテーマ別専用色を使いブラックでも視認できる	TOSHIAKI_COMPAT	BOTH	UNIT	shared/src/commonTest/kotlin/compat/CompatibilityThemeTest.kt#loadingArtworkUsesTheDedicatedColorsFromBothReferenceApks
history-persistence	thread-history	履歴の差分・スクロール位置・削除状態を再起動後も保つ	BOTH	BOTH	UNIT	shared/src/commonTest/kotlin/state/AppStateStoreTest.kt#historyFileStore_migratesLegacyJsonIntoSplitFiles;shared/src/commonTest/kotlin/ui/FutachaAppTest.kt#futachaThreadMutationCallbacks_persistScrollPositionWithThreadContext
history-scroll-write-failure	thread-history	通常画面の閲覧位置保存が失敗しても閲覧を続け次の保存を実行できキャンセルと致命的エラーは伝播する	FUTACHA	BOTH	UNIT	shared/src/commonTest/kotlin/state/AppStateScrollPersistenceSupportTest.kt#debouncedWriteFailureDoesNotEscapeAndNextScrollCanSave;shared/src/commonTest/kotlin/state/AppStateScrollPersistenceSupportTest.kt#immediateWriteFailureKeepsUiScopeAlive;shared/src/commonTest/kotlin/state/AppStateScrollPersistenceSupportTest.kt#scrollWriteCancellationRemainsCancellation;shared/src/commonTest/kotlin/state/AppStateScrollPersistenceSupportTest.kt#fatalScrollWriteErrorStillReachesExceptionHandler
history-no-duplicate	thread-history	スレを開き直してもレス数やタブを重複加算しない	TOSHIAKI_COMPAT	ANDROID	ANDROID_UI	app-android/src/androidTest/java/com/valoser/futacha/CompatSettingsSchemaInstrumentedTest.kt#reopeningCatalogThreadDoesNotDuplicateItsReplyCount
posting-protocol	posting	スレ立て・返信の成功応答とサーバー失敗理由を解析する	BOTH	BOTH	INTEGRATION	shared/src/commonTest/kotlin/network/HttpBoardApiTest.kt#createThread_extractsThreadIdFromHtmlResponse;shared/src/commonTest/kotlin/network/HttpBoardApiTest.kt#replyToThread_throwsParsedServerErrorFromSuccessfulHttpResponse
posting-form-ui	posting	両モードの返信フォームから画像系添付操作へ到達できる	BOTH	IOS	IOS_UI	iosApp/iosAppUITests/IosAppUITests.swift#testFutachaProfileReachesForeground;iosApp/iosAppUITests/IosAppUITests.swift#testToshiakiCompatibilityProfileReachesForeground
posting-compat-modal-wait	posting	としあき仮の送信中はテーマ別50dpローディングを表示し戻る・背面操作を受け付けない	TOSHIAKI_COMPAT	ANDROID	ANDROID_UI	app-android/src/androidTest/java/com/valoser/futacha/CompatSettingsSchemaInstrumentedTest.kt#postSendUsesNonCancelableThemeLoadingDialogWhileRequestIsBlocked
posting-reference-ups-dialog	posting	あぷ小は参照どおり空コメント・記憶済み削除キーで開き、正確な題名・項目・送信文言を表示し、送信後は非キャンセル待機へ切り替える	TOSHIAKI_COMPAT	ANDROID	ANDROID_UI	shared/src/commonTest/kotlin/compat/CompatPostPlatformActionsTest.kt#upsUploadStartsWithEmptyCommentAndTheRememberedDeleteKey;app-android/src/androidTest/java/com/valoser/futacha/CompatSettingsSchemaInstrumentedTest.kt#postUpsUploadDialogMatchesReferenceCopyDefaultsAndNonDismissibleFlow
posting-reference-attachment-preview	posting	添付は名前欄より前で画像を幅150dp・横長比率、動画を100dp操作枠として表示し、ファイル名をその下へ置く	TOSHIAKI_COMPAT	ANDROID	ANDROID_UI	app-android/src/androidTest/java/com/valoser/futacha/CompatSettingsSchemaInstrumentedTest.kt#postAttachmentPreviewMatchesReferenceOrderDimensionsAndVideoAffordance
posting-reference-overflow-popup	posting	投稿ツールバーのその他は中央Dialogではなく参照APK同様に下部ツールバー直上へ全コマンドを並べ、有効状態を区別する	TOSHIAKI_COMPAT	ANDROID	ANDROID_UI	app-android/src/androidTest/java/com/valoser/futacha/CompatSettingsSchemaInstrumentedTest.kt#postOverflowUsesReferenceBottomPopupInsteadOfCenteredDialog
posting-reference-validation	posting	送信確認を先に表示してから空本文・削除キー不足をold.apk／1.apkと同じ文言で通知し、添付判定の全エラー文も一致させる	TOSHIAKI_COMPAT	ANDROID	ANDROID_UI	shared/src/commonTest/kotlin/compat/CompatPostPlatformActionsTest.kt#attachmentDecisionSeparatesEveryTargetErrorAndCompressionBoundary;app-android/src/androidTest/java/com/valoser/futacha/CompatSettingsSchemaInstrumentedTest.kt#postValidationMessagesMatchBothReferenceApks
posting-reference-picker	posting	添付とあぷ小の長押しは参照どおりファイル選択アプリ一覧を開き、選択したAndroidコンポーネントを次回の通常タップで再利用する	TOSHIAKI_COMPAT	ANDROID	ANDROID_UI	app-android/src/androidTest/java/com/valoser/futacha/CompatSettingsSchemaInstrumentedTest.kt#postAttachmentLongPressShowsTheReferenceRememberedPickerDialog
posting-drawing-geometry	posting	手書き画面はsample同様のFutaba背景上に幅90%・344対135の描画面を中央表示する	TOSHIAKI_COMPAT	BOTH	UNIT	shared/src/commonTest/kotlin/ui/compat/CompatDrawingRenderSupportTest.kt#drawingSurfaceMatchesTheReferenceApkDimensionsAndBackground
posting-drawing-brushes	posting	手書きは主筆の臙脂6・副筆のFutaba色24を3倍pxで描き、参照どおりの12色見本と1〜25の線幅を使う	TOSHIAKI_COMPAT	BOTH	UNIT	shared/src/commonTest/kotlin/ui/compat/CompatDrawingRenderSupportTest.kt#drawingBrushesAndTwelveColorPickerMatchBothReferenceApks
posting-drawing-brushes-android	posting	Android手書き画面で主筆・副筆・12色見本・リセットを実際に操作できる	TOSHIAKI_COMPAT	ANDROID	ANDROID_UI	app-android/src/androidTest/java/com/valoser/futacha/CompatSettingsSchemaInstrumentedTest.kt#postDrawingDialogsBrushesAndHelpMatchBothReferenceApks
posting-drawing-brushes-ios	posting	iOS手書き画面で主筆・副筆・12色見本・リセットを実際に操作できる	TOSHIAKI_COMPAT	IOS	IOS_UI	iosApp/iosAppUITests/IosAppUITests.swift#testToshiakiCompatibilityProfileReachesForeground
posting-drawing-output	posting	手書き保存は画面解像度に依存せず344×135へ縮小しFutaba色背景とdrawing_yyyyMMdd_HHmmss.pngで添付する	TOSHIAKI_COMPAT	BOTH	UNIT	shared/src/commonTest/kotlin/ui/compat/CompatDrawingRenderSupportTest.kt#drawingStrokesAreScaledIntoTheReference344By135Png
posting-drawing-output-android	posting	Androidの実PNGエンコーダーも344×135・Futaba色背景・参照ファイル名を生成する	TOSHIAKI_COMPAT	ANDROID	ANDROID_UI	app-android/src/androidTest/java/com/valoser/futacha/CompatSettingsSchemaInstrumentedTest.kt#postDrawingDialogsBrushesAndHelpMatchBothReferenceApks
posting-drawing-dialogs	posting	手書きのクリア・保存・未保存Backは参照の確認文を表示し、クリアは筆設定を変えず、ヘルプ往復でも描画状態を保つ	TOSHIAKI_COMPAT	ANDROID	ANDROID_UI	app-android/src/androidTest/java/com/valoser/futacha/CompatSettingsSchemaInstrumentedTest.kt#postDrawingDialogsBrushesAndHelpMatchBothReferenceApks
media-large-response	media	画像が多いスレの応答を旧5MiB制限で拒否しない	BOTH	BOTH	INTEGRATION	shared/src/commonTest/kotlin/network/HttpBoardApiTest.kt#fetchThread_acceptsImageHeavyResponseBeyondLegacyFiveMiBLimit
media-cache-policy	media	大量サムネイル用キャッシュと画像・動画フォールバック候補を維持する	BOTH	BOTH	UNIT	shared/src/commonTest/kotlin/ui/image/ImageLoaderProviderTest.kt#defaultCacheConfig_supportsLargeThumbnailCollections;shared/src/commonTest/kotlin/ui/image/ImageLoaderProviderTest.kt#resolveFutabaExtensionFallbackCandidates_tries_staticAndVideoCandidatesByDefault
image-memory-pressure	media	通常時の画像寸法・画質・cache・並列度を維持し、128/256/512MiB相当とOS memory warning時だけlarge・animated・動画を含む要求の並列度とmemory cacheを段階縮小してcancel後に復帰する	BOTH	BOTH	UNIT	shared/src/commonTest/kotlin/ui/image/ImageMemoryPressureTest.kt#normalPolicyPreservesConfiguredQualityCacheAndParallelismAtEveryMemoryClass;shared/src/commonTest/kotlin/ui/image/ImageMemoryPressureTest.kt#moderateAndCriticalPressureScale128256And512MiBConditionsInStages;shared/src/commonTest/kotlin/ui/image/ImageMemoryPressureTest.kt#requestWorkloadUsesDimensionsAndMediaTypeWithoutChangingRequestedSize;shared/src/commonTest/kotlin/ui/image/ImageMemoryPressureTest.kt#pressureSerializesLargeAnimatedAndVideoWorkThenRestoresConfiguredConcurrency;shared/src/commonTest/kotlin/ui/image/ImageMemoryPressureTest.kt#cancelledHeavyWorkAndRepeatedWarningsDoNotLeakPermitsOrShortenRecovery;shared/src/androidHostTest/kotlin/ui/image/ImageMemoryPressureAndroidTest.kt#trimMemorySignalsMapToBoundedPressureLevels;shared/src/iosTest/kotlin/ui/image/ImageMemoryPressureIosTest.kt#memoryWarningIsDeliveredUntilTheMonitorCloses
android-video-reopen-cache	gallery-viewer	Android動画は96MiBの単一LRU byte cacheでRange対応／非対応のMP4・WebM再オープン通信を再利用し、404とローカルURIは従来経路を維持する	BOTH	ANDROID	ANDROID_UI	app-android/src/androidTest/java/com/valoser/futacha/AndroidVideoPlaybackCacheInstrumentedTest.kt#reopeningSmallMp4AndLargeWebmTwentyTimesUsesOneUpstreamResponse;app-android/src/androidTest/java/com/valoser/futacha/AndroidVideoPlaybackCacheInstrumentedTest.kt#repeatedSeekRangeIsCachedForRangeAndNonRangeServers;app-android/src/androidTest/java/com/valoser/futacha/AndroidVideoPlaybackCacheInstrumentedTest.kt#missingVideoIsNotCachedAsAStaleSuccess;app-android/src/androidTest/java/com/valoser/futacha/AndroidVideoPlaybackCacheInstrumentedTest.kt#localFileUriKeepsTheOriginalDirectReadPath;app-android/src/androidTest/java/com/valoser/futacha/PlatformVideoPlayerAndroidTest.kt#platformVideoPlayer_usesSymmetricTenSecondTransportControls
ios-video-native-route	gallery-viewer	iOS動画はMP4・M4V・MOVをAVPlayerへ分岐し、WebMと形式不明は従来のWKWebView経路を維持する	BOTH	IOS	UNIT	shared/src/commonTest/kotlin/ui/board/VideoPlayerSupportTest.kt#iosPlaybackBackendRoutesAppleContainersToAvPlayerAndKeepsWebmInWebView
ios-webm-thumbnail-priority	gallery-viewer	iOSのWebMサムネイルはWebView同時数1を維持し、表示要求をカタログfallbackより優先して待機中cancel後もpermitを漏らさず、CoilのUri変換後も動画Fetcherへ到達する	BOTH	IOS	UNIT	shared/src/commonTest/kotlin/ui/image/VideoThumbnailPriorityGateTest.kt#visibleWorkPassesQueuedPrefetchWithoutIncreasingConcurrency;shared/src/commonTest/kotlin/ui/image/VideoThumbnailPriorityGateTest.kt#cancelledPrefetchLeavesNoWorkOrPermitLeak;shared/src/commonTest/kotlin/ui/image/VideoThumbnailPriorityGateTest.kt#oneFourAndEightColdRequestsRemainStrictlySingleWorker;shared/src/iosTest/kotlin/ui/image/IosVideoFrameFetcherFactoryTest.kt#coilUriMappingStillRoutesSupportedVideosToTheThumbnailFetcher
catalog-thumbnail-quality	catalog	低画質設定はcat画像、通常設定はthumb画像を使い分け、携帯回線時は1.apkと同じ従量制判定に従い、設定変更後に低解像度キャッシュを表示し続けない	TOSHIAKI_COMPAT	BOTH	UNIT	shared/src/commonTest/kotlin/compat/CompatMediaSupportTest.kt#catalogLowQualityUsesSeparateCatUrlAndReturnsToThumb;shared/src/commonTest/kotlin/compat/CompatMediaSupportTest.kt#catalogMobileEcoUsesTheFinalApkMeteredPolicy
gallery-classification	gallery-viewer	画像・動画を添付一覧へ欠落なく分類し拡張子を表示する	BOTH	BOTH	UNIT	shared/src/commonTest/kotlin/ui/board/ThreadAttachmentGallerySupportTest.kt#buildThreadAttachmentGalleryItems_assigns_expected_badges
gallery-reference-interaction	gallery-viewer	としあき仮の画像一覧は正方形Fit表示・形式バッジ・sample同順メニューを維持し、保存モードでは画像・動画の複数選択とZIP／フォルダ一括保存を提供する	TOSHIAKI_COMPAT	ANDROID	ANDROID_UI	shared/src/commonTest/kotlin/compat/CompatMediaSupportTest.kt#gallerySaveModeSelectsMediaForZipOrFolderBatchSave;app-android/src/androidTest/java/com/valoser/futacha/CompatSettingsSchemaInstrumentedTest.kt#galleryMatchesApkSquareGridSaveModeAndOverflowCommands
gallery-apng-marker	gallery-viewer	PNGのAPNG判定は先頭1MiB以内のacTLだけを読みIDAT後を誤判定しない	TOSHIAKI_COMPAT	BOTH	UNIT	shared/src/commonTest/kotlin/compat/CompatMediaSupportTest.kt#apngMarkerDetectionIsBoundedAndStopsBeforeImageData
viewer-reverse-search-browser	gallery-viewer	類似画像検索の結果はsample同様にアプリ内で表示し、戻る・進む・閉じる・外部ブラウザを備え危険URLを拒否する	TOSHIAKI_COMPAT	BOTH	UNIT	shared/src/commonTest/kotlin/compat/CompatMediaSupportTest.kt#reverseImageSearchBrowserAcceptsOnlyBoundedHttpUrls
viewer-video-info	gallery-viewer	動画情報は形式・容量・解像度に加え取得可能なcodec・fps・bitrate・音声・長さを表示する	TOSHIAKI_COMPAT	BOTH	UNIT	shared/src/commonTest/kotlin/ui/board/VideoPlayerSupportTest.kt#videoMediaInfoFormatsTheTechnicalRowsShownByTheReferenceViewer
viewer-gestures	gallery-viewer	Viewerの前後移動・ピンチ・パンを競合なく処理する	BOTH	ANDROID	ANDROID_UI	app-android/src/androidTest/java/com/valoser/futacha/CompatViewerGestureInstrumentedTest.kt#pinchZoomOwnsPanAndPreventsPagerOrDismissUntilReset;app-android/src/androidTest/java/com/valoser/futacha/CompatViewerGestureInstrumentedTest.kt#viewerSwipeMovesToNextAndPreviousImage
saving-heavy-thread	saving	1000レス級の画像・動画を3000媒体・3時間の予算で扱い、保存中の無通信だけを30秒で打ち切って残りを継続する	BOTH	BOTH	UNIT	shared/src/commonTest/kotlin/service/ThreadSaveServiceTest.kt#defaultMediaLimit_coversImageHeavyThousandReplyThreads
saving-roundtrip	saving	本文・画像・動画・メタデータを保存し削除と復元を往復できる	BOTH	BOTH	INTEGRATION	shared/src/commonTest/kotlin/service/ThreadSaveServiceTest.kt#saveThread_writesMetadataAndRawHtmlWithRewrittenPaths;shared/src/commonTest/kotlin/repository/SavedThreadRoundTripTest.kt#saveIndexLoadAndDelete_roundTripsSavedThreadMetadata
saving-reference-progress	saving	としあき仮のスレ保存は参照APKどおり固定題名・全体／個別の2本の進捗・キャンセルを表示し、Backや外側タップでは閉じない	TOSHIAKI_COMPAT	ANDROID	ANDROID_UI	app-android/src/androidTest/java/com/valoser/futacha/CompatSettingsSchemaInstrumentedTest.kt#threadSaveProgressMatchesReferenceTitleBarsAndNonDismissibleFlow
tts-content	tts	両モードでURL・引用だけの行・削除通知を除外し、長文を欠落なく分割しつつ互換モードは1レス単位で表示位置と同期する	BOTH	BOTH	UNIT	shared/src/commonTest/kotlin/ui/board/ThreadScreenLoadLogicTest.kt#buildReadAloudSegments_skipsDeletedQuotesUrlsAndDeletionNotices;shared/src/commonTest/kotlin/ui/compat/CompatReadAloudBatchSupportTest.kt#largePostIsSplitWithoutDroppingItsRemainder;shared/src/commonTest/kotlin/ui/compat/CompatReadAloudBatchSupportTest.kt#urlsAndReferenceSystemNoticesAreExcludedPerPost
tts-controls-android	tts	Androidのスレ画面から再生・一時停止・停止・位置変更へ到達できる	FUTACHA	ANDROID	ANDROID_UI	app-android/src/androidTest/java/com/valoser/futacha/MainActivitySmokeTest.kt#historyEntry_opensReadAloudPlayerWithPlaybackControls
tts-controls-ios	tts	iOSのスレ画面から再生・一時停止・停止・位置変更へ到達できる	FUTACHA	IOS	IOS_UI	iosApp/iosAppUITests/IosAppUITests.swift#testFutachaThreadExposesReadAloudPlaybackControls
tts-compat-entry	tts	としあき仮の読み上げは参照APKの全幅・題名なし現在レス表示を開き、閉じる操作で音声と表示を停止する	TOSHIAKI_COMPAT	BOTH	INTEGRATION	app-android/src/androidTest/java/com/valoser/futacha/CompatSettingsSchemaInstrumentedTest.kt#threadPostAndScrollDialogsMatchReferenceLabelsAndConfirmationFlow;iosApp/iosAppUITests/IosAppUITests.swift#testToshiakiThreadExposesReadAloudCommand
tts-language-unavailable	tts	日本語音声が端末にない場合は初期化成功と誤認せず、両モードで参照どおり日本語TTS不足を通知する	BOTH	BOTH	UNIT	shared/src/commonTest/kotlin/ui/board/ThreadScreenSaveActionLogicTest.kt#threadSaveAndReadAloudMessages_matchUiCopy;shared/src/commonTest/kotlin/ui/compat/CompatReadAloudBatchSupportTest.kt#missingJapaneseVoiceKeepsTheReferenceErrorInsteadOfGenericFallback
theme-color-contract	theme	全パレットの明暗色とシステムバー色を独立して解決する	FUTACHA	BOTH	UNIT	shared/src/commonTest/kotlin/ui/theme/FutachaThemeContractTest.kt#everyPaletteHasIndependentLightAndDarkColorContracts;shared/src/commonTest/kotlin/ui/theme/FutachaThemeContractTest.kt#nonBlackLightThemesUseDarkSystemBarIconsOnlyInLightMode
theme-day-night-policy	theme	ふたちゃの端末追従／固定明色／固定暗色と、としあき仮の手動6テーマを混同しない	BOTH	BOTH	UNIT	shared/src/commonTest/kotlin/ui/theme/FutachaThemeContractTest.kt#systemModeFollowsDayNightWhileExplicitModesRemainFixed;shared/src/commonTest/kotlin/compat/CompatibilityThemeTest.kt#baseColorsMatchTheReferenceApkResources
theme-futacha-thread-day-night	theme	ふたちゃのスレ本文だけが日中配色へ戻らず、全4パレットの昼夜で本文・題名・名前・日時・引用・リンク色のコントラストを維持し、テーマ切替後も注釈キャッシュへ旧色を残さない	FUTACHA	BOTH	UNIT	shared/src/commonTest/kotlin/ui/theme/FutachaThemeContractTest.kt#classicThreadKeepsLegacyDayColorsButNeverForcesThemIntoNightMode;shared/src/commonTest/kotlin/ui/theme/FutachaThemeContractTest.kt#everyPaletteThreadHeaderBodyQuoteAndLinkTokensRemainReadableInDayAndNight
theme-compat-night-isolation	theme	としあき仮の手動Futaba／Blackテーマへ端末側の夜間Material配色を混入させない	TOSHIAKI_COMPAT	ANDROID	ANDROID_UI	app-android/src/androidTest/java/com/valoser/futacha/CompatSettingsSchemaInstrumentedTest.kt#compatibilityStartupWaitsForPreferencesBeforePaintingSelectedPalette
theme-compat-status-cursor	theme	としあき仮のFutabaは茶色ステータスバーと白アイコンを使い、Blackの入力カーソルは1.apk同様に白くする	TOSHIAKI_COMPAT	BOTH	INTEGRATION	shared/src/commonTest/kotlin/compat/CompatibilityThemeTest.kt#baseColorsMatchTheReferenceApkResources;app-android/src/androidTest/java/com/valoser/futacha/CompatSettingsSchemaInstrumentedTest.kt#futabaThemeUsesReferenceBrownStatusBarWithWhiteIcons
theme-compat-thread-colors	theme	としあき仮の6テーマごとに本文・題名・名前・メール・日時・No.・ID/IP・返信数・そうだね・ファイル名・引用・通常リンク・自分の投稿・自分宛返信色をold.apk／1.apkへ合わせる	TOSHIAKI_COMPAT	BOTH	INTEGRATION	shared/src/commonTest/kotlin/compat/CompatibilityThemeTest.kt#threadHeaderAndBodyColorsMatchBothReferenceApks;shared/src/commonTest/kotlin/compat/CompatibilityThemeTest.kt#selfPostAndSelfQuoteClassificationMatchesReferenceHeaderPositions;app-android/src/androidTest/java/com/valoser/futacha/CompatSettingsSchemaInstrumentedTest.kt#blackThreadRendersOwnPostSelfQuoteUrlAndQuoteWithReferenceColors
theme-compat-undo-action	theme	としあき仮の閉じたスレ／落ちたスレの「元に戻す」は1.apkの6テーマ別action色をルート・カタログ・履歴drawerすべてで使う	TOSHIAKI_COMPAT	BOTH	UNIT	shared/src/commonTest/kotlin/compat/CompatibilityThemeTest.kt#closedThreadUndoActionUsesEveryFinalApkThemeAttribute
theme-compat-design-raw	theme	としあき仮のテーマ／ローディング／タブ位置はold.apk／1.apkと同じ英字raw値を保存し、旧版の日本語保存値も読み込める	TOSHIAKI_COMPAT	BOTH	UNIT	shared/src/commonTest/kotlin/compat/CompatPreferenceSchemaTest.kt#designChoicesPersistTheExactReferenceApkRawValuesAndReadLegacyJapaneseValues;shared/src/commonTest/kotlin/compat/CompatibilityCoreTest.kt#legacySettingBackup_mapsSafeSettingsToCompatStorageKeys
theme-compat-design-android	theme	Androidのデザイン設定は参照6テーマ・raw永続化・再描画通知・本文なしのカスタムフォント3ボタンDialogを実画面で維持する	TOSHIAKI_COMPAT	ANDROID	ANDROID_UI	app-android/src/androidTest/java/com/valoser/futacha/CompatSettingsSchemaInstrumentedTest.kt#designSettingsPersistReferenceRawValuesAndShowExactRedrawAndFontDialogs
theme-compat-design-ios	theme	iOSのデザイン設定も参照6テーマ・再描画通知・カスタムフォント3ボタンDialogを実画面で維持する	TOSHIAKI_COMPAT	IOS	IOS_UI	iosApp/iosAppUITests/IosAppUITests.swift#testToshiakiDesignSettingsExposeReferenceChoicesNoticeAndFontDialog
theme-cross-screen	theme	スレから開いた設定が選択済みテーマを継承する	BOTH	IOS	IOS_UI	iosApp/iosAppUITests/IosAppUITests.swift#testLightClassicThemeReachesSettingsFromThread
settings-decode	settings	全設定の欠損・破損・旧値を安全な既定値へ復元する	BOTH	BOTH	UNIT	shared/src/commonTest/kotlin/state/AppStateSettingsSupportTest.kt#menuConfigDecoders_fallBackToDefaultsWhenInputIsMissingOrInvalid;shared/src/commonTest/kotlin/state/AppStateSettingsSupportTest.kt#decodeCatalogGridColumnsValue_clampsToSupportedRange
settings-navigation	settings	子画面から戻ると設定ルートとスクロール位置へ復帰する	TOSHIAKI_COMPAT	ANDROID	ANDROID_UI	app-android/src/androidTest/java/com/valoser/futacha/CompatSettingsSchemaInstrumentedTest.kt#settingsRootScrollPositionSurvivesReturningFromChildPage
settings-reference-domains	settings	としあき仮の列数・タイトル長・スレ数・自動スクロール・並列数はold.apk／1.apkと同じ文言・値域・保存値を使う	TOSHIAKI_COMPAT	BOTH	UNIT	shared/src/commonTest/kotlin/compat/CompatPreferenceSchemaTest.kt#exactDiscreteDomainsMatchApk
settings-reference-thread-screen	settings	スレッド設定は全般／画面表示／抽出する閾値の3カテゴリと16項目だけを参照順・値域・raw保存値で表示し、あぷ小は表示するを初期値にし、画像NGしきい値を混入させない	TOSHIAKI_COMPAT	BOTH	INTEGRATION	shared/src/commonTest/kotlin/compat/CompatPreferenceSchemaTest.kt#threadSettingsMatchTheFinalApkGroupsDefaultsAndStoredValues;app-android/src/androidTest/java/com/valoser/futacha/CompatSettingsSchemaInstrumentedTest.kt#threadDisplayOptionsMatchReferenceActivityPersistRawValuesAndReturnDirectly;iosApp/iosAppUITests/IosAppUITests.swift#testToshiakiCompatibilityProfileReachesForeground
settings-reference-direct-child-back	settings	Catalog／Thread／Viewerから表示オプションを直接開いた場合は専用設定ActivityのBackで呼出画面へ直帰し、設定rootから入った子画面だけrootへ戻る	TOSHIAKI_COMPAT	BOTH	INTEGRATION	shared/src/commonTest/kotlin/compat/CompatibilityCoreTest.kt#directlyOpenedSettingsChildFinishesBackToItsActualCaller;shared/src/commonTest/kotlin/compat/CompatibilityCoreTest.kt#settingsChildBackReturnsToSettingsRoot_beforeReturningToCaller;app-android/src/androidTest/java/com/valoser/futacha/CompatSettingsSchemaInstrumentedTest.kt#threadDisplayOptionsMatchReferenceActivityPersistRawValuesAndReturnDirectly;iosApp/iosAppUITests/IosAppUITests.swift#testToshiakiCompatibilityProfileReachesForeground
settings-reference-control-screen	settings	old.apk／1.apkの操作設定は5カテゴリ9項目を参照順で保ち、4つのListPreferenceを参照raw値で永続化・実行し、現行追加項目は独立した拡張カテゴリへ分離する	TOSHIAKI_COMPAT	BOTH	INTEGRATION	shared/src/commonTest/kotlin/compat/CompatPreferenceSchemaTest.kt#controlSettingsKeepTheFinalApkRowsAndRawValuesAheadOfIsolatedExtensions;app-android/src/androidTest/java/com/valoser/futacha/CompatSettingsSchemaInstrumentedTest.kt#controlSettingsMatchReferenceRowsPersistRawValuesAndIsolateExtensions;app-android/src/androidTest/java/com/valoser/futacha/CompatSettingsSchemaInstrumentedTest.kt#selectorUpdateCheckUsesAllTabProbeInsteadOfReloadingCatalog;iosApp/iosAppUITests/IosAppUITests.swift#testToshiakiCompatibilityControlSettingsMatchReferenceRowsAndPersist
settings-reference-image-search-description	settings	類似画像検索設定は1.apkと同じFile方式とURL方式の対象・落ちスレ制限を利用者に説明する	TOSHIAKI_COMPAT	BOTH	UNIT	shared/src/commonTest/kotlin/compat/CompatPreferenceSchemaTest.kt#imageSearchExplainsTheReferenceFileAndUrlModes
settings-reference-removable-cache	settings	外部SDキャッシュは1.apkと同じく実際の装着状態を判定し、利用不可時は選択値を保存しない	TOSHIAKI_COMPAT	BOTH	UNIT	shared/src/commonTest/kotlin/compat/CompatPreferenceSchemaTest.kt#removableCacheChoiceShowsUnavailableWithoutPretendingItCanBeSelected
posting-reference-mail-presets	posting	スレ立てはID表示／IP表示／sage、返信はsageだけを表示し、小文字コマンド値でメール欄全体を置き換える。リセットはスレ立て内容を空にし返信では開始時下書きを戻す	TOSHIAKI_COMPAT	BOTH	UNIT	shared/src/commonTest/kotlin/ui/compat/CompatMailPresetTest.kt#buildShowsIdIpAndSageWhileReplyShowsOnlySage;shared/src/commonTest/kotlin/ui/compat/CompatMailPresetTest.kt#replyFormKeepsAllThreeMailPresetsFunctional;shared/src/commonTest/kotlin/ui/compat/CompatMailPresetTest.kt#buildFormPreservesLegacyPresetReplacement;shared/src/commonTest/kotlin/ui/compat/CompatMailPresetTest.kt#resetClearsBuildContentButRestoresTheOpeningReplyDraft
thread-reference-ng-extraction-actions	thread-interaction	NG抽出結果は1.apkと同じくタップでDEL確認、長押しで本人削除へ分岐する	TOSHIAKI_COMPAT	BOTH	UNIT	shared/src/commonTest/kotlin/compat/CompatibilityCoreTest.kt#ngExtractionUsesTheReferenceTapAndLongPressActions
settings-reference-toolbar-defaults	settings	Catalog・Thread・Viewer・Postの全コマンド順と初期表示状態をsampleのDB初期値へ一致させ旧キーを移行する	TOSHIAKI_COMPAT	BOTH	UNIT	shared/src/commonTest/kotlin/compat/CompatibilityCoreTest.kt#toolbarMastersAndReconciliationPreserveLegacyCountsDefaultsAndUserOrder
settings-reference-toolbar-editor	settings	4種類のツールバー編集は60dp行・左20dp・30dpアイコン・50dpハンドルと下端の無効／有効40dpプレビューを使い変更を即時保存する	TOSHIAKI_COMPAT	ANDROID	ANDROID_UI	app-android/src/androidTest/java/com/valoser/futacha/CompatSettingsSchemaInstrumentedTest.kt#allReferenceToolbarEditorsUseTwoBottomPreviewsAndPersistImmediately
settings-reference-toolbar-editor-ios	settings	iOSでもカタログの無効／有効2段プレビューを表示し変更直後に戻っても設定を失わない	TOSHIAKI_COMPAT	IOS	IOS_UI	iosApp/iosAppUITests/IosAppUITests.swift#testToshiakiCatalogToolbarEditorMatchesReferencePreviewsAndImmediateSave
settings-reference-post-overflow	settings	投稿ツールバーのその他は非表示コマンドがある時だけ表示し全項目有効なら消す	TOSHIAKI_COMPAT	BOTH	UNIT	shared/src/commonTest/kotlin/compat/CompatibilityCoreTest.kt#postToolbarOnlyShowsOverflowWhileACommandIsHidden
settings-reference-toolbar-refresh-target	settings	リロードは現在内容、更新の確認は開いている全スレを対象にし同一操作へ混同しない	TOSHIAKI_COMPAT	BOTH	UNIT	shared/src/commonTest/kotlin/compat/CompatibilityCoreTest.kt#toolbarMastersAndReconciliationPreserveLegacyCountsDefaultsAndUserOrder
settings-image-ng-phash	settings	画像NGの類似度は0〜16・初期値8と判定目安を示し、操作中は保存せず保存ボタンで確定する	TOSHIAKI_COMPAT	BOTH	UNIT	shared/src/commonTest/kotlin/compat/CompatImagePhashTest.kt#thresholdDefaultsAndGuideMatchTheReferenceImageNgDialog
settings-image-ng-metadata	settings	画像NGはサムネイル・メモ・登録日・適用範囲を表示編集しバックアップ後もメモを失わない	TOSHIAKI_COMPAT	BOTH	INTEGRATION	shared/src/commonTest/kotlin/compat/CompatibilityPreferenceValidationTest.kt#validatesNgRulePersistenceBoundaries;app-android/src/androidTest/java/com/valoser/futacha/CompatibilitySettingsBackupInstrumentedTest.kt#settingsBackupRoundTripIsBoundedAndTransactional
settings-image-ng-scope	settings	画像NGの「この板のみ」は同じ板の全スレへ適用し、旧版で誤保存したタブ単位ルールも読める	TOSHIAKI_COMPAT	BOTH	UNIT	shared/src/commonTest/kotlin/compat/CompatibilityPreferenceValidationTest.kt#threadImageNgUsesBoardScopeAndReadsLegacyTabScopedRules
thread-image-ng-board-filter	thread-interaction	板単位の画像NGは同じ板のスレ本文とNG抽出の両方に適用し別板に混入しない	TOSHIAKI_COMPAT	BOTH	UNIT	shared/src/commonTest/kotlin/compat/CompatibilityCoreTest.kt#threadImageNgUsesBoardScopeInContentAndNgExtraction
settings-image-ng-progress	settings	カタログの画像NG判定中は処理済み件数と総件数を表示し完了後に消す	TOSHIAKI_COMPAT	BOTH	UNIT	shared/src/commonTest/kotlin/compat/CompatImagePhashTest.kt#thresholdDefaultsAndGuideMatchTheReferenceImageNgDialog
background-policy	background-refresh	無効・待機中・失敗時バックオフのスケジュールを決定する	BOTH	BOTH	UNIT	shared/src/commonTest/kotlin/background/BackgroundRefreshSupportTest.kt#resolveBackgroundRefreshScheduleAction_handles_disabled_pending_and_backoff
background-platform	background-refresh	Android WorkerとiOS履歴更新が失敗・世代変更を安全に処理する	BOTH	BOTH	INTEGRATION	app-android/src/test/java/com/valoser/futacha/HistoryRefreshWorkerSupportTest.kt#shouldRetryBackgroundRefreshFailure_requiresRetriableErrorAndRemainingAttempts;shared/src/iosTest/kotlin/compat/IosExperienceProfileStoreTest.kt#compatibilityHistoryRefreshUpdatesPersistedTabsAndHistory
network-bounds	network-parser	切断を再試行しContent-Lengthなしの過大応答も拒否する	BOTH	BOTH	INTEGRATION	shared/src/commonTest/kotlin/network/HttpBoardApiTest.kt#fetchThread_recoversFromClosedConnectionWithoutManualReload;shared/src/commonTest/kotlin/network/HttpBoardApiTest.kt#boundedResponseReader_rejectsOversizedBodyWithoutContentLength
parser-thousand-thread	network-parser	1000レス級本文とHTML実体参照を欠落させず解析する	BOTH	BOTH	UNIT	shared/src/commonTest/kotlin/parser/ThreadHtmlParserCoreTest.kt#parseThread_keepsAllMediaAcrossOneThousandReplies;shared/src/commonTest/kotlin/parser/HtmlEntityDecoderTest.kt#decodesNamedDecimalHexAndSupplementaryCodePointsTogether
navigation-back	platform-navigation	ドロワー操作中のBackと設定子画面Backを正しい所有者へ渡す	BOTH	BOTH	UNIT	shared/src/commonTest/kotlin/compat/CompatibilityCoreTest.kt#settingsChildBackReturnsToSettingsRoot_beforeReturningToCaller;shared/src/commonTest/kotlin/compat/CompatibilityCoreTest.kt#openingHostAlwaysClearsDrawerState
navigation-android-thread-drawer-gesture	platform-navigation	Android14以降のスレ左端ジェスチャーは200dp除外範囲外でも履歴を開き、右端・ボタンBack・検索・キャンセル・画面離脱を保護する	BOTH	ANDROID	ANDROID_UI	app-android/src/androidTest/java/com/valoser/futacha/ThreadDrawerBackGestureInstrumentedTest.kt#leftEdgeAtEveryHeightOpensHistoryAndRightEdgeClosesIt;app-android/src/androidTest/java/com/valoser/futacha/ThreadDrawerBackGestureInstrumentedTest.kt#cancelledLeftEdgeKeepsThreadAndCenterPagingAndRightBackStillWork;app-android/src/androidTest/java/com/valoser/futacha/ThreadDrawerBackGestureInstrumentedTest.kt#searchLeftEdgeDismissesSearchInsteadOfOpeningHistory;app-android/src/androidTest/java/com/valoser/futacha/ThreadDrawerBackAnimationCallbackTest.kt#leftCommitOpensDrawerButRightButtonAndCancellationDoNot;app-android/src/androidTest/java/com/valoser/futacha/ThreadDrawerBackAnimationCallbackTest.kt#changingScreenDuringGestureDoesNotOpenDrawerOrNavigateSuccessor;app-android/src/androidTest/java/com/valoser/futacha/ThreadDrawerBackGestureInstrumentedTest.kt#modernThreadSystemLeftEdgeOpensHistoryAndRightEdgeKeepsBack
navigation-ios-edge-owner	platform-navigation	iOSとしあき仮のMain／Catalog／Thread左端スワイプはUIKit Backやモード切替に奪われずドロワーだけを開く	TOSHIAKI_COMPAT	IOS	IOS_UI	iosApp/iosAppUITests/IosAppUITests.swift#testToshiakiLeftEdgeSwipeIsOwnedByDrawerWithoutBackOrProfileSwitch
navigation-deeplink	platform-navigation	Deep Linkを再生成後も保持し偽装ホストを拒否する	BOTH	ANDROID	ANDROID_UI	app-android/src/androidTest/java/com/valoser/futacha/MainActivityDeepLinkLifecycleInstrumentedTest.kt#pendingThreadIntentSurvivesActivityStateRecreation;app-android/src/test/java/com/valoser/futacha/PendingPlatformDeepLinksTest.kt#deepLinkBoundaryRejectsLookalikeHostsAndOversizedPayloads
navigation-inline-thread-url	platform-navigation	としあき仮のレス中ふたばスレURLは登録板なら内部タブへ開き、未登録板は通知し、通常URLだけ外部へ渡す	TOSHIAKI_COMPAT	BOTH	UNIT	shared/src/commonTest/kotlin/compat/CompatibilityInlineLinksTest.kt#futabaThreadLinksOpenInsideOnlyForRegisteredBoards;shared/src/commonTest/kotlin/compat/CompatibilityInlineLinksTest.kt#futabaLookalikeHostNeverRoutesInsideTheApp
navigation-inline-thread-url-android	platform-navigation	Androidとしあき仮でレス中の登録済みふたばスレURLをタップすると外部化せず既存タブへ切り替わる	TOSHIAKI_COMPAT	ANDROID	ANDROID_UI	app-android/src/androidTest/java/com/valoser/futacha/CompatSettingsSchemaInstrumentedTest.kt#replyFutabaThreadUrlSwitchesToTheRegisteredThreadInsideCompatibilityMode
layout-insets	accessibility-layout	末尾項目と40dp下部操作をジェスチャー／3ボタンのシステムナビゲーション領域へ重ねない	BOTH	ANDROID	ANDROID_UI	app-android/src/androidTest/java/com/valoser/futacha/CompatSettingsSchemaInstrumentedTest.kt#boardListLastItemCanScrollAboveSystemNavigationBar;app-android/src/androidTest/java/com/valoser/futacha/CompatSettingsSchemaInstrumentedTest.kt#catalogBottomBarClearsCurrentSystemNavigationMode;app-android/src/androidTest/java/com/valoser/futacha/CompatSettingsSchemaInstrumentedTest.kt#compatibilityThreadRendersLiteralAndNumericEmojiWithoutReplacement;app-android/src/androidTest/java/com/valoser/futacha/CompatSettingsSchemaInstrumentedTest.kt#postSendUsesNonCancelableThemeLoadingDialogWhileRequestIsBlocked
layout-orientation	accessibility-layout	回転後もカタログとスレ操作を画面内でタップできる	TOSHIAKI_COMPAT	IOS	IOS_UI	iosApp/iosAppUITests/IosAppUITests.swift#testToshiakiCompatibilityProfileWorksInLandscape
cookies-scope	cookies	Secure・domain・path・host-only条件に従ってCookieを送信する	BOTH	BOTH	UNIT	shared/src/commonTest/kotlin/network/PersistentCookieStorageTest.kt#get_and_hasValidCookieFor_applySecureDomainPathAndPreferredNameFilters;shared/src/commonTest/kotlin/network/PersistentCookieStorageTest.kt#hostOnlyCookieIsNotSentToChildSubdomains
cookies-recovery	cookies	破損バックアップ復旧と個別・全削除を永続化する	BOTH	BOTH	INTEGRATION	shared/src/commonTest/kotlin/network/PersistentCookieStorageTest.kt#listCookies_restoresFromBackupWhenPrimaryFileIsCorrupted;shared/src/commonTest/kotlin/network/PersistentCookieStorageTest.kt#removeCookie_and_clearAll_updatePersistedStorage
archive-routing	archive	板・スレURLをアーカイブ候補へ正規化し不正入力を拒否する	BOTH	BOTH	UNIT	shared/src/commonTest/kotlin/network/ArchiveSearchTest.kt#buildInqueuetArchiveThreadUrlFromUrl_requiresThreadPath;shared/src/commonTest/kotlin/network/ArchiveSearchTest.kt#archiveSearch_rejectsOversizedQueriesAndThreadIds
archive-fallback	archive	消滅スレをアーカイブで表示し一時障害を消滅扱いしない	TOSHIAKI_COMPAT	BOTH	INTEGRATION	shared/src/commonTest/kotlin/ui/compat/CompatThreadFetchTest.kt#goneLiveThreadCanStillBeViewedFromArchiveButIsMarkedGone;shared/src/commonTest/kotlin/ui/compat/CompatThreadFetchTest.kt#transientLiveFailureDoesNotMarkArchiveCopyAsGone
ai-command-safety	ai-actions	未知・過大・危険なAIコマンドを拒否し確認要否を保持する	BOTH	BOTH	UNIT	shared/src/commonTest/kotlin/ai/FutachaAiCommandTest.kt#oversizedDeepLinkIsRejectedBeforeParsing;shared/src/commonTest/kotlin/ai/FutachaAiCommandTest.kt#commandReceptionUsesActionSpecificConfirmationReason
ai-command-routing	ai-actions	画面操作コマンドを板・スレ・設定・保存先へ正しく配送する	BOTH	BOTH	INTEGRATION	shared/src/commonTest/kotlin/ui/FutachaAiCommandRouterTest.kt#openThreadUrlResolvesBoardWithFutabaPhpUrl;shared/src/commonTest/kotlin/ui/FutachaAiCommandRouterTest.kt#openSavedThreadsSelectsSavedThreadsDestination
app-lock-password	app-lock	パスワードをsalt付きで検証し不正・短すぎる入力を拒否する	BOTH	BOTH	UNIT	shared/src/commonTest/kotlin/state/AppLockPasswordSupportTest.kt#verifiesPasswordAgainstStoredHash;shared/src/commonTest/kotlin/state/AppLockPasswordSupportTest.kt#validatesMinimumPasswordLength
app-lock-lifecycle	app-lock	復帰時ロックと失敗回数待機を時刻異常でも破綻させない	BOTH	BOTH	INTEGRATION	shared/src/commonTest/kotlin/ui/FutachaAppLockSupportTest.kt#remainingLockoutTimeHandlesClockExtremesWithoutOverflow
billing-contract	billing	任意支援が機能アンロックを約束しない	BOTH	BOTH	UNIT	shared/src/commonTest/kotlin/billing/SupportPurchaseTest.kt#knownStoreProductsUseTheSameNoFeatureUnlockContract
billing-store-flow	billing	商品取得・購入・キャンセル・復元・終了を実ストアで確認する	BOTH	BOTH	DEVICE	PRIVATE_DEVICE_EVIDENCE#DEVICE-BILLING
watch-protocol	watch	板・スレ・読み上げコマンドを安定した形式で同期する	BOTH	BOTH	UNIT	shared/src/commonTest/kotlin/watch/WatchCommandProtocolTest.kt#readAloudCommands_serializeWithStableEnumNames;shared/src/commonTest/kotlin/watch/WatchCommandProtocolTest.kt#snapshotTransportShape_rejectsOversizedCollectionsAndInconsistentCounters
watch-device-flow	watch	PhoneとWatch間の通知・更新・読み上げ状態を実機で往復する	BOTH	BOTH	DEVICE	PRIVATE_DEVICE_EVIDENCE#DEVICE-WATCH
privacy-moderation	privacy-safety	通報・ブロック候補を本文から安全に生成し不正応答を除外する	BOTH	BOTH	UNIT	shared/src/commonTest/kotlin/ai/PostModerationSupportTest.kt#buildPostModerationSourceTextStripsUrlsAndQuoteOnlyLines;shared/src/commonTest/kotlin/ai/PostModerationSupportTest.kt#parsePostModerationResponseKeepsOnlyHideRows
privacy-ios-flow	privacy-safety	EULA同意前に投稿を表示せず通報・ブロックへ到達できる	FUTACHA	IOS	IOS_UI	iosApp/iosAppUITests/IosAppUITests.swift#testFirstLaunchRequiresUserGeneratedContentEulaAgreement;iosApp/iosAppUITests/IosAppUITests.swift#testIosReviewCanReportAndBlockFromPostMenu
telemetry-redaction	telemetry	本文・URL・例外メッセージを計測属性へ送らない	BOTH	BOTH	UNIT	shared/src/commonTest/kotlin/analytics/AnalyticsContextTest.kt#textMetadataOnlyReportsCoarseStructure;shared/src/commonTest/kotlin/analytics/CrashReporterSupportTest.kt#sanitizedExceptionMessageOmitsOriginalMessageAndUrl
telemetry-disabled	telemetry	SDK無効・失敗時にもアプリ結果とキャンセルを変えない	BOTH	BOTH	INTEGRATION	shared/src/commonTest/kotlin/analytics/AnalyticsSdkCallSupportTest.kt#sdkBoundaryDoesNotSwallowFatalErrors;shared/src/commonTest/kotlin/analytics/PerformanceTrackerTest.kt#measureSuspend_propagatesCancellation
startup-first-launch-ios	startup-profile	初回起動では同意前コンテンツを隠し、同意後に起動画面を一度表示する	FUTACHA	IOS	IOS_UI	iosApp/iosAppUITests/IosAppUITests.swift#testFirstLaunchRequiresUserGeneratedContentEulaAgreement
startup-entry-android	startup-profile	Androidの起動画面を表示し主要操作へ到達できる	FUTACHA	ANDROID	ANDROID_UI	app-android/src/androidTest/java/com/valoser/futacha/MainActivitySmokeTest.kt#launch_showsBoardManagementAndMenuActions
startup-restore-journal	startup-profile	中断したモード切替の復元を完了し要求された世代へ収束する	BOTH	IOS	INTEGRATION	shared/src/iosTest/kotlin/compat/IosExperienceProfileStoreTest.kt#recoveryCommitsInterruptedJournalToRequestedProfile
board-add-delete	board-management	板追加の検証・送信と削除を同じ永続化境界へ配送する	BOTH	BOTH	INTEGRATION	shared/src/commonTest/kotlin/ui/board/BoardManagementScreenTest.kt#boardManagementBindingsSupport_dialogCallbacks_submitAndDelete
catalog-refetch	catalog	再取得の世代が一致する結果だけを反映し古い完了を無視する	BOTH	BOTH	UNIT	shared/src/commonTest/kotlin/ui/board/CatalogScreenSupportTest.kt#shouldApplyCatalogRequestResult_requiresActiveAndMatchingGeneration;shared/src/commonTest/kotlin/ui/board/CatalogScreenSupportTest.kt#shouldFinalizeCatalogRefresh_requiresMatchingJobAndGeneration
catalog-transform	catalog	並べ替え・検索・NG・監視を一つの表示変換で順序どおり適用する	BOTH	BOTH	UNIT	shared/src/commonTest/kotlin/ui/board/CatalogViewTransformerTest.kt#buildVisibleCatalogItems_appliesWatchWordsThenNgThenQuery;shared/src/commonTest/kotlin/ui/board/CatalogViewTransformerTest.kt#filterByQuery_matchesHiraganaAndKatakanaBothWays
catalog-display-switch	catalog	表示切替と列数の破損値を安全な表示設定へ戻す	BOTH	BOTH	UNIT	shared/src/commonTest/kotlin/state/AppStateSettingsSupportTest.kt#decodeCatalogDisplayStyleValue_fallsBackToGrid;shared/src/commonTest/kotlin/state/AppStateSettingsSupportTest.kt#decodeCatalogGridColumnsValue_clampsToSupportedRange
thread-new-initial-load	thread-loading	新規スレ初回取得は空キャッシュでも手動更新を要求しない	BOTH	BOTH	UNIT	shared/src/commonTest/kotlin/ui/compat/CompatThreadFetchTest.kt#coldOrEmptySnapshotAlwaysFetchesWithoutManualRefresh
thread-failure-offline	thread-loading	通信失敗時のオフライン復元は保存済み・インポート済み候補だけを使用する	BOTH	BOTH	INTEGRATION	shared/src/commonTest/kotlin/ui/board/ThreadScreenLoadLogicTest.kt#performThreadLoadWithOfflineFallback_usesArchiveAndOfflinePaths;shared/src/commonTest/kotlin/ui/board/ThreadScreenLoadLogicTest.kt#loadOfflineThreadPage_readsImportedHistoryRepositorySource
history-reply-diff	thread-history	レス差分を前世代と比較し同一スレ再表示時の重複防止を行う	TOSHIAKI_COMPAT	BOTH	UNIT	shared/src/commonTest/kotlin/compat/CompatibilityCatalogDiffTest.kt#replyDeltasCompareTheCurrentCatalogWithItsPreviousGeneration;shared/src/commonTest/kotlin/compat/CompatibilityCoreTest.kt#duplicateHistoryEntriesAreCollapsedBeforeDrawerRendering
posting-post-actions	posting	そうだね・DEL・本人削除を所定のURL、フォーム、Refererで送信する	BOTH	BOTH	INTEGRATION	shared/src/commonTest/kotlin/network/HttpBoardApiTest.kt#voteSaidane_acceptsNumericResponseBody;shared/src/commonTest/kotlin/network/HttpBoardApiTest.kt#requestDeletion_sendsExpectedFormParametersAndReferer;shared/src/commonTest/kotlin/network/HttpBoardApiTest.kt#deleteByUser_sendsCompatibleDeletionFormFields
posting-cookie-recovery	posting	Cookie復旧が必要な投稿失敗だけに再取得案内を表示する	BOTH	BOTH	UNIT	shared/src/commonTest/kotlin/ui/board/PostingFailureSupportTest.kt#cookieActionIsOfferedOnlyForExplicitCookieRecoveryFailures;shared/src/commonTest/kotlin/network/HttpBoardApiSupportTest.kt#postResponseHelpers_detectCookieResetRecoveryRequirement
posting-posttime-estimated-wait	posting	posttime基準の1時間推定は維持し、推定中と経過後の双方でサーバー原文を保持してCookie削除ループへ誘導しない	BOTH	BOTH	UNIT	shared/src/commonTest/kotlin/repo/DefaultBoardRepositoryTest.kt#defaultBoardRepositoryExecutionSupport_preservesIpRestrictionAndAppendsEstimatedWaitFromPosttime;shared/src/commonTest/kotlin/repo/DefaultBoardRepositoryTest.kt#defaultBoardRepositoryExecutionSupport_preservesServerErrorAfterEstimatedWaitWithoutCookieDeletionGuidance;shared/src/commonTest/kotlin/ui/board/PostingFailureSupportTest.kt#inferredWaitAndElapsedWaitMessagesDoNotOfferCookieDeletionAction
media-formats	media	GIF・WebP・APNGを静止画像系として認識し動画と一意に分類する	BOTH	BOTH	UNIT	shared/src/commonTest/kotlin/media/FutabaMediaSupportTest.kt#everySharedImageAndVideoExtensionHasOneStableClassification
media-video-bounds	media	動画URL判定と取得制限は拡張子・MIME・応答長を組み合わせて安全に処理する	BOTH	BOTH	INTEGRATION	shared/src/commonTest/kotlin/media/FutabaMediaSupportTest.kt#extensionWinsOverMisleadingMimeAndMimeHandlesExtensionlessUrls;shared/src/commonTest/kotlin/network/HttpBoardApiTest.kt#boundedResponseReader_rejectsOversizedBodyWithoutContentLength
gallery-zoom	gallery-viewer	Viewerの拡大縮小中はパンがページ移動とDismissへ漏れない	BOTH	ANDROID	ANDROID_UI	app-android/src/androidTest/java/com/valoser/futacha/CompatViewerGestureInstrumentedTest.kt#pinchZoomOwnsPanAndPreventsPagerOrDismissUntilReset
gallery-video-device	gallery-viewer	動画再生はMP4とWebMで再生・バッファリング・失敗表示・復帰を実機確認する	BOTH	BOTH	DEVICE	PRIVATE_DEVICE_EVIDENCE#DEVICE-MEDIA-PLAYBACK
saving-thread	saving	スレ保存は本文・メタデータ・画像・動画のローカル参照を一貫して生成する	BOTH	BOTH	INTEGRATION	shared/src/commonTest/kotlin/service/ThreadSaveServiceTest.kt#saveThread_writesMetadataAndRawHtmlWithRewrittenPaths
saving-single-media	saving	単体メディア保存は画像と動画を選択保存先へ書き込み過大応答を拒否する	BOTH	BOTH	INTEGRATION	shared/src/commonTest/kotlin/service/SingleMediaSaveServiceTest.kt#saveMedia_savesImageUnderPreviewMediaDirectory_forPathStorage;shared/src/commonTest/kotlin/service/SingleMediaSaveServiceTest.kt#saveMedia_usesContentTypeFallbackAndTreeUriStorage_forVideos;shared/src/commonTest/kotlin/service/SingleMediaSaveServiceTest.kt#saveMedia_failsWhenContentLengthExceedsLimit
saving-auto	saving	自動保存は抑止条件と時刻境界を確認して完了状態を履歴へ反映する	BOTH	BOTH	UNIT	shared/src/commonTest/kotlin/ui/board/ThreadScreenLoadLogicTest.kt#threadAutoSaveAvailability_prioritizes_blocking_conditions;shared/src/commonTest/kotlin/ui/board/ThreadScreenLoadLogicTest.kt#threadAutoSaveCompletionState_updatesTimestampAndCarriesFailure
tts-format-url	tts	両モードの本文整形ではURL除外・引用のみ・削除通知を読み上げ対象から除く	BOTH	BOTH	UNIT	shared/src/commonTest/kotlin/ui/board/ThreadScreenLoadLogicTest.kt#buildReadAloudSegments_skipsDeletedQuotesUrlsAndDeletionNotices;shared/src/commonTest/kotlin/ui/compat/CompatReadAloudBatchSupportTest.kt#urlsAndReferenceSystemNoticesAreExcludedPerPost
tts-lifecycle	tts	開始・一時停止・停止・再開を実音声と画面遷移を含めて確認する	BOTH	BOTH	DEVICE	PRIVATE_DEVICE_EVIDENCE#DEVICE-TTS-AUDIO
tts-continuous-update	tts	連続更新後も読み上げ位置を失わず完了後の次回開始位置を先頭へ戻す	BOTH	BOTH	INTEGRATION	shared/src/commonTest/kotlin/ui/compat/CompatReadAloudBatchSupportTest.kt#completedCursorRestartsFromFirstPostOnNextInvocation;shared/src/commonTest/kotlin/ui/board/ThreadScreenLoadLogicTest.kt#findFirstVisibleReadAloudSegmentIndex_returnsNearestVisibleSegment
theme-all-branches	theme	全テーマの明暗分岐とシステムバーのコントラストを独立して固定する	BOTH	BOTH	UNIT	shared/src/commonTest/kotlin/ui/theme/FutachaThemeContractTest.kt#everyPaletteHasIndependentLightAndDarkColorContracts;shared/src/commonTest/kotlin/ui/theme/FutachaThemeContractTest.kt#nonBlackLightThemesUseDarkSystemBarIconsOnlyInLightMode
theme-screen-inheritance	theme	画面間の色継承を板・カタログ・スレ・設定・ドロワーで実機比較する	BOTH	BOTH	DEVICE	PRIVATE_DEVICE_EVIDENCE#DEVICE-THEME-VISUAL
settings-values-persistence	settings	全設定値のデコードと永続化は破損値を既定値へ戻し書込失敗時にロールバックする	BOTH	BOTH	INTEGRATION	shared/src/commonTest/kotlin/state/AppStateSettingsSupportTest.kt#menuConfigDecoders_fallBackToDefaultsWhenInputIsMissingOrInvalid;shared/src/commonTest/kotlin/state/AppStateStoreTest.kt#preferenceSetters_preservePreviousValuesWhenPersistenceFails
settings-immediate	settings	即時反映する設定変更は表示状態と永続値を同一操作で更新する	BOTH	BOTH	INTEGRATION	shared/src/commonTest/kotlin/ui/board/CatalogScreenSupportTest.kt#catalogDialogBindingsSupport_modeAndDisplayCallbacks_updateVisibilityAndState;shared/src/commonTest/kotlin/state/AppStatePreferenceOperationsSupportTest.kt#setNgWords_persistsEncodedWordsToStorage
settings-restore-backup	settings	旧版復元とバックアップは一般設定・NG・監視語を別領域として往復する	TOSHIAKI_COMPAT	BOTH	INTEGRATION	shared/src/commonTest/kotlin/compat/CompatibilitySettingsBackupTest.kt#settingsAndWordBackupsArePhysicallySeparate;shared/src/commonTest/kotlin/compat/CompatibilitySettingsBackupTest.kt#filteringAnOldCombinedFileCannotLeakGeneralSettingsIntoWordRestore
background-watch-worker	background-refresh	監視更新とAndroid WorkManagerは重複実行を避け再試行可能な失敗だけを再登録する	BOTH	ANDROID	INTEGRATION	shared/src/commonTest/kotlin/service/CatalogWatchAlertRefresherTest.kt#refresh_deduplicatesMatchesWithinRunOnly;app-android/src/test/java/com/valoser/futacha/HistoryRefreshWorkerSupportTest.kt#shouldRetryBackgroundRefreshFailure_requiresRetriableErrorAndRemainingAttempts
background-ios-task	background-refresh	iOS BGTaskは軽量生存確認・キャンセル・履歴更新を世代境界内で実行する	BOTH	IOS	INTEGRATION	shared/src/iosTest/kotlin/compat/IosExperienceProfileStoreTest.kt#backgroundExistenceCheckUsesLightweightProbeAndPropagatesCancellation;shared/src/iosTest/kotlin/compat/IosExperienceProfileStoreTest.kt#compatibilityHistoryRefreshUpdatesPersistedTabsAndHistory
network-url-cookie	network-parser	URL正規化とCookieのdomain・path・Secure条件を送信前に適用する	BOTH	BOTH	UNIT	shared/src/commonTest/kotlin/network/BoardUrlResolverTest.kt#resolveThreadUrl_normalizesBoardBaseAndRejectsUnsafeThreadId;shared/src/commonTest/kotlin/network/PersistentCookieStorageTest.kt#get_and_hasValidCookieFor_applySecureDomainPathAndPreferredNameFilters
network-size-parser	network-parser	サイズ上限を応答ヘッダーなしでも適用しHTML解析は1000レス級メディアを保持する	BOTH	BOTH	INTEGRATION	shared/src/commonTest/kotlin/network/HttpBoardApiTest.kt#boundedResponseReader_rejectsOversizedBodyWithoutContentLength;shared/src/commonTest/kotlin/parser/ThreadHtmlParserCoreTest.kt#parseThread_keepsAllMediaAcrossOneThousandReplies
navigation-external-app	platform-navigation	外部アプリへのカタログ・スレURL受渡しと失敗時復帰を実機確認する	BOTH	BOTH	DEVICE	PRIVATE_DEVICE_EVIDENCE#DEVICE-EXTERNAL-APP
navigation-mode-switch	platform-navigation	モード切替は確認後だけ世代を更新し切替前結果を破棄する	BOTH	IOS	IOS_UI	iosApp/iosAppUITests/IosAppUITests.swift#testFutachaModeSwitchDialogExplainsCompatibilityProfile
accessibility-device-matrix	accessibility-layout	画面サイズ・システムInsets・操作可能領域・読み上げラベルを回転、最大文字、両ナビゲーションで実機確認する	BOTH	BOTH	DEVICE	PRIVATE_DEVICE_EVIDENCE#DEVICE-ACCESSIBILITY
cookies-persist-list	cookies	永続Cookieの破損復旧・一覧・削除を再起動可能な保存領域で往復する	BOTH	BOTH	INTEGRATION	shared/src/commonTest/kotlin/network/PersistentCookieStorageTest.kt#listCookies_restoresFromBackupWhenPrimaryFileIsCorrupted;shared/src/commonTest/kotlin/network/PersistentCookieStorageTest.kt#removeCookie_and_clearAll_updatePersistedStorage
cookies-post-recovery	cookies	投稿時再取得は投稿Cookieが不足・期限切れの場合だけ初期化を再実行する	BOTH	BOTH	INTEGRATION	shared/src/commonTest/kotlin/repo/DefaultBoardRepositoryTest.kt#postOperationsRetryCookieSetupWhenSetupNeverSucceeds;shared/src/commonTest/kotlin/ui/board/PostingFailureSupportTest.kt#cookieActionIsOfferedOnlyForExplicitCookieRecoveryFailures
archive-history-io	archive	履歴入出力は選択スナップショットだけを復元しパストラバーサルを拒否する	BOTH	BOTH	INTEGRATION	shared/src/commonTest/kotlin/repository/HistoryArchiveImportSupportTest.kt#importHistoryArchive_importsOnlySelectedSnapshots;shared/src/commonTest/kotlin/repository/HistoryArchiveImportSupportTest.kt#historyArchiveRelativePathsRejectEscapesAndPlatformAmbiguity
archive-past-gone	archive	過去ログ候補を検証し消滅判定は404・410だけをGoneとして扱う	BOTH	BOTH	INTEGRATION	shared/src/commonTest/kotlin/network/ArchiveSearchTest.kt#searchInqueuetArchiveThreads_filtersSearchResultsReturning404EvenWithThumb;shared/src/commonTest/kotlin/ui/compat/CompatThreadFetchTest.kt#transientLiveFailureDoesNotMarkArchiveCopyAsGone
archive-report-queue	archive	報告キューは送信内容・並び・再試行・永続エラーを境界内に制限する	TOSHIAKI_COMPAT	BOTH	INTEGRATION	shared/src/commonTest/kotlin/compat/ArchiveReportProtocolTest.kt#payloadIsSortedDeterministicAndBounded;shared/src/commonTest/kotlin/compat/ArchiveReportProtocolTest.kt#responsePolicyCoversSuccessSplitRetryAndConfigurationHolds
ai-deep-link	ai-actions	Deep Linkは許可scheme・host・長さ・actionだけをAIコマンドへ変換する	BOTH	BOTH	UNIT	shared/src/commonTest/kotlin/ai/FutachaAiCommandTest.kt#oversizedDeepLinkIsRejectedBeforeParsing;shared/src/commonTest/kotlin/ai/FutachaAiCommandTest.kt#parseDeepLinkRejectsNonFutachaAiScheme
ai-summary-moderation	ai-actions	要約とモデレーションはURLを除外し過大入力を分割して不正な応答行を捨てる	BOTH	BOTH	UNIT	shared/src/commonTest/kotlin/ai/ThreadSummarySupportTest.kt#buildThreadSummarySourceTextStripsUrlsFromPostBody;shared/src/commonTest/kotlin/ai/PostModerationSupportTest.kt#buildPostModerationSourceChunksSplitsWithoutDroppingPosts;shared/src/commonTest/kotlin/ai/PostModerationSupportTest.kt#parsePostModerationResponseKeepsOnlyHideRows
billing-products	billing	任意支援の商品取得・購入・キャンセル・終了は支援状態による機能差を作らない	BOTH	BOTH	DEVICE	PRIVATE_DEVICE_EVIDENCE#DEVICE-BILLING
watch-sync-phone	watch	Watch同期とPhone連携は板・スレ・読み上げ状態を往復し切断後に再同期する	BOTH	BOTH	DEVICE	PRIVATE_DEVICE_EVIDENCE#DEVICE-WATCH
privacy-filter-device	privacy-safety	プライバシーフィルタの表示・永続化・画面遷移後の適用を両モードで確認する	BOTH	BOTH	DEVICE	PRIVATE_DEVICE_EVIDENCE#DEVICE-PRIVACY
telemetry-analytics	telemetry	Analyticsは本文やURLを送らず粗い件数と匿名セッションだけを記録する	BOTH	BOTH	UNIT	shared/src/commonTest/kotlin/analytics/AnalyticsContextTest.kt#textMetadataOnlyReportsCoarseStructure;shared/src/commonTest/kotlin/analytics/AnalyticsContextTest.kt#sessionContextIdIsStableWithinTheProcessButDoesNotExposeTheSource
telemetry-crash	telemetry	Crashは元例外メッセージとURLを除去し通常例外だけをSDK境界へ渡す	BOTH	BOTH	UNIT	shared/src/commonTest/kotlin/analytics/CrashReporterSupportTest.kt#sanitizedExceptionMessageOmitsOriginalMessageAndUrl;shared/src/commonTest/kotlin/analytics/AnalyticsSdkCallSupportTest.kt#sdkBoundaryCapturesOrdinaryExceptions
telemetry-ios-kotlin-crash	telemetry	iOSは収集設定に従いKotlin例外の発生元を記録し致命的例外の診断失敗でも元の例外で終了する	BOTH	IOS	UNIT	shared/src/iosTest/kotlin/analytics/IosCrashReportingTest.kt#recordsOriginalNativeFramesAndRedactsMessageOnlyWhenEnabled;shared/src/iosTest/kotlin/analytics/IosCrashReportingTest.kt#diagnosticFailuresCannotReplaceOriginalFatalException;shared/src/iosTest/kotlin/analytics/IosCrashReportingTest.kt#localReportIsReadableImmediatelyAndReplacesPreviousCrash
telemetry-performance	telemetry	Performanceの境界と無効時安全性は成功値・失敗・キャンセルを変更しない	BOTH	BOTH	INTEGRATION	shared/src/commonTest/kotlin/analytics/PerformanceTrackerTest.kt#measure_preservesSuccessfulResultAndOriginalFailure;shared/src/commonTest/kotlin/analytics/PerformanceTrackerTest.kt#measureSuspend_propagatesCancellation
thread-search	thread-interaction	検索は件名・名前・ID・本文を対象にし重複IDも別投稿として保持する	BOTH	BOTH	UNIT	shared/src/commonTest/kotlin/ui/board/ThreadScreenLoadLogicTest.kt#buildThreadSearchTargets_includesSubjectAuthorPosterIdAndBody;shared/src/commonTest/kotlin/ui/board/ThreadScreenLoadLogicTest.kt#buildThreadSearchMatches_keepsDuplicatePostIdsSeparateByIndex
thread-search-navigation	thread-interaction	検索結果移動は前後を循環しフィルター後の表示位置へスクロールする	BOTH	BOTH	UNIT	shared/src/commonTest/kotlin/ui/board/ThreadScreenLoadLogicTest.kt#nextAndPreviousThreadSearchResultIndex_wrapAround;shared/src/commonTest/kotlin/ui/board/ThreadSearchScrollSupportTest.kt#resolveTargetReturnsNullWhenPostIsFilteredOut
thread-quote-preview	thread-interaction	引用プレビューは複数対象を遅延表示し重複IDでも安定キーを保つ	BOTH	BOTH	UNIT	shared/src/commonTest/kotlin/ui/board/ThreadScreenLoadLogicTest.kt#quotePreviewPagingShowsInitialPageAndAdditionalTargetsOnDemand;shared/src/commonTest/kotlin/ui/board/ThreadScreenLoadLogicTest.kt#quotePreviewLazyKeysIncludeIndexForDuplicatePostIds
thread-quote-reply	thread-interaction	引用返信は選択本文がある場合だけ返信下書きへ引用行を追加する	BOTH	BOTH	UNIT	shared/src/commonTest/kotlin/ui/board/ThreadScreenInteractionLogicTest.kt#appendQuoteSelectionToReplyDraft_updatesCommentOnlyWhenSelectionExists
thread-filter-sort	thread-interaction	絞り込みとソートはヘッダー・ワード・件数条件を適用しソート条件を一つに制限する	BOTH	BOTH	UNIT	shared/src/commonTest/kotlin/ui/board/ThreadScreenSaveActionLogicTest.kt#threadFilterHelpers_matchExpectedPostsAndSorts;shared/src/commonTest/kotlin/ui/board/ThreadScreenSaveActionLogicTest.kt#updateThreadFilterSelection_enforcesSingleSortOption
thread-post-actions	thread-interaction	投稿アクションはそうだね・DEL・本人削除・NG登録の対象と確認状態を正しく生成する	BOTH	BOTH	UNIT	shared/src/commonTest/kotlin/ui/board/ThreadScreenLoadLogicTest.kt#threadPostActionHelpers_resolveSaidaneDelAndNgRegistrationState;shared/src/commonTest/kotlin/ui/board/ThreadScreenInteractionLogicTest.kt#threadPostOverlayHelpers_reduceActionSheetDialogQuoteAndNgState
draft-create-thread	reply-drafts	スレ立て下書きは画面再構成を跨いで復元し送信成功後にクリアする	BOTH	BOTH	INTEGRATION	shared/src/commonTest/kotlin/ui/board/CatalogScreenSupportTest.kt#createThreadDraftSaver_roundTripsDraftState;shared/src/commonTest/kotlin/ui/board/CatalogScreenSupportTest.kt#catalogExecutionSupport_createThreadSubmitResetsDraftAndRefreshes
draft-reply	reply-drafts	返信下書きは自動入力・引用・表示状態・送信状態を一貫して更新する	BOTH	BOTH	UNIT	shared/src/commonTest/kotlin/ui/board/ThreadScreenRuntimeLogicTest.kt#threadReplyDraftHelpers_applyAutofillAndClearRules;shared/src/commonTest/kotlin/ui/board/ThreadScreenRuntimeLogicTest.kt#threadReplyDialogHelpers_reduceVisibilityDraftQuoteAndSubmitState
draft-attachments	reply-drafts	画像動画添付は両モードの返信フォームから選択操作へ到達できる	BOTH	IOS	IOS_UI	iosApp/iosAppUITests/IosAppUITests.swift#testFutachaProfileReachesForeground;iosApp/iosAppUITests/IosAppUITests.swift#testToshiakiCompatibilityProfileReachesForeground
draft-clear-device	reply-drafts	送信後クリアと失敗時保持を実投稿可能なテスト板で画像動画添付込みで確認する	BOTH	BOTH	DEVICE	PRIVATE_DEVICE_EVIDENCE#DEVICE-POSTING-DRAFT
saved-list-state	saved-threads	一覧と状態表示は読込中・失敗・空・データ有りと保存状態ラベルを区別する	BOTH	BOTH	UNIT	shared/src/commonTest/kotlin/ui/board/SavedThreadsScreenTest.kt#resolveSavedThreadsContentState_prioritizesLoadingThenErrorThenEmptyThenData;shared/src/commonTest/kotlin/ui/board/SavedThreadsScreenTest.kt#savedThreadStatusLabel_returnsExpectedLabels
saved-offline-open	saved-threads	オフライン閲覧は保存先種別ごとのローカルパスを解決し欠損時だけ元URLへ戻す	BOTH	BOTH	INTEGRATION	shared/src/commonTest/kotlin/model/SavedThreadExtensionsTest.kt#toThreadPage_resolvesPathSaveLocationMediaPaths;shared/src/commonTest/kotlin/model/SavedThreadExtensionsTest.kt#toThreadPage_fallsBackToOriginalUrls_whenLocalPathsAreMissing
saved-delete-one	saved-threads	個別削除は同じスレIDを持つ別板を残して対象ディレクトリとindexだけを削除する	BOTH	BOTH	INTEGRATION	shared/src/commonTest/kotlin/ui/board/SavedThreadsScreenTest.kt#deleteSavedThreadAndReload_deletesOnlyMatchingBoardWhenThreadIdsOverlap;shared/src/commonTest/kotlin/repository/SavedThreadRepositoryTest.kt#deleteThread_removesStoredDirectoryAndIndexEntry
saved-delete-all	saved-threads	一括削除は全保存ディレクトリ・index・孤立ステージングを除去する	BOTH	BOTH	INTEGRATION	shared/src/commonTest/kotlin/repository/SavedThreadRepositoryTest.kt#deleteAllThreads_clearsDirectoriesAndIndex;shared/src/commonTest/kotlin/repository/SavedThreadRepositoryTest.kt#purgeAllStorage_removesOrphansStagingAndIndexBackups
saved-capacity	saved-threads	保存容量は読込完了後だけ合計を表示し削除後に再計算する	BOTH	BOTH	UNIT	shared/src/commonTest/kotlin/ui/board/SavedThreadsScreenTest.kt#buildSavedThreadsSummaryText_hidesWhileLoading;shared/src/commonTest/kotlin/ui/board/SavedThreadsScreenTest.kt#deleteSavedThreadAndReload_returnsUpdatedSnapshot
storage-location	storage-integration	保存先とディレクトリ選択はプラットフォーム能力と選択方式から表示・起動可否を決める	BOTH	BOTH	UNIT	shared/src/commonTest/kotlin/ui/board/GlobalSettingsSupportTest.kt#resolveSaveDirectoryPickerState_reflectsPlatformAndLauncherAvailability;shared/src/commonTest/kotlin/ui/board/SavePathDisplaySupportTest.kt#saveDestinationLabels_andHints_reflectSelectionAndPlatform
storage-file-manager	storage-integration	優先ファイラーは重複packageを除去し永続化失敗時に以前の選択を保持する	BOTH	ANDROID	INTEGRATION	shared/src/commonTest/kotlin/ui/board/FileManagerPickerSupportTest.kt#distinctFileManagerPackagesKeepsFirstNonBlankPackage;shared/src/commonTest/kotlin/state/AppStateStoreTest.kt#setPreferredFileManager_preservesPreviousSelectionWhenPersistenceFails
storage-permission	storage-integration	権限拒否・選択キャンセル・優先ファイラー起動失敗時のフォールバックを実機確認する	BOTH	BOTH	DEVICE	PRIVATE_DEVICE_EVIDENCE#DEVICE-EXTERNAL-APP
storage-traversal	storage-integration	パストラバーサル防止は履歴アーカイブとiOS保存先の相対パス逸脱を拒否する	BOTH	BOTH	INTEGRATION	shared/src/commonTest/kotlin/repository/HistoryArchiveImportSupportTest.kt#historyArchiveRelativePathsRejectEscapesAndPlatformAmbiguity;shared/src/iosTest/kotlin/util/IosFileSystemSaveLocationTest.kt#pathSaveLocationSupportsStreamingRoundTripAndRejectsTraversal
updates-check	updates-notifications	更新確認は既定ON・無効化可能でモード切替後も共有設定へ永続化し、OFF時も緊急判定に必要な確認だけ行う	BOTH	BOTH	INTEGRATION	shared/src/commonTest/kotlin/state/AppStateStoreTest.kt#updateCheckDefaultsOnAndCanBeDisabled;shared/src/commonTest/kotlin/ui/FutachaAppTest.kt#futachaRuntimeHelpers_fetchUpdateInfoHandlesSuccessFailureAndNull;app-android/src/androidTest/java/com/valoser/futacha/CompatSettingsSchemaInstrumentedTest.kt#compatibilityUpdateCheckSettingPersistsSharedStartupGate
updates-android-in-app	updates-notifications	Androidのアプリ内更新はPlay認識当日からFlexible、7日または優先度4以上でImmediateを選び、OFFでも緊急更新を開始し、許可されない方式から安全にフォールバックする	BOTH	ANDROID	UNIT	app-android/src/test/java/com/valoser/futacha/AndroidInAppUpdatePolicyTest.kt#newlyRecognizedUpdateUsesFlexibleFlowImmediately;app-android/src/test/java/com/valoser/futacha/AndroidInAppUpdatePolicyTest.kt#updateBecomesEmergencyAtDaySeven;app-android/src/test/java/com/valoser/futacha/AndroidInAppUpdatePolicyTest.kt#playPriorityFourIsEmergencyImmediately;app-android/src/test/java/com/valoser/futacha/AndroidInAppUpdatePolicyTest.kt#highPriorityUpdateFallsBackToFlexibleWhenImmediateFlowIsNotAllowed
updates-ios-app-store	updates-notifications	iOSのアプリ内更新案内はApp Storeの公開版と日時を基準に0〜6日は後回し可能、7日以降は設定OFFでもストア更新が完了するまで必須案内とし、ストア未掲載・通信失敗時はアプリをブロックしない	BOTH	IOS	UNIT	shared/src/commonTest/kotlin/version/VersionCheckerTest.kt#iosUpdatePrompt_isFlexibleUntilDaySevenAndImmediateAfterward;shared/src/commonTest/kotlin/version/VersionCheckerTest.kt#updateStaleness_usesCompletedDaysAndClampsFutureDates;shared/src/commonTest/kotlin/ui/FutachaAppTest.kt#futachaRuntimeHelpers_fetchUpdateInfoHandlesSuccessFailureAndNull
updates-android-in-app-ui	updates-notifications	Android実行環境でFlexible確認・完了通知、7日後のImmediate、設定OFF時の通常抑止と緊急更新、実Google Playサービス応答を通す	BOTH	ANDROID	ANDROID_UI	app-android/src/androidTest/java/com/valoser/futacha/AndroidInAppUpdateControllerInstrumentedTest.kt#newlyAvailableUpdateStartsFlexibleAndReportsCompletedDownload;app-android/src/androidTest/java/com/valoser/futacha/AndroidInAppUpdateControllerInstrumentedTest.kt#sevenDayOldUpdateStartsImmediateFlow;app-android/src/androidTest/java/com/valoser/futacha/AndroidInAppUpdateControllerInstrumentedTest.kt#optionalUpdateIsSuppressedWhenSettingIsOff;app-android/src/androidTest/java/com/valoser/futacha/AndroidInAppUpdateControllerInstrumentedTest.kt#emergencyUpdateStartsWhenSettingIsOff;app-android/src/androidTest/java/com/valoser/futacha/AndroidInAppUpdateControllerInstrumentedTest.kt#realGooglePlayBackendCompletesUpdateInfoRequest
updates-ios-app-store-ui	updates-notifications	iOS実行環境でFlexibleの後回し、Immediateの外側タップ抑止、両モードで設定OFFを上書きする緊急表示、実機App Store遷移を通す	BOTH	IOS	IOS_UI	iosApp/iosAppUITests/IosAppUITests.swift#testIosFlexibleUpdatePromptCanBeDeferred;iosApp/iosAppUITests/IosAppUITests.swift#testIosImmediateUpdatePromptCannotBeDismissed;iosApp/iosAppUITests/IosAppUITests.swift#testIosImmediateUpdatePromptOverridesDisabledSetting;iosApp/iosAppUITests/IosAppUITests.swift#testIosUpdateActionOpensAppStoreOnPhysicalDevice
updates-version	updates-notifications	バージョン比較は巨大数・pre-release・build metadataをオーバーフローなく判定する	BOTH	BOTH	UNIT	shared/src/commonTest/kotlin/version/VersionCheckerTest.kt#isNewerVersion_comparesLargeNumericPreReleaseIdentifiersWithoutOverflow;shared/src/commonTest/kotlin/version/VersionCheckerTest.kt#isNewerVersion_ignoresHyphensInsideBuildMetadata
notifications-ledger	updates-notifications	監視通知は既通知を重複抑止し破損・過大ledgerを保存上限内へ修復する	BOTH	BOTH	UNIT	shared/src/commonTest/kotlin/service/WatchAlertNotificationLedgerTest.kt#filterNewMatchesReadsLegacyKeys;shared/src/commonTest/kotlin/service/WatchAlertNotificationLedgerTest.kt#serializationNeverExceedsPersistenceBudget
notifications-permission	updates-notifications	通知権限はAndroidバージョン・許可状態・有効化操作に応じて説明と要求を分岐する	BOTH	ANDROID	UNIT	app-android/src/test/java/com/valoser/futacha/WatchAlertPermissionDecisionTest.kt#android13PlusExplainsBeforeRequestingAnAbsentPermission;app-android/src/test/java/com/valoser/futacha/WatchAlertPermissionDecisionTest.kt#anAlreadyGrantedPermissionEnablesWithoutAnotherPrompt
notifications-tap	updates-notifications	タップ復帰は通知から既存Rootを再利用しモード・スレを意図せず上書きしない	BOTH	ANDROID	ANDROID_UI	app-android/src/androidTest/java/com/valoser/futacha/WatchAlertNotificationContractInstrumentedTest.kt#contentIntentResumesCurrentRootWithoutProfileOrThreadRoutingData
notifications-device	updates-notifications	iOSとAndroidで監視通知の受信・タップ復帰・拒否・重複抑止を実サービス確認する	BOTH	BOTH	DEVICE	PRIVATE_DEVICE_EVIDENCE#DEVICE-NOTIFICATIONS
thread-tools-android-ui	thread-interaction	Androidで検索・添付一覧・絞り込みを順に開閉して同じスレへ復帰する	FUTACHA	ANDROID	ANDROID_UI	app-android/src/androidTest/java/com/valoser/futacha/MainActivitySmokeTest.kt#historyEntry_searchGalleryAndFilter_openAndReturnToThread
thread-tools-ios-ui	thread-interaction	iOSふたちゃで検索結果移動・絞り込みを開閉してスレ本文へ復帰する	FUTACHA	IOS	IOS_UI	iosApp/iosAppUITests/IosAppUITests.swift#testFutachaThreadSearchAndFilterOpenAndReturnToContent
thread-tools-compat-ios-ui	thread-interaction	iOSとしあき仮で検索結果移動・画像一覧を開閉してスレPagerへ復帰する	TOSHIAKI_COMPAT	IOS	IOS_UI	iosApp/iosAppUITests/IosAppUITests.swift#testToshiakiThreadSearchAndGalleryOpenAndReturnToPager
compat-toolbar-reference-icons	settings	としあき仮のCatalog・Thread・Viewer・Postツールバーは異なる機能へ同じ代替アイコンを流用せずsampleの意味別アイコンを維持する	TOSHIAKI_COMPAT	BOTH	UNIT	shared/src/commonTest/kotlin/compat/CompatibilityCoreTest.kt#referenceToolbarKeepsDifferentCommandsOnDifferentGlyphs
compat-toolbar-reference-exact-icons	settings	としあき仮のカタログ下部で「リロード前に戻す」は1.apkの折返し矢印、「消えたスレ」は破線付き時計を表示し、別操作として後者の専用画面を開く	TOSHIAKI_COMPAT	BOTH	INTEGRATION	shared/src/commonTest/kotlin/compat/CompatibilityCoreTest.kt#catalogUndoAndDroppedIconsKeepTheExactFinalApkArtwork;app-android/src/androidTest/java/com/valoser/futacha/CompatSettingsSchemaInstrumentedTest.kt#catalogDroppedCommandShowsTrackedThreadAndKeepsCurrentCatalog;iosApp/iosAppUITests/IosAppUITests.swift#testToshiakiCatalogSeparatesUndoAndDroppedThreadCommands
compat-toolbar-scroll-screen-icons	settings	としあき仮の「スクロールバー」は1.apkの横棒と丸、「画面モード」は四方向矢印付き画面を表示し、同じ回転アイコンを共用しない	TOSHIAKI_COMPAT	BOTH	INTEGRATION	shared/src/commonTest/kotlin/compat/CompatibilityCoreTest.kt#threadScrollAndViewerScreenKeepTheirDifferentFinalApkSilhouettes;app-android/src/androidTest/java/com/valoser/futacha/CompatSettingsSchemaInstrumentedTest.kt#allReferenceToolbarEditorsUseTwoBottomPreviewsAndPersistImmediately;iosApp/iosAppUITests/IosAppUITests.swift#testToshiakiThreadScrollAndViewerScreenUseSeparateReferenceIcons
compat-toolbar-reference-all-artwork	settings	としあき仮のCatalog・Thread・Viewer・Postツールバーは全master keyで1.apkの表面別画像を使い、タブ更新・通信軽量化・NG・自動スクロール・添付の状態に応じて実画像を切り替える	TOSHIAKI_COMPAT	BOTH	INTEGRATION	shared/src/commonTest/kotlin/compat/CompatibilityCoreTest.kt#everyReferenceToolbarCommandUsesSurfaceSpecificFinalApkArtwork;shared/src/commonTest/kotlin/compat/CompatibilityCoreTest.kt#referenceToolbarStateChangesSwapTheActualFinalApkResources;app-android/src/androidTest/java/com/valoser/futacha/CompatSettingsSchemaInstrumentedTest.kt#catalogToolbarRendersAndSwapsTheReferenceStateArtwork;iosApp/iosAppUITests/IosAppUITests.swift#testToshiakiThreadScrollAndViewerScreenUseSeparateReferenceIcons
compat-catalog-dropped-reference-detail	catalog	1.apkの消えたスレ専用画面で板名付き題名・存在時刻見出し・60dpサムネ・テーマ本文色・落ち分類・res数・長押し一括削除・Catalog復帰を再現する	TOSHIAKI_COMPAT	ANDROID	ANDROID_UI	app-android/src/androidTest/java/com/valoser/futacha/CompatSettingsSchemaInstrumentedTest.kt#catalogDroppedCommandShowsTrackedThreadAndKeepsCurrentCatalog
compat-catalog-extract-reference-screen	catalog	old.apkと1.apkの監視ワード入口から直接スレッド監視N個画面を開き60dp行・全板アイコン・検索・10文字追加・説明・編集・削除・全削除を再現する	TOSHIAKI_COMPAT	BOTH	INTEGRATION	app-android/src/androidTest/java/com/valoser/futacha/CompatSettingsSchemaInstrumentedTest.kt#catalogExtractReferenceScreenUsesDirectActivityFlowAndExactDialogs;iosApp/iosAppUITests/IosAppUITests.swift#testToshiakiCatalogWatchWordsMatchesReferenceActivityAndAddDialog
compat-catalog-ignore-reference-screen	catalog	old.apkと1.apkのＮＧワード専用画面で60dp行・全板アイコン・検索・10文字追加・説明・編集・削除・全板横断の全削除を再現する	TOSHIAKI_COMPAT	BOTH	INTEGRATION	shared/src/commonTest/kotlin/compat/CompatibilityCatalogNgManagementTest.kt#referenceManagersFilterByBoardAndUseTheReferenceOrdering;app-android/src/androidTest/java/com/valoser/futacha/CompatSettingsSchemaInstrumentedTest.kt#catalogIgnoreReferenceScreenUsesAliasesScopeIconsAndExactEditors;iosApp/iosAppUITests/IosAppUITests.swift#testToshiakiCatalogNgManagersMatchReferenceSeparateActivities
compat-catalog-refuse-reference-screen	catalog	old.apkと1.apkのＮＧスレッド専用画面で新しい順の題名＋URL行・検索・個別確認・全板横断の全削除を再現し追加操作を表示しない	TOSHIAKI_COMPAT	BOTH	INTEGRATION	shared/src/commonTest/kotlin/compat/CompatibilityCatalogNgManagementTest.kt#referenceRowsPreserveTypedWordsAndShowRefuseTitleWithUrl;app-android/src/androidTest/java/com/valoser/futacha/CompatSettingsSchemaInstrumentedTest.kt#catalogRefuseReferenceScreenShowsTitleUrlAndConfirmsEveryDeletion;iosApp/iosAppUITests/IosAppUITests.swift#testToshiakiCatalogNgManagersMatchReferenceSeparateActivities
compat-catalog-ng-registration	catalog	カタログ長押しのＮＧスレッド・ＮＧワード登録を専用管理画面へ即時反映し旧種別も見失わず実際のカタログ非表示判定へ使う	TOSHIAKI_COMPAT	BOTH	INTEGRATION	shared/src/commonTest/kotlin/compat/CompatibilityCatalogNgManagementTest.kt#referenceManagersIncludeRulesWrittenByOldAndCurrentFutachaSchemas;app-android/src/androidTest/java/com/valoser/futacha/CompatSettingsSchemaInstrumentedTest.kt#catalogContextRegistrationImmediatelyFeedsReferenceNgManagers
compat-thread-ng-reference-screens	thread-interaction	old.apkと1.apkのＮＧヘッダー／ＮＧワード専用画面で60dp行・全スレッドアイコン・検索・20文字追加・編集・削除・全スレッド横断全削除を再現する	TOSHIAKI_COMPAT	BOTH	INTEGRATION	shared/src/commonTest/kotlin/compat/CompatibilityThreadNgManagementTest.kt#referenceManagersShowGlobalAndCurrentThreadRulesInDisplayedWordOrder;app-android/src/androidTest/java/com/valoser/futacha/CompatSettingsSchemaInstrumentedTest.kt#threadReferenceNgManagersMatchDedicatedActivitiesScopesEditorsAndGlobalClear;iosApp/iosAppUITests/IosAppUITests.swift#testToshiakiThreadNgManagersMatchReferenceDedicatedActivities
compat-thread-ng-registration	thread-interaction	本文長押しNG登録は題名・名前・ID・IP・No.・本文を生値の参照順で表示しヘッダー／ワード専用管理画面と非表示判定へ即時反映する	TOSHIAKI_COMPAT	BOTH	INTEGRATION	shared/src/commonTest/kotlin/compat/CompatibilityThreadNgManagementTest.kt#longPressRegistrationUsesRawReferenceRowsAndReferenceTables;app-android/src/androidTest/java/com/valoser/futacha/CompatSettingsSchemaInstrumentedTest.kt#threadLongPressNgRegistrationUsesRawReferenceRowsAndFeedsHeaderManager
compat-tab-toolbar-update-badge	updates-notifications	としあき仮のカタログ・スレ下部にあるタブ一覧ボタンは生存スレに未読更新がある時だけ赤い更新badgeを表示する	TOSHIAKI_COMPAT	BOTH	UNIT	shared/src/commonTest/kotlin/compat/CompatToolbarUpdateBadgeTest.kt#tabButtonShowsUpdateOnlyForUnreadLiveThreads
compat-help-reference-title	settings	としあき仮のヘルプ画面タイトルはsampleと同じ「ヘルプ」としモード名を付加しない	TOSHIAKI_COMPAT	BOTH	UNIT	shared/src/commonTest/kotlin/compat/CompatibilityCoreTest.kt#helpUsesTheUnprefixedReferenceTitle
compat-close-notification	thread-interaction	単一スレ終了は通知せず複数スレ一括終了時だけ件数と復元操作を表示する	TOSHIAKI_COMPAT	BOTH	UNIT	shared/src/commonTest/kotlin/compat/CompatThreadUpdatePresentationTest.kt#closeToastIsSilentForOneThreadAndShownOnlyForBatchClose
compat-auto-scroll-reference	thread-interaction	オートスクロールはタッチ後5秒休止し末尾到達12秒後に再取得し落ちスレでは停止する	TOSHIAKI_COMPAT	BOTH	UNIT	shared/src/commonTest/kotlin/compat/CompatThreadUpdatePresentationTest.kt#autoScrollMatchesReferenceTouchPauseAndBottomReloadPolicy
compat-video-double-tap	gallery-viewer	動画Viewerは操作ボタンと左右半分ダブルタップの両方を10秒戻し／10秒送りに統一し再生範囲外へ出ない	BOTH	BOTH	UNIT	shared/src/commonTest/kotlin/ui/board/VideoPlayerSupportTest.kt#referenceViewerDoubleTapSeeksTenSecondsAndClampsAtMediaEdges
compat-webm-direct-playback	gallery-viewer	としあき仮は1.apkで廃止されたWebM→存在未確認MP4の推測を行わず投稿にあるWebM URLを直接再生する	TOSHIAKI_COMPAT	BOTH	UNIT	shared/src/commonTest/kotlin/compat/CompatMediaSupportTest.kt#removedWebmMp4SwitchNeverProbesAnInventedUrl
compat-board-default-text	thread-interaction	板ごとの既定名と題名は20レス以上の厳密過半数から学習し標準値と合わせて非表示判定へ使う	TOSHIAKI_COMPAT	BOTH	UNIT	shared/src/commonTest/kotlin/compat/CompatBoardDefaultTextTest.kt#learnsOnlyAStrictMajorityAfterTwentyPostsLikeReferenceApk;shared/src/commonTest/kotlin/compat/CompatBoardDefaultTextTest.kt#hidePolicyCoversLearnedValuesAndReferenceFallbacks
compat-unmetered-network	background-refresh	表示上のWi-Fi条件はsampleと同じく非従量制ネットワークで判定し有線LAN等も不当に除外しない	TOSHIAKI_COMPAT	BOTH	UNIT	shared/src/commonTest/kotlin/compat/CompatForegroundChecksTest.kt#historicalWifiPolicyUsesThePlatformUnmeteredSignalAndNoneNeverRuns
compat-cache-location	settings	通常画像は端末／外部SD、カタログ画像は内部／端末／外部SDを選べ速度・実空き容量・利用不可状態をsample同様に示しAPKのraw値で実際のローダーへ反映する	TOSHIAKI_COMPAT	BOTH	INTEGRATION	shared/src/commonTest/kotlin/compat/CompatPreferenceSchemaTest.kt#removableCacheChoiceShowsUnavailableWithoutPretendingItCanBeSelected;shared/src/commonTest/kotlin/compat/CompatibilityCacheQuotaTest.kt#parsesFinalApkCacheLocationValuesAndEarlierDisplayLabels;app-android/src/androidTest/java/com/valoser/futacha/CompatSettingsSchemaInstrumentedTest.kt#storageMatchesReferenceRowsDialogsRawValuesAndSeparateCacheUsage
compat-cache-search-state	catalog	参照APKのキャッシュ検索は空欄履歴・即時検索・履歴削除・ローカル履歴統合・ANDからORへの復帰を保持する	TOSHIAKI_COMPAT	BOTH	UNIT	shared/src/commonTest/kotlin/ui/compat/CompatCatalogCacheSearchDialogTest.kt#switchingFromAndBackToOrUsesStableBaseResults;shared/src/commonTest/kotlin/ui/compat/CompatCatalogCacheSearchDialogTest.kt#remoteCacheResultsMergeMatchingLocalHistoryForCurrentBoardOnly;shared/src/commonTest/kotlin/ui/compat/CompatCatalogCacheSearchDialogTest.kt#emptyQueryShowsNewestHistorySuggestionsLikeReferenceDialog
compat-search-width-folding	catalog	監視・NG・キャッシュ検索は英字大小と全角半角カナを区別せず大量NGを安全に索引化する	TOSHIAKI_COMPAT	BOTH	UNIT	shared/src/commonTest/kotlin/compat/CompatibilityCoreTest.kt#searchNormalizationFoldsReferenceCaseWidthAndHalfWidthKana;shared/src/commonTest/kotlin/compat/CompatibilityCoreTest.kt#tenThousandNgRulesCanBeIndexedWithoutLegacyUpdateCrash;shared/src/commonTest/kotlin/ui/compat/CompatCatalogCacheSearchDialogTest.kt#cacheResultsSupportOrAndFilteringLikeLegacySearch
compat-missing-quote-silent	thread-interaction	参照元が存在しない引用をタップしても1.apk同様に「見つかりません」を表示せず現在のスレを維持する	TOSHIAKI_COMPAT	BOTH	UNIT	shared/src/commonTest/kotlin/compat/CompatibilityCoreTest.kt#quoteResolver_supportsNumberAndNoPrefix_withoutResolvingFuturePosts
isolated-post-visibility	thread-interaction	隔離レスは行ごと消さず両モードで画像を隠し、としあき仮の設定OFFでは通知本文へ置換、ONでは元本文と画像を表示する	BOTH	BOTH	UNIT	shared/src/commonTest/kotlin/parser/ThreadHtmlParserCoreTest.kt#parseThread_retainsIsolationNoticePostAndMarksItIsolated;shared/src/commonTest/kotlin/ui/board/ThreadMediaSupportTest.kt#isolatedPostRetainsItsRowButDoesNotExposeAttachmentMedia;shared/src/commonTest/kotlin/ui/compat/CompatDeletedPostPresentationTest.kt#hiddenDeletedContentKeepsRowsAndReplacesBodyAndMediaLikeReferenceApk;shared/src/commonTest/kotlin/ui/compat/CompatDeletedPostPresentationTest.kt#enabledDeletedContentPreservesOriginalBodyAndMedia
compat-catalog-reply-indicator	catalog	訪問済みスレの未読増加は赤、未訪問スレの前回カタログとの差は灰色で表示し訪問済み判定を優先する	TOSHIAKI_COMPAT	BOTH	UNIT	shared/src/commonTest/kotlin/compat/CompatibilityCatalogDiffTest.kt#visitedUnreadIsRedAndOtherwisePreviousCatalogDifferenceIsGray
media-network-reference-policy	media	大量画像の同一URL取得を重複させず接続15秒・停滞15秒・全体90秒の参照通信境界を適用する	BOTH	BOTH	UNIT	shared/src/commonTest/kotlin/ui/image/ImageLoaderProviderTest.kt#concurrentRequestsForTheSameImageAreDeduplicated;shared/src/commonTest/kotlin/ui/image/ImageLoaderProviderTest.kt#imageNetworkPolicyMatchesReferenceStallAndTotalTimeouts
media-failure-diagnostics	gallery-viewer	画像と動画の失敗時は外部遷移だけでなく端末デコーダを含む原因・コードを長さ制限付きで表示する	BOTH	BOTH	UNIT	shared/src/commonTest/kotlin/ui/board/MediaLoadFailureSupportTest.kt#mediaFailureShowsBoundedSingleLineCauseChain;shared/src/commonTest/kotlin/ui/board/VideoPlayerSupportTest.kt#playbackErrorFormatsBoundedCodeAndReasonForViewer
saving-thumbnail-nomedia	saving	ページ保存のサムネイルフォルダへ.nomediaを作り端末ギャラリーへの混入を防ぐ	BOTH	ANDROID	INTEGRATION	shared/src/commonTest/kotlin/service/ThreadSaveServiceTest.kt#saveThread_writesMetadataAndRawHtmlWithRewrittenPaths
media-gif-frame-fallback	media	静止GIFと複数フレームGIFを判別しAndroid ImageDecoderがアニメを静止化した場合はGIF decoderへ戻す	BOTH	ANDROID	UNIT	shared/src/commonTest/kotlin/ui/image/GifFrameCounterTest.kt#staticAndAnimatedGifFramesAreDistinguishedWithoutPixelDecode;shared/src/commonTest/kotlin/ui/image/GifFrameCounterTest.kt#boundedScanStopsAfterSecondFrameAndToleratesTruncation
compat-tab-release-action	thread-interaction	タブ長押し中はshadowとdrop候補を表示し指を離した後にclose animationを完了して確定する	TOSHIAKI_COMPAT	ANDROID	ANDROID_UI	app-android/src/androidTest/java/com/valoser/futacha/CompatSettingsSchemaInstrumentedTest.kt#selectorLongHoldUpwardDropClosesOnlyAfterTargetAnimation
thread-title-control-filter	thread-loading	本文から推定する題名は先頭の可視行を使い制御文字と不可視書式文字を除去する	BOTH	BOTH	UNIT	shared/src/commonTest/kotlin/util/ThreadTitleResolverTest.kt#inferredTitleDropsControlAndFormatCharacters
saving-background-guard	saving	手動スレ保存は画面やスレを移動しても継続しAndroid foreground serviceまたはiOS background taskでバックグラウンド猶予を確保する	BOTH	BOTH	DEVICE	PRIVATE_DEVICE_EVIDENCE#DEVICE-SAVE-BACKGROUND
saving-large-thread-timeout	saving	1000レス級の画像・動画保存を15分で打ち切らず参照APKのforeground保護上限と同じ3時間まで継続できる	BOTH	BOTH	UNIT	shared/src/commonTest/kotlin/ui/board/ThreadScreenRuntimeLogicTest.kt#threadScreenRuntimeTimeouts_keepLoadAndSaveBounded
saving-stable-manual-directory	saving	同じ板・スレを繰り返し手動保存しても時刻別フォルダを増やさず、前回完成版と既存媒体を保ったまま安定した保存先を更新する	BOTH	BOTH	UNIT	shared/src/commonTest/kotlin/ui/board/ThreadScreenSaveActionLogicTest.kt#threadSaveRunnerConfigBuilders_mapInputsDirectly;shared/src/commonTest/kotlin/service/ThreadSaveServiceTest.kt#saveThread_reusesExistingMediaWhenStableStorageIsUsed
saving-single-active-operation	saving	画面移動後に別スレの保存を始めても先行保存の通知・キャンセル対象を奪わず二重開始を拒否する	BOTH	BOTH	UNIT	shared/src/commonTest/kotlin/service/ThreadSavePlatformProtectionTest.kt#secondUserSaveIsRejectedAndTheGateReopensAfterCompletion
saving-compat-cancel-cleanup	saving	としあき仮の保存を通知からキャンセルした時は失敗表示へ変換せず保存中gateだけを必ず解除する	TOSHIAKI_COMPAT	BOTH	UNIT	shared/src/commonTest/kotlin/ui/compat/CompatPageSaveLifecycleTest.kt#notificationCancellationReopensThePageSaveGateWithoutConvertingTheCause
saving-android-notification	saving	Androidの手動保存はdataSync foreground通知へ進捗を反映しキャンセル操作とWakeLockを備える	BOTH	ANDROID	ANDROID_UI	app-android/src/androidTest/java/com/valoser/futacha/ThreadSavePlatformContractInstrumentedTest.kt#foregroundSaveServiceAndRequiredPermissionsArePackaged;app-android/src/androidTest/java/com/valoser/futacha/ThreadSavePlatformContractInstrumentedTest.kt#progressNotificationExposesADistinctCancelAction
saving-app-scoped-no-legacy-permission	saving	Androidの既定保存先は全対応APIで権限不要のアプリ専用外部領域を使い、旧ストレージ権限を宣言しない	BOTH	ANDROID	ANDROID_UI	app-android/src/androidTest/java/com/valoser/futacha/AndroidFileSystemInstrumentedTest.kt#defaultExternalStorageIsAppScopedAndDeclaresNoLegacyPermission
catalog-raw-diagnostic	catalog	HTML内スレ数と解析件数が不一致ならdebug_cat.htmlを保存して利用者へ具体的な件数差を通知する	BOTH	BOTH	UNIT	shared/src/commonTest/kotlin/repo/DefaultBoardRepositoryTest.kt#catalogCountMismatchSavesRawHtmlAndReturnsVisibleWarning
persistent-error-log	telemetry	端末ログをerror_log.txtへ残し10MBを超えたログは次の書込み前に回転する	BOTH	BOTH	UNIT	shared/src/commonTest/kotlin/util/PersistentLogPolicyTest.kt#tenMegabytesIsRetainedAndLargerLogIsReset
persistent-error-log-android-logcat	telemetry	AndroidはアプリLoggerだけでなくplatformのerror logcatも外部filesのerror_log.txtへ非同期保存する	BOTH	ANDROID	ANDROID_UI	app-android/src/androidTest/java/com/valoser/futacha/ThreadSavePlatformContractInstrumentedTest.kt#platformErrorLogcatIsPersistedForDiagnostics
saved-html-android	platform-navigation	Androidは外部ファイラーからtext/htmlまたはhtmファイルを受理しスクリプトと外部読込を無効化した内部Viewerで開く	BOTH	ANDROID	ANDROID_UI	app-android/src/androidTest/java/com/valoser/futacha/ThreadSavePlatformContractInstrumentedTest.kt#savedHtmlDocumentResolvesToTheInternalViewer;app-android/src/test/java/com/valoser/futacha/SavedHtmlViewerActivityTest.kt#acceptsHtmlMimeOrExtensionAndRejectsUnrelatedDocuments
saved-html-ios	platform-navigation	iOSはFilesからpublic.htmlを受理しsecurity scoped access中だけJavaScript無効の内部Viewerで開く	BOTH	IOS	DEVICE	PRIVATE_DEVICE_EVIDENCE#DEVICE-SAVED-HTML
video-profile-level	gallery-viewer	動画情報はCodec IDからProfileとLevelを独立行へ復元して不具合報告に使える形で表示する	BOTH	BOTH	UNIT	shared/src/commonTest/kotlin/ui/board/VideoPlayerSupportTest.kt#codecIdsExposeReferenceProfileAndLevelRows
compat-image-search-settings-route	settings	としあき仮の画像検索設定はダイアログではなくsample/1.apk同様の専用画面を開き、説明と検索先チェックを同じ画面で編集する	TOSHIAKI_COMPAT	BOTH	INTEGRATION	shared/src/commonTest/kotlin/compat/CompatPreferenceSchemaTest.kt#imageSearchExplainsTheReferenceFileAndUrlModes;app-android/src/androidTest/java/com/valoser/futacha/CompatSettingsSchemaInstrumentedTest.kt#imageSearchUsesTheReferenceDedicatedSettingsPageAndCheckboxRows
compat-settings-reference-summaries	settings	としあき仮の設定一覧はレス・文字・sp・列・行・dp・件などsample/1.apkと同じ単位と要約文を表示する	TOSHIAKI_COMPAT	BOTH	UNIT	shared/src/commonTest/kotlin/compat/CompatPreferenceSchemaTest.kt#preferenceSummariesUseTheUnitsAndLabelsShownByTheReferenceApk
compat-legacy-setting-values	settings	旧setting.cfgのabove／over・usually・そうだね右寄せ・あぷ小先読みを別値のまま復元し実動作を失わない	TOSHIAKI_COMPAT	BOTH	UNIT	shared/src/commonTest/kotlin/compat/CompatibilityCoreTest.kt#legacySettingBackup_mapsSafeSettingsToCompatStorageKeys
compat-legacy-setting-complete	settings	旧setting.cfgは共通プライバシー・全板共通Grid／List・旧全板sort・画像同時取得数・消えたスレ・リロード位置・13画像検索先とCatalog／Thread／Viewer／Postツールバーの順序・有効状態まで復元する	TOSHIAKI_COMPAT	BOTH	INTEGRATION	shared/src/commonTest/kotlin/compat/CompatibilityCoreTest.kt#legacySettingBackup_mapsSafeSettingsToCompatStorageKeys;shared/src/commonTest/kotlin/compat/CompatPreferenceSchemaTest.kt#stableKeyReadsLegacyTitleAndSharesPrivacyAlpha;app-android/src/androidTest/java/com/valoser/futacha/CompatSettingsSchemaInstrumentedTest.kt#catalogDisplaySwitchShowsCenteredLoadingIndicatorUntilNewLayoutIsReady;iosApp/iosAppUITests/IosAppUITests.swift#testToshiakiCatalogLayoutUsesSharedReferencePreferenceAndPersists
compat-cache-location-move	settings	通常画像キャッシュの保存先変更は1.apk同様に旧キャッシュを消去してから保存し、カタログ画像キャッシュ変更では既存データを維持する	TOSHIAKI_COMPAT	BOTH	UNIT	shared/src/commonTest/kotlin/compat/CompatPreferenceSchemaTest.kt#cacheLocationChangeClearsOnlyOrdinaryImagesBeforeSaving
compat-help-reference-sections	settings	としあき仮のヘルプはsample/1.apkの34,203 bytes・12章・画像51参照を持つhelp.html全文をテーマ色付き内部WebViewで表示し、ふたちゃの版数・変更内容だけを載せた変更履歴／ストア操作を維持する	TOSHIAKI_COMPAT	BOTH	INTEGRATION	shared/src/commonTest/kotlin/compat/CompatPreferenceSchemaTest.kt#helpCoversEveryReferenceApkSectionAndItsFineGrainedOperations;app-android/src/androidTest/java/com/valoser/futacha/CompatSettingsSchemaInstrumentedTest.kt#informationScreensUseFutachaHistoryAndCurrentLicenses;iosApp/iosAppUITests/IosAppUITests.swift#testToshiakiFutachaInformationScreensOpenInternally
compat-image-cache-usage-breakdown	settings	としあき仮の画像キャッシュ使用量は通常画像とカタログ画像を合算で隠さず別々に表示し、クリア後も両方を再計測する	TOSHIAKI_COMPAT	BOTH	INTEGRATION	shared/src/commonTest/kotlin/compat/CompatibilityCacheQuotaTest.kt#reportsOrdinaryAndCatalogImageCacheUsageSeparatelyLikeTheReferenceApk;app-android/src/androidTest/java/com/valoser/futacha/CompatSettingsSchemaInstrumentedTest.kt#storageMatchesReferenceRowsDialogsRawValuesAndSeparateCacheUsage;iosApp/iosAppUITests/IosAppUITests.swift#testToshiakiStorageMatchesReferenceRowsDialogsRawPersistenceAndCacheUsage
compat-reference-custom-font-dialog	settings	old.apk／1.apkのカスタムフォントDialogと同じタイトル・本文なし・選択／リセット／キャンセルを維持し、リセットを永続化する	TOSHIAKI_COMPAT	BOTH	INTEGRATION	app-android/src/androidTest/java/com/valoser/futacha/CompatSettingsSchemaInstrumentedTest.kt#designSettingsPersistReferenceRawValuesAndShowExactRedrawAndFontDialogs;iosApp/iosAppUITests/IosAppUITests.swift#testToshiakiDesignSettingsExposeReferenceChoicesNoticeAndFontDialog
compat-reference-storage-directory-dialog	settings	old.apk／1.apkのダウンロード保存先Dialogと1.apkの手書き保存先Dialogについて説明・フォルダ選択／リセット／キャンセルを維持する	TOSHIAKI_COMPAT	BOTH	INTEGRATION	app-android/src/androidTest/java/com/valoser/futacha/CompatSettingsSchemaInstrumentedTest.kt#storageMatchesReferenceRowsDialogsRawValuesAndSeparateCacheUsage;iosApp/iosAppUITests/IosAppUITests.swift#testToshiakiStorageMatchesReferenceRowsDialogsRawPersistenceAndCacheUsage
compat-reference-ptmt-dialog	settings	1.apkのptmt編集Dialogと同じ入力欄・誤操作防止文言・変更／リセット／キャンセル・ASCII検証・変更なし／削除／変更通知を維持する	TOSHIAKI_COMPAT	BOTH	INTEGRATION	shared/src/commonTest/kotlin/ui/compat/CompatPtmtAndUpsTest.kt#ptmtRequiresTheLegacyConfirmationPhrase;shared/src/commonTest/kotlin/ui/compat/CompatPtmtAndUpsTest.kt#ptmtRejectsNonAsciiValues;shared/src/commonTest/kotlin/ui/compat/CompatPtmtAndUpsTest.kt#ptmtMutationNoticesMatchTheReferenceForNoChangeDeleteAndOverwrite;app-android/src/androidTest/java/com/valoser/futacha/CompatSettingsSchemaInstrumentedTest.kt#settingPtmtEditDialogMatchesFinalApkFieldsActionsAndValidation;iosApp/iosAppUITests/IosAppUITests.swift#testToshiakiPtmtDialogMatchesFinalApkFieldsAndActions
compat-reference-image-cache-clean-service	settings	old.apk／1.apkのImageCacheCleanService相当として選択上限をローダーへ適用し、強制クリア時は通常画像・カタログ画像の双方を消去して再計測する	TOSHIAKI_COMPAT	BOTH	INTEGRATION	shared/src/commonTest/kotlin/ui/image/ImageLoaderProviderTest.kt#imageCacheCleanServiceContractAppliesReferenceQuotaToLoaderConfig;app-android/src/androidTest/java/com/valoser/futacha/CompatSettingsSchemaInstrumentedTest.kt#storageMatchesReferenceRowsDialogsRawValuesAndSeparateCacheUsage
compat-reference-thread-cache-clean-service	settings	old.apk／1.apkのThreadCacheCleanService相当として上限超過時にLRU本文だけを削除し、強制クリアでもタブ・履歴・下書きを保持する	TOSHIAKI_COMPAT	BOTH	INTEGRATION	app-android/src/androidTest/java/com/valoser/futacha/CompatibilitySnapshotCacheInstrumentedTest.kt#threadCacheCleanServiceContractEvictsOnlyUnprotectedLruBodiesAndKeepsMetadata;app-android/src/androidTest/java/com/valoser/futacha/CompatibilitySnapshotCacheInstrumentedTest.kt#threadCacheCleanServiceForceClearRemovesOnlyBodiesAndReportsLogicalBytes
settings-reference-storage-screen	settings	としあき仮のストレージ設定は1.apkの2カテゴリ・10項目、容量と保存場所のraw値、保存先の選択／リセット／キャンセルDialog、URIやbookmarkを露出しない要約を再現する	TOSHIAKI_COMPAT	BOTH	INTEGRATION	shared/src/commonTest/kotlin/compat/CompatPreferenceSchemaTest.kt#storageSettingsMatchTheFinalApkRowsRawValuesAndDirectorySummaries;shared/src/commonTest/kotlin/compat/CompatibilityCacheQuotaTest.kt#parsesEveryPersistedCapacityDomain;app-android/src/androidTest/java/com/valoser/futacha/CompatSettingsSchemaInstrumentedTest.kt#storageMatchesReferenceRowsDialogsRawValuesAndSeparateCacheUsage;iosApp/iosAppUITests/IosAppUITests.swift#testToshiakiStorageMatchesReferenceRowsDialogsRawPersistenceAndCacheUsage
settings-reference-storage-usage	settings	スレッドキャッシュと投稿添付一時ファイルは実使用量を計測して1.apkと同じ現在の使用量表記を出し、削除後は0へ更新する	TOSHIAKI_COMPAT	BOTH	INTEGRATION	shared/src/commonTest/kotlin/compat/CompatPreferenceSchemaTest.kt#attachmentCacheUsageMeasuresTheActualTemporaryFiles;app-android/src/androidTest/java/com/valoser/futacha/CompatSettingsSchemaInstrumentedTest.kt#storageMatchesReferenceRowsDialogsRawValuesAndSeparateCacheUsage;iosApp/iosAppUITests/IosAppUITests.swift#testToshiakiStorageMatchesReferenceRowsDialogsRawPersistenceAndCacheUsage
settings-reference-background-screen	settings	としあき仮のバックグラウンド設定はold.apk／1.apkのスレッド関連1カテゴリ・生存確認／更新確認2項目・注意事項文言を再現しusually／wifi／noneのraw値を永続化する	TOSHIAKI_COMPAT	BOTH	INTEGRATION	shared/src/commonTest/kotlin/compat/CompatPreferenceSchemaTest.kt#backgroundScreenMatchesReferenceRowsAndRawValues;app-android/src/androidTest/java/com/valoser/futacha/CompatSettingsSchemaInstrumentedTest.kt#backgroundMatchesReferenceRowsWarningsAndRawPolicyPersistence;iosApp/iosAppUITests/IosAppUITests.swift#testToshiakiBackgroundMatchesReferenceRowsWarningAndRawBackedChoices
settings-reference-background-timer	background-refresh	としあき仮の生存／更新確認は参照APKと同じ起動直後＋60秒tick、更新5分・生存15分・対象スレ30分境界で判定し、最終確認時刻をepoch秒で永続化して再起動時の重複を防ぐ	TOSHIAKI_COMPAT	BOTH	INTEGRATION	shared/src/commonTest/kotlin/compat/CompatForegroundChecksTest.kt#updateAndExistenceUseFiveAndFifteenMinuteIntervals;shared/src/commonTest/kotlin/compat/CompatForegroundChecksTest.kt#hiddenLastCheckTimesUseReferenceEpochSecondsAndSurviveRestart;shared/src/commonTest/kotlin/compat/CompatForegroundChecksTest.kt#targetExistenceStaleBoundaryAndReplyCountExcludeOpeningPost;app-android/src/androidTest/java/com/valoser/futacha/CompatSettingsSchemaInstrumentedTest.kt#backgroundReferenceTimerChecksImmediatelyAfterAllPersistedStateLoads
settings-reference-network-screen	settings	としあき仮のネットワーク設定は1.apkのキャッシュサーバー機能／画像の取得、通信軽量化／読取専用ステータス／同時取得数／説明を再現し、設定画面の軽量化ON確認はOKだけで閉じられない	TOSHIAKI_COMPAT	BOTH	INTEGRATION	shared/src/commonTest/kotlin/compat/CompatPreferenceSchemaTest.kt#networkSettingsMatchTheFinalApkRowsAndReadOnlyStatusDefault;app-android/src/androidTest/java/com/valoser/futacha/CompatSettingsSchemaInstrumentedTest.kt#networkMatchesReferenceRowsReadOnlyStatusWarningAndParallelRawValue;iosApp/iosAppUITests/IosAppUITests.swift#testToshiakiNetworkMatchesReferenceRowsWarningAndParallelChoices
settings-reference-network-status	settings	としあき仮のキャッシュサーバーステータスはMain／Catalog／Thread起動時に毎時確認し、利用不可時だけ15分後に再試行して年月日時と稼働状態を保存する。軽量化の実通信は稼働中・参照版対応4板・初回または500レス以上に限定し、Catalog／Threadの切替操作自体は警告なしで即時反映する	TOSHIAKI_COMPAT	BOTH	INTEGRATION	shared/src/commonTest/kotlin/ui/compat/CompatCacheServerTest.kt#statusDateAndRetryCadenceMatchReferenceActivityStartupChecks;shared/src/commonTest/kotlin/ui/compat/CompatCacheServerTest.kt#probeTurnsItsOwnDeadlineIntoReferenceTimeoutStatus;shared/src/commonTest/kotlin/ui/compat/CompatCacheServerTest.kt#catalogAndThreadToggleImmediatelyWithReferenceMessages;shared/src/commonTest/kotlin/ui/compat/CompatCacheServerTest.kt#cacheUseMatchesReferenceAvailabilityBoardAndResponseThreshold;app-android/src/androidTest/java/com/valoser/futacha/CompatSettingsSchemaInstrumentedTest.kt#networkStatusIsProbedOnReferenceHostStartupAndPersistedWithHour;app-android/src/androidTest/java/com/valoser/futacha/CompatSettingsSchemaInstrumentedTest.kt#catalogLightweightMenuTogglesImmediatelyWithoutSettingsWarning
android-auto-backup-excluded	privacy-safety	Androidは参照APK同様にアプリDB・設定をOSの自動バックアップ／端末間コピー対象へ入れず明示バックアップだけを使う	BOTH	ANDROID	ANDROID_UI	app-android/src/androidTest/java/com/valoser/futacha/MainActivitySmokeTest.kt#applicationDataIsExcludedFromAutomaticOsBackup
compat-reverse-search-link-menu	gallery-viewer	画像検索結果のリンク長押しはリンク位置からHTTP(S) URLだけを受け、外部ブラウザ表示とURLコピーをAndroid/iOS共通メニューに出す	TOSHIAKI_COMPAT	BOTH	INTEGRATION	shared/src/commonTest/kotlin/compat/CompatMediaSupportTest.kt#reverseImageSearchBrowserAcceptsOnlyBoundedHttpUrls;app-android/src/androidTest/java/com/valoser/futacha/CompatSettingsSchemaInstrumentedTest.kt#reverseSearchLongPressAcceptsOnlyLinkHitTypes
compat-image-search-all-targets	gallery-viewer	画像検索設定の13検索先は選択順どおりスレ本文・画像一覧・Viewerの操作へ現れ、File方式は画像を送信しIQDB／SauceNAOのHTMLまたはYandex結果URLを内部表示する	TOSHIAKI_COMPAT	BOTH	INTEGRATION	shared/src/commonTest/kotlin/ui/compat/CompatImageSearchTest.kt#referenceTargetListAndDefaultsMatchOldUi1810b;shared/src/commonTest/kotlin/ui/compat/CompatImageSearchTest.kt#iqdbAndSauceNaoFileTargetsUploadMultipartAndKeepProviderHtml;shared/src/commonTest/kotlin/ui/compat/CompatImageSearchTest.kt#yandexFileTargetBuildsResultUrlFromBoundedJson;app-android/src/androidTest/java/com/valoser/futacha/CompatSettingsSchemaInstrumentedTest.kt#galleryMatchesApkSquareGridSaveModeAndOverflowCommands
compat-reverse-search-cookie-bridge	gallery-viewer	画像検索HTTP通信と結果WebViewは対象host・path・Secure条件に合うCookieを双方向に引き継ぎ、外部hostや過大・不正Cookieを混入させない	TOSHIAKI_COMPAT	BOTH	INTEGRATION	shared/src/commonTest/kotlin/repository/CookieRepositoryTest.kt#webViewCookieBridgeExportsMatchingCookiesAndImportsBoundedHeader;shared/src/commonTest/kotlin/network/PersistentCookieSupportTest.kt#domainHelpers_resolveAcceptsSameHostAndParentDomain;shared/src/commonTest/kotlin/network/PersistentCookieSupportTest.kt#domainHelpers_rejectPublicSuffixMismatchesAndInvalidHosts
compat-reference-choice-dialog	gallery-viewer	参照APKの項目選択メニューは題名と明示キャンセルを足さず外側／Backで閉じ、小画面でも全画像検索先までスクロールして選べる	TOSHIAKI_COMPAT	ANDROID	ANDROID_UI	app-android/src/androidTest/java/com/valoser/futacha/CompatSettingsSchemaInstrumentedTest.kt#galleryMatchesApkSquareGridSaveModeAndOverflowCommands
compat-reference-choice-dialog-ios	gallery-viewer	iOSの画像一覧長押しも参照APK同様に題名と明示キャンセルを加えない項目選択として表示し外側タップで閉じる	TOSHIAKI_COMPAT	IOS	IOS_UI	iosApp/iosAppUITests/IosAppUITests.swift#testToshiakiThreadSearchAndGalleryOpenAndReturnToPager
compat-selector-update-check-routing	thread-interaction	タブ一覧の長押し／選択メニューにある更新の確認は開いている全スレを確認し、現在のカタログまたはスレの再読み込みへ誤流入しない	TOSHIAKI_COMPAT	BOTH	INTEGRATION	shared/src/commonTest/kotlin/compat/CompatibilitySelectorActionsTest.kt#updateCheckNeverFallsThroughToCatalogOrThreadReload;app-android/src/androidTest/java/com/valoser/futacha/CompatSettingsSchemaInstrumentedTest.kt#selectorUpdateCheckUsesAllTabProbeInsteadOfReloadingCatalog
compat-reference-context-item-arrays	gallery-viewer	Catalog／Thread画像／Gallery／Viewer長押しの項目数・順序・文言は参照APKのresource配列とViewer実装に一致し、現行独自の重複項目を混入させない	TOSHIAKI_COMPAT	BOTH	INTEGRATION	shared/src/commonTest/kotlin/compat/CompatMediaSupportTest.kt#gallerySaveModeSelectsMediaForZipOrFolderBatchSave;app-android/src/androidTest/java/com/valoser/futacha/CompatSettingsSchemaInstrumentedTest.kt#galleryMatchesApkSquareGridSaveModeAndOverflowCommands;app-android/src/androidTest/java/com/valoser/futacha/CompatSettingsSchemaInstrumentedTest.kt#selectorUpdateCheckUsesAllTabProbeInsteadOfReloadingCatalog;iosApp/iosAppUITests/IosAppUITests.swift#testToshiakiThreadSearchAndGalleryOpenAndReturnToPager
compat-reference-image-ng-phash	gallery-viewer	Catalog／Thread／GalleryのNG画像登録は参照APK同様にメモと板限定を受け、URL一致だけでなく画像pHashを生成して類似画像判定へ利用する	TOSHIAKI_COMPAT	BOTH	INTEGRATION	shared/src/commonTest/kotlin/compat/CompatImagePhashTest.kt#matchesReferenceShapeAndDistanceRules;app-android/src/androidTest/java/com/valoser/futacha/CompatSettingsSchemaInstrumentedTest.kt#selectorUpdateCheckUsesAllTabProbeInsteadOfReloadingCatalog
compat-reference-image-ng-screen	gallery-viewer	1.apkのＮＧ画像専用画面でURL／pHash旧新種別を同一一覧へ表示し、68dp行・新しい順・検索・96dpメモ／板範囲編集・しきい値・source別全削除を再現する	TOSHIAKI_COMPAT	BOTH	INTEGRATION	shared/src/commonTest/kotlin/compat/CompatibilityImageNgManagementTest.kt#referenceManagerUnifiesUrlAndPhashRowsForTheCurrentSourceAndBoard;app-android/src/androidTest/java/com/valoser/futacha/CompatSettingsSchemaInstrumentedTest.kt#imageNgManagerUnifiesUrlAndPhashRowsWithReferenceEditorThresholdAndClear;iosApp/iosAppUITests/IosAppUITests.swift#testToshiakiImageNgMatchesReferenceDedicatedScreenThresholdAndClearDialogs
compat-reference-drawer-tab-context	thread-history	Drawerのタブ長押しはお気に入り状態で文言を変えない6項目と毎回ONへ戻る保護チェックを参照順で表示し、小画面では一覧をスクロールでき、単独削除を含む全削除操作がお気に入り保護を尊重する	TOSHIAKI_COMPAT	BOTH	INTEGRATION	shared/src/commonTest/kotlin/compat/CompatMediaSupportTest.kt#gallerySaveModeSelectsMediaForZipOrFolderBatchSave;shared/src/commonTest/kotlin/ui/compat/CompatibilityDrawerReferenceTest.kt#everyDrawerDeleteCommandHonorsTheDialogLocalFavoriteProtection;app-android/src/androidTest/java/com/valoser/futacha/CompatSettingsSchemaInstrumentedTest.kt#drawerTabContextMatchesReferenceListAndFavoriteProtection;iosApp/iosAppUITests/IosAppUITests.swift#testToshiakiDrawerFavoriteProtectionMatchesReferenceDeletion
compat-reference-drawer-toolbar	thread-history	Drawer下部はold.apk／1.apk共通の専用5画像をタブ／履歴／巡回／全タブ確認／設定の順に等幅表示し、巡回providerの未導入・旧版・未初期化状態は参照文言を見出しへ表示する	TOSHIAKI_COMPAT	BOTH	INTEGRATION	shared/src/commonTest/kotlin/ui/compat/CompatibilityDrawerReferenceTest.kt#drawerToolbarUsesFiveDistinctOldAndFinalApkResourcesInReferenceOrder;shared/src/commonTest/kotlin/ui/compat/CompatibilityDrawerReferenceTest.kt#drawerHeadersPutWatcherProviderFailuresInTheHeaderOnly;app-android/src/androidTest/java/com/valoser/futacha/CompatSettingsSchemaInstrumentedTest.kt#drawerRowsAndFiveToolbarImagesMatchOldAndFinalApk;iosApp/iosAppUITests/IosAppUITests.swift#testToshiakiDrawerMatchesReferenceToolbarAndHeaders
compat-reference-drawer-rows	thread-history	Drawerのタブ／履歴は更新日時・既読レス数・正の更新差分・生存／状態色・サムネなし画像を表示し、巡回は50dp画像・レス表記・登録日時・active色を使って外部結果と内蔵巡回結果を重複させない	TOSHIAKI_COMPAT	BOTH	INTEGRATION	shared/src/commonTest/kotlin/ui/compat/CompatibilityDrawerReferenceTest.kt#drawerReplyRowsShowReadCountAndOnlyPositiveProbeDelta;shared/src/commonTest/kotlin/ui/compat/CompatibilityDrawerReferenceTest.kt#drawerRowsUseTheTwoReferenceJapaneseTimestampPatterns;app-android/src/androidTest/java/com/valoser/futacha/CompatSettingsSchemaInstrumentedTest.kt#drawerRowsAndFiveToolbarImagesMatchOldAndFinalApk;shared/src/iosTest/kotlin/ui/compat/IosCompatExternalWatcherTest.kt#inAppWatcherListsAndDeletesResultsWithoutDeletingCompatibilityHistory
compat-reference-post-context-del	thread-interaction	本文長押しの3×3項目は参照APKどおり小文字web／delを含む順序で表示し、delは送信前に削除依頼No確認を必ず挟む	TOSHIAKI_COMPAT	BOTH	INTEGRATION	shared/src/commonTest/kotlin/compat/CompatibilityCoreTest.kt#postActionCandidates_andQuickQuote_keepLegacyFieldOrder;app-android/src/androidTest/java/com/valoser/futacha/CompatSettingsSchemaInstrumentedTest.kt#threadPostAndScrollDialogsMatchReferenceLabelsAndConfirmationFlow
compat-reference-delete-dialog-copy	thread-interaction	Catalog delと本人削除の確認は参照APKの題名・ボタン・画像だけ消す文言に一致し、現行独自の説明本文を混入させない	TOSHIAKI_COMPAT	BOTH	INTEGRATION	app-android/src/androidTest/java/com/valoser/futacha/CompatSettingsSchemaInstrumentedTest.kt#selectorUpdateCheckUsesAllTabProbeInsteadOfReloadingCatalog;app-android/src/androidTest/java/com/valoser/futacha/CompatSettingsSchemaInstrumentedTest.kt#threadPostAndScrollDialogsMatchReferenceLabelsAndConfirmationFlow
compat-reference-thread-scroll-dialog	thread-interaction	スレッドのスクロール操作は題名・閉じる行を足さない下端パネルでトップ／最新レスとSeek操作を提供し、端操作後は閉じる	TOSHIAKI_COMPAT	ANDROID	ANDROID_UI	app-android/src/androidTest/java/com/valoser/futacha/CompatSettingsSchemaInstrumentedTest.kt#threadPostAndScrollDialogsMatchReferenceLabelsAndConfirmationFlow
compat-reference-information-screens	updates-notifications	変更履歴は他アプリの履歴を流用せず、ふたちゃの全版数と利用者向け変更内容だけを日付・build・開発中表記なしで表示する。ライセンスはふたちゃの現行OSS依存関係・Google SDK規約・Apache 2.0全文を表示し、設定／ヘルプから同じ内部画面を開く	TOSHIAKI_COMPAT	BOTH	INTEGRATION	shared/src/commonTest/kotlin/ui/compat/CompatibilityInfoScreensTest.kt#futachaChangeLogContainsVersionsAndChangesOnly;shared/src/commonTest/kotlin/ui/compat/CompatibilityInfoScreensTest.kt#licensesDescribeFutachaDependenciesInsteadOfTheReferenceApplication;shared/src/commonTest/kotlin/ui/compat/CompatibilityInfoScreensTest.kt#changeLogAutoOpenDecisionMatchesVersionGate;app-android/src/androidTest/java/com/valoser/futacha/CompatSettingsSchemaInstrumentedTest.kt#informationScreensUseFutachaHistoryAndCurrentLicenses;iosApp/iosAppUITests/IosAppUITests.swift#testToshiakiFutachaInformationScreensOpenInternally
compat-reference-root-settings	settings	としあき仮の設定rootは1.apkの基本設定6・表示3・バックアップ5・その他4項目の構造と旧作者欄を維持し、履歴・ライセンスはふたちゃの事実に合わせ、現行独自機能を末尾のふたちゃ拡張へ隔離する。復元は単一ファイル、保存はフォルダーを選び、成功日時とDatabase v26・版表示メッセージも参照挙動へ合わせる	TOSHIAKI_COMPAT	BOTH	INTEGRATION	shared/src/commonTest/kotlin/compat/CompatPreferenceSchemaTest.kt#rootSettingsKeepTheReferenceCoreExactAndIsolateCurrentExtensions;shared/src/commonTest/kotlin/compat/CompatPreferenceSchemaTest.kt#referenceBackupDatesAndVersionMessagesMatchTheApkContracts;app-android/src/androidTest/java/com/valoser/futacha/CompatSettingsSchemaInstrumentedTest.kt#rootSettingsKeepReferenceRowsAndPutCurrentFeaturesInTheExtensionSection;iosApp/iosAppUITests/IosAppUITests.swift#testToshiakiRootSettingsKeepReferenceCoreAndIsolateExtensions
compat-catalog-reply-priority	catalog	としあき仮のレス数優先は1.apk同様に有効時だけしきい値で安定分割し、抽出対象を優先群内で前へ出し、非優先群の表示可否を板ごとに保持して選択中のカタログ順を壊さない	TOSHIAKI_COMPAT	BOTH	INTEGRATION	shared/src/commonTest/kotlin/compat/CompatibilityCatalogProjectionTest.kt#referencePriorityKeepsSelectedSortOrderAndAppendsFewReplies;app-android/src/androidTest/java/com/valoser/futacha/CompatSettingsSchemaInstrumentedTest.kt#catalogReplyPriorityMatchesReferencePartitionAndPersistsPerBoardFlags;iosApp/iosAppUITests/IosAppUITests.swift#testToshiakiCatalogReplyPriorityFlagsPersistPerBoard
compat-catalog-source-title-limit	catalog	としあき仮のカタログ本文は1.apkのCatalogLoader同様に取得段階の10／20／30文字制限を検索・NG・監視・抽出より先に適用し、その後Grid／List固有の表示文字数を独立して適用する	TOSHIAKI_COMPAT	BOTH	INTEGRATION	shared/src/commonTest/kotlin/compat/CompatibilityCatalogProjectionTest.kt#sourceTitleLimitRunsBeforeIndependentGridOrListLimit;shared/src/commonTest/kotlin/compat/CompatibilityCatalogProjectionTest.kt#sourceTitleLimitMatchesReferenceBoundsAndPreservesMissingTitles;app-android/src/androidTest/java/com/valoser/futacha/CompatSettingsSchemaInstrumentedTest.kt#catalogSourceTitleLimitAppliesBeforeDisplayAndSearchLikeReferenceLoader;iosApp/iosAppUITests/IosAppUITests.swift#testToshiakiCatalogSourceTitleLimitPersistsAndRestores
compat-settings-option-state-isolation	settings	としあき仮の設定選択Dialogは項目ごとにスクロール状態を分離し、31択の末尾を選んだ直後でも3択を空表示にせず、単位付き表示値を1.apkの数値entryValueとして永続化する	TOSHIAKI_COMPAT	BOTH	INTEGRATION	shared/src/commonTest/kotlin/compat/CompatPreferenceSchemaTest.kt#catalogChoicesWithUnitsPersistTheFinalApkEntryValues;app-android/src/androidTest/java/com/valoser/futacha/CompatSettingsSchemaInstrumentedTest.kt#missingCatalogAndThreadRowsAreReachableAndPersistStableApkKeys;iosApp/iosAppUITests/IosAppUITests.swift#testToshiakiCatalogSourceTitleLimitPersistsAndRestores
compat-catalog-dropped-setting-dependency	settings	1.apkと同様に「消えたスレを末尾に表示」は「スレ落ち・隔離判定」がOFFの間は操作不可とし、ON時だけ個別に永続化でき、iOSの非同期初期読込みが直後の操作を古い値で上書きしない	TOSHIAKI_COMPAT	BOTH	INTEGRATION	shared/src/commonTest/kotlin/compat/CompatPreferenceSchemaTest.kt#settingsSnapshotLoadsDependenciesSynchronouslyAndKeepsLegacyAliases;app-android/src/androidTest/java/com/valoser/futacha/CompatSettingsSchemaInstrumentedTest.kt#missingCatalogAndThreadRowsAreReachableAndPersistStableApkKeys;iosApp/iosAppUITests/IosAppUITests.swift#testToshiakiCatalogDroppedAppendFollowsReferenceDependency
compat-viewer-preload-policy	gallery-viewer	Viewerの前後画像先読みは1.apkのusually／wifi／noneを保存・復元し、wifiは非従量制接続時だけ、noneは常に抑止し、旧日本語保存値も同じ挙動で読む	TOSHIAKI_COMPAT	BOTH	INTEGRATION	shared/src/commonTest/kotlin/compat/CompatPreferenceSchemaTest.kt#exactDiscreteDomainsMatchApk;shared/src/commonTest/kotlin/compat/CompatMediaSupportTest.kt#viewerPreloadUsesFinalApkRawValuesAndReadsLegacyLabels;app-android/src/androidTest/java/com/valoser/futacha/CompatSettingsSchemaInstrumentedTest.kt#viewerPreloadPersistsFinalApkRawPolicies;iosApp/iosAppUITests/IosAppUITests.swift#testToshiakiViewerPreloadChoicesUseReferencePolicy
compat-reference-ascii2d-dialog	gallery-viewer	old.apk／1.apkの詳細画像検索登録は正確な題名・アドレス表記・httpsヒント・登録／取消を表示し、不正URLでも登録操作を無効化せず参照文言で通知する	TOSHIAKI_COMPAT	BOTH	INTEGRATION	shared/src/commonTest/kotlin/ui/compat/CompatImageSearchTest.kt#endpointValidationAllowsAscii2dOnly;app-android/src/androidTest/java/com/valoser/futacha/CompatSettingsSchemaInstrumentedTest.kt#ascii2dAndImageCompressionDialogsMatchBothReferenceApks
compat-reference-viewer-search-selector	gallery-viewer	Viewer画像検索選択は1.apkの有効検索先を設定順に題名・キャンセルなしで列挙し末尾まで操作できる	TOSHIAKI_COMPAT	BOTH	INTEGRATION	shared/src/commonTest/kotlin/ui/compat/CompatImageSearchTest.kt#referenceTargetListAndDefaultsMatchOldUi1810b;app-android/src/androidTest/java/com/valoser/futacha/CompatSettingsSchemaInstrumentedTest.kt#galleryMatchesApkSquareGridSaveModeAndOverflowCommands
compat-reference-catalog-rule-dialogs	catalog	監視ワード・カタログNGワード・NGスレッドの追加／編集／全削除／個別削除Dialogはold.apk／1.apkの文言・範囲・検証・操作を再現する	TOSHIAKI_COMPAT	BOTH	INTEGRATION	app-android/src/androidTest/java/com/valoser/futacha/CompatSettingsSchemaInstrumentedTest.kt#catalogExtractReferenceScreenUsesDirectActivityFlowAndExactDialogs;app-android/src/androidTest/java/com/valoser/futacha/CompatSettingsSchemaInstrumentedTest.kt#catalogIgnoreReferenceScreenUsesAliasesScopeIconsAndExactEditors;app-android/src/androidTest/java/com/valoser/futacha/CompatSettingsSchemaInstrumentedTest.kt#catalogRefuseReferenceScreenShowsTitleUrlAndConfirmsEveryDeletion
compat-reference-catalog-cache-and-tab-dialogs	catalog	カタログキャッシュ検索はOR／ANDと履歴候補を再現し、カタログタブ選択メニューは更新の確認／スレを閉じるの2項目だけを出す	TOSHIAKI_COMPAT	BOTH	UNIT	shared/src/commonTest/kotlin/ui/compat/CompatCatalogCacheSearchDialogTest.kt#cacheResultsSupportOrAndFilteringLikeLegacySearch;shared/src/commonTest/kotlin/ui/compat/CompatCatalogCacheSearchDialogTest.kt#emptyQueryShowsNewestHistorySuggestionsLikeReferenceDialog;shared/src/commonTest/kotlin/compat/CompatibilitySelectorActionsTest.kt#catalogContextHasTheExactTwoReferenceChoices
compat-reference-post-dialogs	posting	投稿確認・破棄・画像圧縮と手書きのパレット／クリア／保存／未保存終了Dialogはold.apk／1.apkの題名・本文・ボタン・操作順を再現する	TOSHIAKI_COMPAT	BOTH	INTEGRATION	app-android/src/androidTest/java/com/valoser/futacha/CompatSettingsSchemaInstrumentedTest.kt#postValidationMessagesMatchBothReferenceApks;app-android/src/androidTest/java/com/valoser/futacha/CompatSettingsSchemaInstrumentedTest.kt#ascii2dAndImageCompressionDialogsMatchBothReferenceApks;app-android/src/androidTest/java/com/valoser/futacha/CompatSettingsSchemaInstrumentedTest.kt#postDrawingDialogsBrushesAndHelpMatchBothReferenceApks
compat-reference-thread-search-dialogs	thread-interaction	スレ内キーワード抽出とGoogle検索はold.apk／1.apkの題名・候補・検索する／キャンセルを表示し、未選択でも参照どおり検索操作を受け付ける	TOSHIAKI_COMPAT	BOTH	INTEGRATION	shared/src/commonTest/kotlin/compat/CompatibilityCoreTest.kt#postActionCandidates_andQuickQuote_keepLegacyFieldOrder;app-android/src/androidTest/java/com/valoser/futacha/CompatSettingsSchemaInstrumentedTest.kt#threadExtractionAndWebSearchDialogsMatchBothReferenceApks
compat-reference-thread-ng-dialogs	thread-interaction	スレNGヘッダー／ワードの追加・編集・削除・全削除Dialogは参照版の題名・スコープ・ボタン・入力検証を再現する	TOSHIAKI_COMPAT	BOTH	INTEGRATION	app-android/src/androidTest/java/com/valoser/futacha/CompatSettingsSchemaInstrumentedTest.kt#threadReferenceNgManagersMatchDedicatedActivitiesScopesEditorsAndGlobalClear
compat-reference-thread-clean-services	thread-history	old.apk／1.apk同様にタブは100件超過時90件、履歴は200件超過時190件へ整理し境界件数までは削除しない	TOSHIAKI_COMPAT	BOTH	INTEGRATION	app-android/src/androidTest/java/com/valoser/futacha/CompatibilitySnapshotCacheInstrumentedTest.kt#threadTabAndHistoryCleanServicesUseReferenceTriggerAndTrimBoundaries;shared/src/iosTest/kotlin/compat/IosExperienceProfileStoreTest.kt#compatibilityTabAndHistoryCleanupMatchesReferenceBoundaries
compat-reference-cache-supplement	thread-loading	参照版の過去ログ取得確認で得ていた欠落レス補完を、現在はキャッシュ／過去ログ自動マージで操作待ちなく提供する	TOSHIAKI_COMPAT	BOTH	UNIT	shared/src/commonTest/kotlin/ui/compat/CompatThreadFetchTest.kt#incompleteCacheHitIsSupplementedByArchive
compat-reference-deleted-count-presentation	thread-interaction	削除レス件数の集約通知はスレ先頭へ表示せず、個別削除レスの表示設定と内部の消滅判定は維持する	TOSHIAKI_COMPAT	BOTH	UNIT	shared/src/commonTest/kotlin/ui/compat/CompatDeletedPostPresentationTest.kt#aggregateDeletedResponseNoticeIsNotRenderedAboveTheThread
compat-reference-archive-apu-label	archive	新規取得・端末キャッシュ・保存メタデータ・保存元HTMLの過去ログ本文と引用に追加されたあぷ／あぷ小ファイル名末尾の［見る］だけを除去し、一般の本文とリンク表示は維持する	TOSHIAKI_COMPAT	BOTH	INTEGRATION	shared/src/commonTest/kotlin/ui/compat/CompatArchiveThreadFetcherTest.kt#archiveApuViewSuffixIsRemovedFromBodyAndQuoteOnly;shared/src/commonTest/kotlin/compat/CompatMediaSupportTest.kt#persistedArchiveApuLabelsAreNormalizedBeforePresentation;shared/src/commonTest/kotlin/service/ThreadSaveSupportTest.kt#rewriteSavedOriginalHtml_removesFtbucketPreviewControlsOnly;app-android/src/test/java/com/valoser/futacha/SavedHtmlViewerActivityTest.kt#sanitizesFtbucketPreviewControlBeforeWebViewRendering;app-android/src/androidTest/java/com/valoser/futacha/CompatSettingsSchemaInstrumentedTest.kt#issue78PersistedArchiveLabelsAreAbsentFromBodyAndQuoteOnDevice;app-android/src/androidTest/java/com/valoser/futacha/ThreadSavePlatformContractInstrumentedTest.kt#savedHtmlViewerRemovesFtbucketPreviewControlOnDevice;iosApp/iosAppUITests/IosAppUITests.swift#testIssue78PersistedArchiveLabelsAreAbsentFromBodyAndQuoteOnDevice;iosApp/iosAppUITests/IosAppUITests.swift#testIssue78SavedHtmlViewerRemovesFtbucketPreviewControl
compat-reference-deleted-body-colour	thread-interaction	削除・隔離通知を赤で表示しても、その後に残る元の本文はテーマの通常本文色で表示する	TOSHIAKI_COMPAT	BOTH	UNIT	shared/src/commonTest/kotlin/ui/compat/CompatDeletedPostPresentationTest.kt#visibleDeletedPostKeepsOriginalBodyColourAndLimitsRedToTheNotice
compat-reference-apu-thumbnail-aspect	media	あぷ小サムネイル枠は復号後の画像寸法から縦横比を保ち、横長画像を正方形の固定枠へ引き伸ばさない	TOSHIAKI_COMPAT	BOTH	UNIT	shared/src/commonTest/kotlin/compat/CompatMediaSupportTest.kt#apuSmallThumbnailBoundsUseDecodedLandscapeAspectRatio
compat-thread-thumbnail-transient-retry	thread-loading	スレ本文サムネイルの通信再試行は通信層へ集約し、UIで反復せず、404・410の場合だけ原画像へフォールバックする	TOSHIAKI_COMPAT	BOTH	INTEGRATION	shared/src/commonTest/kotlin/ui/compat/CompatThumbnailRetryTest.kt#missingThumbnailFallsBackWithoutRepeatingTheSameUrl;app-android/src/androidTest/java/com/valoser/futacha/CompatViewerGestureInstrumentedTest.kt#threadThumbnailDoesNotMultiplyExhaustedTransportRetries;app-android/src/androidTest/java/com/valoser/futacha/CompatViewerGestureInstrumentedTest.kt#threadMissingThumbnailFallsBackOnce
compat-toolbar-drag-stability	settings	ツールバー並び替えはドラッグ開始時の順序を基準に行境界を一度だけ越え、項目移動による往復振動を起こさずドロップ順を保存する	TOSHIAKI_COMPAT	ANDROID	INTEGRATION	shared/src/commonTest/kotlin/ui/compat/CompatibilityToolbarDragTest.kt#placementUsesThePointerDownOrderWithoutBoundaryOscillation;app-android/src/androidTest/java/com/valoser/futacha/CompatSettingsSchemaInstrumentedTest.kt#toolbarEditorDragMovesExactlyOneRowWithoutOscillating
compat-viewer-return-cache	gallery-viewer	Viewerから戻った時は表示中のキャッシュ済みスレを再利用し、明示更新なしに本文を再取得しない	TOSHIAKI_COMPAT	ANDROID	ANDROID_UI	app-android/src/androidTest/java/com/valoser/futacha/CompatViewerGestureInstrumentedTest.kt#viewerBackRestoresCachedThreadWithoutNetworkRefresh
compat-large-thread-lazy-media	thread-loading	1000レス級スレでも末尾へ移動でき、画面外サムネイルを一括取得せず表示範囲付近だけを遅延読込する	TOSHIAKI_COMPAT	ANDROID	ANDROID_UI	app-android/src/androidTest/java/com/valoser/futacha/CompatViewerGestureInstrumentedTest.kt#thousandReplyThreadOnlyRequestsImagesNearTheVisibleViewport
compat-change-log-update-once	updates-notifications	変更履歴の自動表示は保存済み版から更新された後の一度だけとし、設定通知の遅延や画面再生成で再表示せず手動表示を維持する	TOSHIAKI_COMPAT	BOTH	INTEGRATION	shared/src/commonTest/kotlin/ui/compat/CompatibilityInfoScreensTest.kt#changeLogDoesNotTreatMissingEquivalentOrOlderVersionsAsUpdates;shared/src/iosTest/kotlin/compat/IosExperienceProfileStoreTest.kt#changeLogUpdateIsConsumedOnceAcrossStoreRecreation;app-android/src/androidTest/java/com/valoser/futacha/CompatSettingsSchemaInstrumentedTest.kt#changeLogDoesNotRepeatAfterRecreationWithStalePreferenceEmission
stability-animation-input	media	アニメ画像の巨大入力・巨大チャンク・過大な展開先をデコード前に拒否する	BOTH	ANDROID	INTEGRATION	shared/src/commonTest/kotlin/ui/image/CompatAnimatedImageHeaderSupportTest.kt#apngRejectsHugeChunksBeforeReadingThemAndBoundsEmptyChunkLoops;shared/src/commonTest/kotlin/ui/image/CompatAnimatedImageCanvasSupportTest.kt#compressedImageCannotAllocateAnUnboundedSourceCanvas;app-android/src/androidTest/java/com/valoser/futacha/RuntimeStabilityInstrumentedTest.kt#gifDecoderStopsReadingOversizedInputAndClosesSource;app-android/src/androidTest/java/com/valoser/futacha/RuntimeStabilityInstrumentedTest.kt#boundedGifDecoderStillDecodesStaticAndAnimatedImages
stability-ios-post-image	posting	iOS添付圧縮は縮小デコードで画素数を制限し縦横比と出力容量を維持する	TOSHIAKI_COMPAT	IOS	INTEGRATION	shared/src/iosTest/kotlin/ui/compat/IosPostImageDownsamplingTest.kt#decoderLimitsPixelsAndPreservesAspectRatio;shared/src/iosTest/kotlin/ui/compat/IosPostImageDownsamplingTest.kt#largeAttachmentIsDownsampledBeforeJpegCompression
stability-ui-storage-failure	settings	設定保存・ツールバー読込が失敗してもエラーを表示して戻れる	TOSHIAKI_COMPAT	ANDROID	ANDROID_UI	app-android/src/androidTest/java/com/valoser/futacha/RuntimeStabilityInstrumentedTest.kt#settingsWriteFailureIsVisibleAndScreenRemainsUsable;app-android/src/androidTest/java/com/valoser/futacha/RuntimeStabilityInstrumentedTest.kt#unreadableToolbarOffersBackInsteadOfCrashing
stability-draft-read-failure	reply-drafts	下書き読込失敗でクラッシュせず既存下書きを空で上書きしない	TOSHIAKI_COMPAT	ANDROID	ANDROID_UI	app-android/src/androidTest/java/com/valoser/futacha/RuntimeStabilityInstrumentedTest.kt#unreadableDraftDoesNotCrashOrOverwriteStoredDraft
stability-post-success-cleanup	posting	投稿成功後に設定保存が失敗しても成功通知を一度行う	TOSHIAKI_COMPAT	ANDROID	ANDROID_UI	app-android/src/androidTest/java/com/valoser/futacha/RuntimeStabilityInstrumentedTest.kt#acceptedPostStillCompletesWhenLocalSettingsWriteFails
stability-viewer-cache-failure	gallery-viewer	画像一覧の読込失敗でクラッシュせずエラーから戻れる	TOSHIAKI_COMPAT	ANDROID	ANDROID_UI	app-android/src/androidTest/java/com/valoser/futacha/RuntimeStabilityInstrumentedTest.kt#unreadableViewerCacheShowsErrorAndAllowsBack
stability-scroll-recomposition	catalog	高速スクロールバーのON/OFFによらずスクロールで親画面の再コンポーズを増やさない	TOSHIAKI_COMPAT	ANDROID	ANDROID_UI	app-android/src/androidTest/java/com/valoser/futacha/RuntimeStabilityInstrumentedTest.kt#scrollingWithEnabledScrollbarDoesNotRecomposeParent;app-android/src/androidTest/java/com/valoser/futacha/RuntimeStabilityInstrumentedTest.kt#scrollingWithDisabledScrollbarDoesNotRecomposeParent
stability-ios-cache-envelope	thread-history	iOS本文キャッシュが全体保存上限を超えたら古い本文を整理し下書きと設定を再起動後も保持する	BOTH	IOS	INTEGRATION	shared/src/iosTest/kotlin/compat/IosExperienceProfileStoreTest.kt#oversizedUnlimitedCacheEvictsOldBodiesAndPreservesUserDataAcrossReopen
save-html-partial-result	saving	HTML取得失敗時も本文と媒体を保持しHTML欠落をPARTIALとして記録する	BOTH	BOTH	INTEGRATION	shared/src/commonTest/kotlin/service/ThreadSaveServiceTest.kt#saveThread_keepsMetadataConsistentWhenRawHtmlFetchFails
save-local-media-stream	saving	端末内の画像と動画をネットワークなしでストリーム書出しし元ファイルへの上書きを拒否する	BOTH	BOTH	INTEGRATION	shared/src/commonTest/kotlin/service/LocalMediaSaveRegressionTest.kt#copiesAbsoluteFileUrlAndContentSourcesWithoutNetwork;shared/src/commonTest/kotlin/service/LocalMediaSaveRegressionTest.kt#copiesThroughStreamingReaderInsteadOfReadBytes;shared/src/commonTest/kotlin/service/LocalMediaSaveRegressionTest.kt#copyingOntoSourceFailsWithoutDeletingIt
save-local-zip-cancel	saving	ローカル画像と動画のZIP保存は欠損を報告しキャンセル時に部分出力だけを削除する	TOSHIAKI_COMPAT	BOTH	INTEGRATION	shared/src/commonTest/kotlin/service/LocalMediaSaveRegressionTest.kt#localZipIncludesBothImagesAndVideosAndReportsMissingSources;shared/src/commonTest/kotlin/service/LocalMediaSaveRegressionTest.kt#cancellationDuringLocalZipRemovesPartialOutputAndKeepsSource
saved-compat-index-recovery	saved-threads	としあきの選択保存先へindex登録し過去の未登録metadataを復元して重複表示と削除後の復活を防ぐ	TOSHIAKI_COMPAT	BOTH	INTEGRATION	shared/src/commonTest/kotlin/ui/compat/ManualSaveAuditRegressionTest.kt#completedCompatSaveAppearsOnlyInTheSelectedFolderIndex;shared/src/commonTest/kotlin/ui/compat/ManualSaveAuditRegressionTest.kt#recoversPreviouslyUnindexedMetadataAndDoesNotDuplicateIt
save-preview-result-visible	saving	プレビューを開いたまま保存先と共有を表示しHTTP失敗の結果も閉じられる	FUTACHA	ANDROID	ANDROID_UI	app-android/src/androidTest/java/com/valoser/futacha/MediaSaveResultInstrumentedTest.kt#localImageSaveShowsDestinationAndShareAboveThePreview;app-android/src/androidTest/java/com/valoser/futacha/MediaSaveResultInstrumentedTest.kt#remoteFailureIsVisibleAboveThePreviewAndCanBeDismissed
save-first-picker-resume	storage-integration	初回保存のフォルダ選択後に保存ボタンを押し直さず媒体の保存を完了する	FUTACHA	ANDROID	ANDROID_UI	app-android/src/androidTest/java/com/valoser/futacha/MediaSaveResultInstrumentedTest.kt#firstSaveSelectsFolderAndContinuesWithoutAnotherSaveTap
save-provider-close-failure	storage-integration	保存先のclose失敗を成功にせず元の書込例外とキャンセルを保持する	BOTH	BOTH	UNIT	shared/src/commonTest/kotlin/service/LocalMediaSaveRegressionTest.kt#providerCloseFailureIsReturnedAndOriginalWriteFailureIsPreserved;shared/src/commonTest/kotlin/service/LocalMediaSaveRegressionTest.kt#cancellationStillClosesTheProviderAndRemainsCancellation
save-ios-files-visible	storage-integration	iOSアプリでスレッドを保存した後FilesのこのiPhone内からfutachaのDocumentsを発見できる	FUTACHA	IOS	INTEGRATION	iosApp/iosAppUITests/IosAppUITests.swift#testSavedDocumentsAreVisibleInFiles
save-ios-bookmark-export	storage-integration	bookmarkの保存媒体を別のFileSystemから再解決してストリーム読出しできる	BOTH	IOS	INTEGRATION	shared/src/iosTest/kotlin/util/IosFileSystemSaveLocationTest.kt#bookmarkSavedFileCanBeReopenedAndStreamedForExport
quote-bulk-selection	thread-interaction	引用内容の全選択と全解除を行い、画面外の本文も順序を保って返信欄へ転記できる	BOTH	ANDROID	ANDROID_UI	app-android/src/androidTest/java/com/valoser/futacha/ThreadReplyNavigationInstrumentedTest.kt#futachaBulkQuoteSelectsOffscreenLinesAndClearsBeforeIndividualSelection;app-android/src/androidTest/java/com/valoser/futacha/ThreadReplyNavigationInstrumentedTest.kt#compatBulkQuoteSelectsOffscreenLinesAndClearsBeforeIndividualSelection
futacha-new-reply-boundary	thread-interaction	初回表示と更新の差分を識別し、既存履歴からの新着と表示順・ヘッダーを考慮して新着から末尾へ移動する	FUTACHA	BOTH	UNIT	shared/src/commonTest/kotlin/ui/board/ThreadNewReplyNavigationTest.kt#firstVisitHasNoMarkerAndRefreshFindsNewRepliesByIdentity;shared/src/commonTest/kotlin/ui/board/ThreadNewReplyNavigationTest.kt#reopeningUsesHistoryCountAndWaitsThroughShorterCachedCopies;shared/src/commonTest/kotlin/ui/board/ThreadNewReplyNavigationTest.kt#bottomStopsAtNewReplyThenContinuesToFooter;shared/src/commonTest/kotlin/ui/board/ThreadNewReplyNavigationTest.kt#bottomUsesFilteredAndTreeDisplayOrderAndSkipsHiddenNewReplies
compat-new-reply-bottom	thread-interaction	最下部ボタンは既存の新着区切りで止まり、次の操作で末尾へ進む。非表示レスとフッターを考慮する	TOSHIAKI_COMPAT	BOTH	UNIT	shared/src/commonTest/kotlin/compat/CompatNewReplyNavigationTest.kt#bottomStopsAtExistingMarkerThenContinuesToFooter;shared/src/commonTest/kotlin/compat/CompatNewReplyNavigationTest.kt#bottomUsesFilteredMarkerAndHandlesNoVisibleNewReplies
new-reply-bottom-ui	thread-interaction	両モードの最下部ボタンが新着区切りから末尾の順に移動し、ふたちゃの通常・ツリー表示でも区切りを表示する	BOTH	ANDROID	ANDROID_UI	app-android/src/androidTest/java/com/valoser/futacha/ThreadReplyNavigationInstrumentedTest.kt#futachaBottomStopsAtNewMarkerThenReachesFooter;app-android/src/androidTest/java/com/valoser/futacha/ThreadReplyNavigationInstrumentedTest.kt#futachaTreeBottomStopsAtNewMarkerThenReachesFooter;app-android/src/androidTest/java/com/valoser/futacha/ThreadReplyNavigationInstrumentedTest.kt#compatBottomStopsAtExistingNewMarkerThenReachesFooter
quote-bulk-selection-ios	thread-interaction	iOSの両モードで引用選択の全選択・全解除を操作でき、空選択では転記できない	BOTH	IOS	IOS_UI	iosApp/iosAppUITests/IosAppUITests.swift#testFutachaQuoteSelectionHasBulkActions;iosApp/iosAppUITests/IosAppUITests.swift#testCompatQuoteSelectionHasBulkActions
compact-header-android	settings	コンパクトヘッダーは通常・ツリー表示の上部バーとレスを低くし、即時反映・永続化・OFFで復元する	FUTACHA	ANDROID	ANDROID_UI	app-android/src/androidTest/java/com/valoser/futacha/CompactThreadHeaderInstrumentedTest.kt#flatSettingShrinksTopBarAndPostHeadersImmediatelyAndRestores;app-android/src/androidTest/java/com/valoser/futacha/CompactThreadHeaderInstrumentedTest.kt#treeSettingShrinksTopBarAndPostHeadersImmediatelyAndRestores
compact-header-ios	settings	コンパクトヘッダーは通常・ツリー表示の上部バーとレスを低くし、設定変更・再起動後の永続化・OFFで復元する	FUTACHA	IOS	IOS_UI	iosApp/iosAppUITests/IosAppUITests.swift#testFutachaCompactHeaderShrinksAndPersistsInFlatMode;iosApp/iosAppUITests/IosAppUITests.swift#testFutachaCompactHeaderShrinksAndPersistsInTreeMode
compact-header-quotes	thread-interaction	コンパクトヘッダーを通常・ツリー表示の引用プレビューにも即時反映する	FUTACHA	ANDROID	ANDROID_UI	app-android/src/androidTest/java/com/valoser/futacha/CompactThreadHeaderInstrumentedTest.kt#flatQuotePreviewUsesCompactPostHeader;app-android/src/androidTest/java/com/valoser/futacha/CompactThreadHeaderInstrumentedTest.kt#treeQuotePreviewUsesCompactPostHeader
compact-header-large-text	accessibility-layout	幅320dp・文字倍率1.5でもコンパクト上部情報を1行に保ち、検索の開閉と操作可能領域を維持する	FUTACHA	ANDROID	ANDROID_UI	app-android/src/androidTest/java/com/valoser/futacha/CompactThreadHeaderInstrumentedTest.kt#narrowScreenWithLargeSystemTextKeepsCompactTitleOnOneLine
compact-header-compat-scope	settings	ふたちゃ専用のコンパクト設定を変更しても、としあきモード固有のレスヘッダーを変更しない	TOSHIAKI_COMPAT	BOTH	INTEGRATION	app-android/src/androidTest/java/com/valoser/futacha/CompactThreadHeaderInstrumentedTest.kt#toshiakiUsesItsOwnHeaderSettingsOnBothGlobalCompactValues;iosApp/iosAppUITests/IosAppUITests.swift#testCompatHeaderIgnoresFutachaOnlyCompactPreference
attachment-picker-ios-lifecycle	posting	両モードの新規・返信で写真／動画をキャンセル・下スワイプ後に開き直し、選択するとカメラロールが閉じて添付される	BOTH	IOS	IOS_UI	iosApp/iosAppUITests/IosAppUITests.swift#testFutachaReplyAcceptsPhotoAndCameraVideo;iosApp/iosAppUITests/IosAppUITests.swift#testFutachaNewThreadAcceptsPhotoAndCameraVideo;iosApp/iosAppUITests/IosAppUITests.swift#testCompatReplyAcceptsPhotoAndCameraVideo;iosApp/iosAppUITests/IosAppUITests.swift#testCompatNewThreadAcceptsPhotoAndCameraVideo
attachment-picker-ios-limits	posting	画像と動画の読み込みに呼出側の上限を使い、圧縮候補を早期破棄せず、Filesの汎用指定で動画も選択対象にする	BOTH	IOS	UNIT	shared/src/iosTest/kotlin/util/IosPostingAttachmentTest.kt#pickerHonorsBothModesLimitsForImagesAndVideos;shared/src/iosTest/kotlin/util/IosPostingAttachmentTest.kt#wildcardDocumentsAllowVideoAndBackupDataAlongsideImages
attachment-camera-formats-ios	posting	HEICは実JPEG、MOVは実MP4へ変換し、既存形式は維持し、破損ファイルは添付しない	BOTH	IOS	UNIT	shared/src/iosTest/kotlin/util/IosPostingAttachmentTest.kt#heicCameraPhotoBecomesDecodableJpegForBothForms;shared/src/iosTest/kotlin/util/IosPostingAttachmentTest.kt#quickTimeCameraVideoBecomesRealMp4ForBothForms;shared/src/iosTest/kotlin/util/IosPostingAttachmentTest.kt#supportedFormatsKeepTheirOriginalBytesAndNames;shared/src/iosTest/kotlin/util/IosPostingAttachmentTest.kt#unreadableCameraFormatsFailInsteadOfReturningAnAttachment
attachment-picker-android-provider	posting	実ContentProviderから画像／動画を上限内だけ読み、サイズ不一致や空ファイルを拒否し、名前がない動画も拡張子を維持する	BOTH	ANDROID	ANDROID_UI	app-android/src/androidTest/java/com/valoser/futacha/AttachmentPickerInstrumentedTest.kt#imageAndVideoReadersHonorEachModesLimit;app-android/src/androidTest/java/com/valoser/futacha/AttachmentPickerInstrumentedTest.kt#missingProviderSizeStillEnforcesLimitForImagesAndVideos;app-android/src/androidTest/java/com/valoser/futacha/AttachmentPickerInstrumentedTest.kt#incorrectProviderSizesAreNotReturnedAsCorruptAttachments;app-android/src/androidTest/java/com/valoser/futacha/AttachmentPickerInstrumentedTest.kt#emptyAndUnavailableAttachmentsFailWithoutCreatingAPreview;app-android/src/androidTest/java/com/valoser/futacha/AttachmentPickerInstrumentedTest.kt#providerWithoutDisplayNameKeepsVideoMimeExtension
attachment-multipart-all-formats	posting	新規と返信の両送信データでJPEG・PNG・GIF・WebP・MP4・WebMのバイト列・名前・MIMEを維持する	BOTH	BOTH	UNIT	shared/src/commonTest/kotlin/network/HttpBoardApiSupportTest.kt#postingAttachmentsKeepTheirBytesNameAndMimeInNewThreadAndReplyMultipart
generation-png-text	generation-metadata	PNG生成情報は原本の通常圧縮テキストを上限付きで解析し本文の空白と改行を保持する	BOTH	BOTH	UNIT	shared/src/commonTest/kotlin/media/prompt/PngGenerationMetadataReaderTest.kt#a1111PreservesPositiveWhitespaceAndSeparatesNegativeAndSettings;shared/src/commonTest/kotlin/media/prompt/PngGenerationMetadataReaderTest.kt#compressedInternationalAndLatin1TextWorkOnEveryPlatform;shared/src/commonTest/kotlin/media/prompt/PngGenerationMetadataReaderTest.kt#decompressionBombAndDeepJsonAreBounded
generation-ai-evidence	generation-metadata	AIラベルは既知の生成スキーマに基づき一般コメントや未知JSONのpromptを根拠にしない	BOTH	BOTH	UNIT	shared/src/commonTest/kotlin/media/prompt/PngGenerationMetadataReaderTest.kt#ordinaryCommentsAndUnknownPromptJsonNeverProduceAiLabels;shared/src/commonTest/kotlin/media/prompt/PngGenerationMetadataReaderTest.kt#novelAiRequiresSoftwareAndGenerationSchemaAndPreservesText;shared/src/commonTest/kotlin/media/prompt/PngGenerationMetadataReaderTest.kt#comfyKeepsSamplerCandidatesAndDoesNotGuessLinkedText
generation-copy-guard	generation-metadata	プロンプトコピーは本文を省略せず標準選択メニューもOFF後や画面破棄後の書込を拒否する	BOTH	BOTH	UNIT	shared/src/commonTest/kotlin/ui/image/PromptClipboardTest.kt#standardSelectionAndButtonsCannotWriteAfterOffOrSnapshotDisposal;shared/src/commonTest/kotlin/media/prompt/PngGenerationMetadataReaderTest.kt#previewAndCopyBudgetsNeverChangeSourceText
generation-default-off	generation-metadata	既定OFFで設定は永続化し画像編集や動画編集のフラグと独立する	BOTH	BOTH	UNIT	shared/src/commonTest/kotlin/media/MediaFeatureSettingsTest.kt#missingMalformedAndFutureSettingsAreDisabled;shared/src/commonTest/kotlin/media/MediaFeatureSettingsTest.kt#concurrentUpdatesPreserveOtherTogglesAndSurviveStoreRecreation
generation-video-tags	generation-metadata	動画タグ解析はMP4とMOVとWebMの原本から映像を読み飛ばして日本語と大seedを保持し破損と走査上限を区別する	BOTH	BOTH	UNIT	shared/src/commonTest/kotlin/media/prompt/VideoMetadataReaderTest.kt#realMp4FixturesReadTailMetadataWithoutReadingEncodedFrames;shared/src/commonTest/kotlin/media/prompt/VideoMetadataReaderTest.kt#sparseEightGigabyteMdatIsSkippedAndExtendedAtomSizeIsChecked;shared/src/commonTest/kotlin/media/prompt/VideoMetadataReaderTest.kt#webmSeekPositionsAreRelativeToSegmentPayloadAndTagsAreNotDuplicated;shared/src/commonTest/kotlin/media/prompt/VideoMetadataReaderTest.kt#invalidTextAndDeepOrOversizedMetadataAreBounded
device-video-metadata-preservation	device-video-editor	動画の生成情報保持は元ファイルとサンプル表を維持し再編集では履歴だけを追加して不完全な情報を成功として保存しない	BOTH	BOTH	UNIT	shared/src/commonTest/kotlin/media/video/VideoMetadataPreservationTest.kt#replacementMoovKeepsEveryMediaByteAndTimingSampleTableUnchanged;shared/src/commonTest/kotlin/media/video/VideoMetadataPreservationTest.kt#reeditingKeepsOneOriginalRecordAndAppendsOnlyHistory;shared/src/commonTest/kotlin/media/video/VideoMetadataPreservationTest.kt#sourceSignaturesRemainUnsignedRecordsAndExporterClaimsAreRetired;shared/src/commonTest/kotlin/media/video/VideoMetadataPreservationTest.kt#incompleteOrAmbiguousSourceCannotSilentlyLoseInformation
generation-original-sharing	generation-metadata	表示と生成情報は同じ原本を使いキャッシュ専用確認でHTTPを追加せず表示を失敗させない	BOTH	BOTH	INTEGRATION	shared/src/jvmTest/kotlin/ui/image/OriginalMediaFetcherTest.kt#twoCoilLoadersAndMetadataReadTheSameOriginalWithOneHttpGet;shared/src/jvmTest/kotlin/media/prompt/PromptMediaSourceTest.kt#cacheOnlyProbeCannotPoisonConcurrentDisplayDownload;shared/src/jvmTest/kotlin/media/prompt/PromptMediaSourceTest.kt#offCancelsOnlyMetadataLeaseAndFreshOnCanParseAgain;shared/src/iosTest/kotlin/network/IosImageTransportTest.kt#originalSessionSharesOneDarwinDownloadWithTwoNativeDecoders;app-android/src/androidTest/java/com/valoser/futacha/ImageTransportInstrumentedTest.kt#originalSessionSharesOneHttpGetAcrossTwoAndroidDecoders
generation-android-ui	generation-metadata	両モードのプロンプトコピーと長押しは投稿操作に伝播せずOFFとプライバシーで生成情報を隠す	BOTH	ANDROID	ANDROID_UI	app-android/src/androidTest/java/com/valoser/futacha/PromptDisplayInstrumentedTest.kt#futachaCopiesFullPositiveAndOffHidesAllPromptUi;app-android/src/androidTest/java/com/valoser/futacha/PromptDisplayInstrumentedTest.kt#compatCopiesFullPositiveAndOffHidesAllPromptUi;app-android/src/androidTest/java/com/valoser/futacha/PromptDisplayInstrumentedTest.kt#placementAndPrivacySuppressOnlyTheChosenSurfaces
generation-viewer-ui	generation-metadata	画像ビューアの生成情報を両モードで開閉でき追加の原本取得を行わない	BOTH	ANDROID	ANDROID_UI	app-android/src/androidTest/java/com/valoser/futacha/PromptDisplayInstrumentedTest.kt#futachaViewerOpensGenerationInfoWithoutAnotherDownload;app-android/src/androidTest/java/com/valoser/futacha/PromptDisplayInstrumentedTest.kt#compatViewerOpensGenerationInfoWithoutAnotherDownload
generation-image-exif	generation-metadata	JPEG生成情報とWebP生成情報とEXIF生成情報はUnicodeとComfyUIの既知形式を読み本文の空白と改行を保持する	BOTH	BOTH	UNIT	shared/src/commonTest/kotlin/media/prompt/ImageGenerationMetadataReaderTest.kt#pillowEncodedJpegAndWebpReadNestedExifIfd;shared/src/commonTest/kotlin/media/prompt/ImageGenerationMetadataReaderTest.kt#jpegExifUnicodePreservesTextAcrossTiffOrderAndBom;shared/src/commonTest/kotlin/media/prompt/ImageGenerationMetadataReaderTest.kt#comfyExifModelAndUtf8PngTextRecoverOnlyKnownGraphs
generation-image-xmp	generation-metadata	XMP生成情報は名前空間と既知形式を照合しAI生成と編集の申告を区別して言語候補を連結しない	BOTH	BOTH	UNIT	shared/src/commonTest/kotlin/media/prompt/ImageGenerationMetadataReaderTest.kt#xmpReadsAttributesElementsCdataAndSeparateLanguageAlternatives;shared/src/commonTest/kotlin/media/prompt/ImageGenerationMetadataReaderTest.kt#xmpAiEvidenceRequiresExactNamespaceAndValueAndPreservesEditingMeaning;shared/src/commonTest/kotlin/media/prompt/ImageGenerationMetadataReaderTest.kt#pngExifAndXmpAreCollectedAlongsideExistingText
generation-image-bounds	generation-metadata	画像メタデータ解析はサイズ循環XML実体を制限しキャンセルと未対応部分を区別する	BOTH	BOTH	UNIT	shared/src/commonTest/kotlin/media/prompt/ImageGenerationMetadataReaderTest.kt#webpSkipsLargeImagePayloadAndChecksRiffPaddingAndBounds;shared/src/commonTest/kotlin/media/prompt/ImageGenerationMetadataReaderTest.kt#malformedExifCyclesOffsetsAndSegmentsAreBounded;shared/src/commonTest/kotlin/media/prompt/ImageGenerationMetadataReaderTest.kt#xmpRejectsDtdExternalEntitiesAndMalformedPacketsWithoutLosingOtherSources;shared/src/commonTest/kotlin/media/prompt/ImageGenerationMetadataReaderTest.kt#metadataAllocationAndXmlDepthAreBounded;shared/src/commonTest/kotlin/media/prompt/ImageGenerationMetadataReaderTest.kt#cancellationPropagatesThroughContainerAndXmlCallbacks;shared/src/commonTest/kotlin/media/prompt/ImageGenerationMetadataReaderTest.kt#unsupportedEncodingsExtendedXmpAndComplexPropertiesAreExplicit
generation-image-original-sharing	generation-metadata	JPEGとWebPのネイティブ表示とEXIFとXMPの解析が原本GET一回を共有する	BOTH	BOTH	INTEGRATION	shared/src/iosTest/kotlin/network/IosImageTransportTest.kt#jpegAndWebpGenerationMetadataShareOneDownloadWithNativeDecoders;app-android/src/androidTest/java/com/valoser/futacha/ImageTransportInstrumentedTest.kt#jpegAndWebpGenerationMetadataShareOneDownloadWithNativeDecoders
generation-save-sharing	generation-metadata	保存時の原本共有は単体スレッド自動ZIPを同じ取得へ合流させ元バイト列を保持する	BOTH	BOTH	INTEGRATION	shared/src/commonTest/kotlin/media/source/OriginalMediaSaveIntegrationTest.kt#displayMetadataSingleThreadAutoAndZipReuseOneOriginal;shared/src/commonTest/kotlin/media/source/OriginalMediaSaveIntegrationTest.kt#saveFirstAndDisplayDuringDownloadShareOneRequest
generation-save-lifetime	generation-metadata	保存の中止とキャッシュ削除は他の表示を止めず失敗時に保存用参照と部分ファイルを解放する	BOTH	BOTH	INTEGRATION	shared/src/commonTest/kotlin/media/source/OriginalMediaSaveIntegrationTest.kt#cancellingSaveWaiterDoesNotCancelDisplayDownload;shared/src/commonTest/kotlin/media/source/OriginalMediaSaveIntegrationTest.kt#cancellingCopyCleansPartialOutputAndRetainsDisplay;shared/src/commonTest/kotlin/media/source/OriginalMediaSaveIntegrationTest.kt#clearDuringCopyKeepsTheLeasedRevisionReadable;shared/src/commonTest/kotlin/media/source/OriginalMediaSaveIntegrationTest.kt#copyFailureReleasesLeaseWithoutFallbackOrDownload;shared/src/commonTest/kotlin/media/source/OriginalMediaSaveIntegrationTest.kt#largerThanCacheQuotaStillSavesWhileOriginalIsPinned
generation-save-retry	generation-metadata	原本取得失敗で別HTTP経路に落とさず保存側の再試行を重ねない	BOTH	BOTH	INTEGRATION	shared/src/commonTest/kotlin/media/source/OriginalMediaSaveIntegrationTest.kt#permanentOriginalFailureDoesNotFallbackOrRepeatThreadRetries;shared/src/commonTest/kotlin/media/source/OriginalMediaSaveIntegrationTest.kt#transientFailureUsesOnlyTheSharedSourcesThreeAttemptBudget;shared/src/commonTest/kotlin/media/source/OriginalMediaSaveIntegrationTest.kt#unavailableCacheFallsBackBeforeNetworkExactlyOnce
generation-save-background	generation-metadata	画面なしでも原本管理を初期化し保存だけでは生成情報を解析せずサムネイルと外部ホストとローカルファイルは既存経路を使う	BOTH	BOTH	INTEGRATION	shared/src/commonTest/kotlin/media/source/OriginalMediaSaveIntegrationTest.kt#headlessInitializerCannotOverrideAnExistingConfiguration;shared/src/commonTest/kotlin/media/source/OriginalMediaSaveIntegrationTest.kt#exportsDoNotStartPromptParsingEvenWhenEnabled;shared/src/commonTest/kotlin/media/source/OriginalMediaSaveIntegrationTest.kt#thumbnailsExternalHostsAndLocalFilesBypassOriginalAcquisition
device-editor-picker	device-image-editor	端末内画像選択は両モードの専用メニューから行いプロンプトOFFでも写真を編集して保存できる	BOTH	BOTH	INTEGRATION	iosApp/iosAppUITests/IosAppUITests.swift#testFutachaDeviceImageEditorSelectsPhotoAndSavesIndependently;iosApp/iosAppUITests/IosAppUITests.swift#testCompatDeviceImageEditorSelectsPhotoAndSavesIndependently
device-editor-brush	device-image-editor	手動モザイクは線分間を補間し消しゴムで元の画素へ戻す	BOTH	BOTH	UNIT	shared/src/commonTest/kotlin/media/edit/ImageEditDocumentTest.kt#brushInterpolatesSegmentsAndEraserRestoresOriginal;shared/src/commonTest/kotlin/media/edit/ImageEditDocumentTest.kt#opacityAndTransparentPixelsMatchJpegWhiteBackground
device-editor-black	device-image-editor	黒塗りは他の枠や消しゴムの重なりで剥がれず原画素を変更しない	BOTH	BOTH	UNIT	shared/src/commonTest/kotlin/media/edit/ImageEditDocumentTest.kt#blackCoverCannotBeRevealedByOverlappingMosaicOrBrushErasure
device-editor-history	device-image-editor	UndoとRedoはドラッグ一回を一操作とし中止した操作を取り消して履歴を制限する	BOTH	BOTH	UNIT	shared/src/commonTest/kotlin/media/edit/ImageEditDocumentTest.kt#undoCommitsOneDragAndRedoIsInvalidatedByNewWork;shared/src/commonTest/kotlin/media/edit/ImageEditDocumentTest.kt#cancelledGestureRestoresCommittedPixelsAndHistoryIsBounded
device-editor-codec	device-image-editor	JPEG保存はプレビューと同じ画素を使い小さい画像の寸法を維持して再読込できる	BOTH	BOTH	INTEGRATION	shared/src/iosTest/kotlin/media/edit/ImageEditCodecTest.kt#nativePreviewAndJpegPixelsMatch;shared/src/jvmTest/kotlin/media/edit/ImageEditCodecTest.kt#nativePreviewAndJpegPixelsMatch;app-android/src/androidTest/java/com/valoser/futacha/DeviceImageEditorInstrumentedTest.kt#promptOffStillAllowsLocalBlackCoverAndJpegExport
device-editor-orientation	device-image-editor	EXIF回転と反転の全8通りを編集前に補正する	BOTH	BOTH	INTEGRATION	shared/src/iosTest/kotlin/media/edit/ImageEditCodecTest.kt#allEightExifOrientationsMatch;app-android/src/androidTest/java/com/valoser/futacha/DeviceImageEditorInstrumentedTest.kt#androidExifRotationAndMirroringBeforeEditing
device-editor-gates	device-image-editor	画像編集の既定OFFを守り別設定を変更しても許可を失効させずOFF後の古い処理を拒否する	BOTH	BOTH	INTEGRATION	shared/src/commonTest/kotlin/media/MediaFeatureSettingsTest.kt#missingMalformedAndFutureSettingsAreDisabled;shared/src/iosTest/kotlin/media/edit/ImageEditCodecTest.kt#independentSettingsRejectStaleSessions;app-android/src/androidTest/java/com/valoser/futacha/DeviceImageEditorInstrumentedTest.kt#deviceMenuAndSettingsAreIndependentFromPromptDisplay
device-editor-output	device-image-editor	取消時の出力破棄は遅延完了と書込後の設定OFFにも適用し原本を上書きしない	BOTH	BOTH	INTEGRATION	shared/src/commonTest/kotlin/media/edit/ImageEditDocumentTest.kt#savingCreatesANewFileAndGateFailureDeletesUncommittedOutput;app-android/src/androidTest/java/com/valoser/futacha/DeviceImageEditorInstrumentedTest.kt#disablingEditorCancelsLateExportWithoutPublishing
device-video-copy	device-video-edit-core	動画入力の作業コピーは端末リソースを一度だけ読み容量制限つきのチャンクで保存する	BOTH	BOTH	UNIT	shared/src/commonTest/kotlin/media/video/VideoEditSourceTest.kt#selectedVideoIsCopiedOnceWithBoundedChunksAndSharedByLocalReaders;shared/src/commonTest/kotlin/media/video/VideoEditSourceTest.kt#invalidTruncatedAndOversizedInputsLeaveNoWorkFiles
device-video-frames	device-video-edit-core	実フレーム時刻でコマ送りと末尾の継続時間を保ち重複や不正な時刻を拒否する	BOTH	BOTH	UNIT	shared/src/commonTest/kotlin/media/video/VideoEditSourceTest.kt#frameIndexOwnsItsArrayAndRejectsInvalidOrAmbiguousTimes;shared/src/commonTest/kotlin/media/video/VideoEditSourceTest.kt#decodeOrderingAndLastFrameDurationDoNotTurnVfrIntoCfr;shared/src/commonTest/kotlin/media/video/VideoEditSourceTest.kt#exportVerificationRejectsDroppedFramesAudioAndChangedSpacing
device-video-native	device-video-edit-core	回転と音声情報を同じ合成素材から両OSで読み映像サンプルの時刻と寸法を検証する	BOTH	BOTH	INTEGRATION	shared/src/iosTest/kotlin/media/video/DeviceVideoSourceTest.kt#nativeReaderPreservesRealVfrTimesRotationAndAudio;app-android/src/androidTest/java/com/valoser/futacha/DeviceVideoSourceInstrumentedTest.kt#extractorPreservesVfrPresentationTimesRotationAndAudio
device-video-model	device-video-edit-core	時間指定マスクは範囲の開始を含み終了を含まずキーフレーム補間とUndoを保持する	BOTH	BOTH	UNIT	shared/src/commonTest/kotlin/media/video/MosaicModelTest.kt#movingRegionInterpolatesOnlyWithinItsTimeRange;shared/src/commonTest/kotlin/media/video/MosaicModelTest.kt#undoRestoresWholeGestureAndNewActionClearsRedo;shared/src/commonTest/kotlin/media/video/MosaicMaskTest.kt#videoContoursUseSourceTimestampsAndCanRestoreRectangleOnFailure
device-video-permits	device-video-edit-core	動画入力の独立許可は既定OFFと世代失効を守り他機能の設定変更では取消しない	BOTH	BOTH	UNIT	shared/src/commonTest/kotlin/media/video/VideoEditSourceTest.kt#offOrStalePermitDoesNotEvenReadTheDeviceResource;shared/src/commonTest/kotlin/media/video/VideoEditSourceTest.kt#onlyVideoOffCancelsAnActiveCodecAndRejectsItsLateResult
device-video-disposal	device-video-edit-core	作業ファイルの破棄は入力途中と呼出元への引渡し時の取消に対応し読取中のファイルを消さない	BOTH	BOTH	UNIT	shared/src/commonTest/kotlin/media/video/VideoEditSourceTest.kt#cancellingOrTurningOffDuringImportDeletesPartialVideo;shared/src/commonTest/kotlin/media/video/VideoEditSourceTest.kt#cancellationDuringDispatcherHandoffDisposesTheCompletedCopy;shared/src/commonTest/kotlin/media/video/VideoEditSourceTest.kt#closeWaitsForCodecReaderBeforeDeletingItsInput
device-video-picker	device-video-editor	端末内動画選択は取消後の再選択に対応し編集用コピーから処理する	BOTH	BOTH	INTEGRATION	app-android/src/androidTest/java/com/valoser/futacha/DeviceVideoEditorInstrumentedTest.kt#offHidesMenuAndIndependentToggleSurvivesCancelledSelection;iosApp/iosAppUITests/IosAppUITests.swift#testFutachaDeviceVideoEditorSelectsPhotoAndSavesIndependently;iosApp/iosAppUITests/IosAppUITests.swift#testCompatDeviceVideoEditorSelectsPhotoAndSavesIndependently
device-video-automatic-analysis	device-video-editor	動画の自動解析は性器候補を各実時刻で検出して追尾と輪郭へ接続し区間外の既存マスクを保持する	BOTH	BOTH	INTEGRATION	shared/src/iosTest/kotlin/media/analysis/VideoAutomaticEditNativeTest.kt#detectionContoursReviewAndIntervalPreservation;app-android/src/androidTest/java/com/valoser/futacha/VideoAutomaticEditInstrumentedTest.kt#detectionContoursReviewAndIntervalPreservation
device-video-automatic-cancel	device-video-editor	動画の自動解析は取消と動画編集OFFで途中結果を反映せず元ファイルを保持する	BOTH	BOTH	INTEGRATION	shared/src/iosTest/kotlin/media/analysis/VideoAutomaticEditNativeTest.kt#cancellationAndVideoOffNeverPublishPartialAnalysis;app-android/src/androidTest/java/com/valoser/futacha/VideoAutomaticEditInstrumentedTest.kt#cancellationAndVideoOffNeverPublishPartialAnalysis
device-video-preview-android	device-video-editor	編集中再生は実画面へ黒塗りを反映し停止してコマ編集へ戻り元動画を保持して書き出す	BOTH	ANDROID	ANDROID_UI	app-android/src/androidTest/java/com/valoser/futacha/DeviceVideoEditorInstrumentedTest.kt#deviceUriStreamsToEditorAndBlackVideoCanBeReviewed
device-video-preview-composition	device-video-editor	再生用Compositionは回転済み座標と可変フレームの適用時刻を守りコマプレビューと同じ画素を描く	BOTH	IOS	INTEGRATION	shared/src/iosTest/kotlin/media/video/EditedVideoCompositionTest.kt#playbackCompositionUsesUprightCoordinatesAndActualFrameTimes
device-video-review-ui	device-video-editor	解析区間の確認は自動解析と手修正の後に必要となり確認してからMP4へ書き出す	BOTH	ANDROID	ANDROID_UI	app-android/src/androidTest/java/com/valoser/futacha/DeviceVideoEditorInstrumentedTest.kt#videoDetectionTrackingContoursAndCorrectionRequireReviewBeforeExport
device-video-review-ios	device-video-editor	解析区間の確認と追尾と実モデルの輪郭抽出と手修正と検出後の再確認から新規保存まで両モードで操作する	BOTH	IOS	INTEGRATION	iosApp/iosAppUITests/IosAppUITests.swift#testFutachaVideoAutomaticEditingRequiresReviewBeforeSaving;iosApp/iosAppUITests/IosAppUITests.swift#testCompatVideoAutomaticEditingRequiresReviewBeforeSaving
device-video-editor-toggle	device-video-editor	動画編集の独立設定は既定OFFで入口を隠しプロンプトや画像編集をONにせず利用できる	BOTH	BOTH	INTEGRATION	app-android/src/androidTest/java/com/valoser/futacha/DeviceVideoEditorInstrumentedTest.kt#offHidesMenuAndIndependentToggleSurvivesCancelledSelection;shared/src/commonTest/kotlin/media/MediaFeatureSettingsTest.kt#missingMalformedAndFutureSettingsAreDisabled
device-video-temporal-render	device-video-editor	時間指定の手動モザイクは開始を含み終了を含まず重なった黒塗りを薄めない	BOTH	BOTH	INTEGRATION	shared/src/commonTest/kotlin/media/video/VideoEditExportTest.kt#temporalEllipseBlackCoverAndOverlappingMosaicNeverRevealOriginal;shared/src/commonTest/kotlin/media/video/VideoEditExportTest.kt#motionUsesActualTimestampAndPreservesUncoveredPixels;shared/src/iosTest/kotlin/media/video/VideoEditEngineTest.kt#exportHonorsVfrRegionStartAndExclusiveEnd
device-video-export-save	device-video-editor	MP4の新規保存は時刻と回転と音声を検証し取消時に未完了出力を削除して元動画を上書きしない	BOTH	BOTH	INTEGRATION	shared/src/commonTest/kotlin/media/video/VideoEditExportTest.kt#savingOnlyCopiesOwnedOutputAndKeepsOriginalUnchanged;shared/src/commonTest/kotlin/media/video/VideoEditExportTest.kt#disablingDuringDestinationCopyRemovesPartialOutput;shared/src/iosTest/kotlin/media/video/VideoEditEngineTest.kt#nativeExportsKeepVfrRotationAndBlackPixels;app-android/src/androidTest/java/com/valoser/futacha/DeviceVideoEngineInstrumentedTest.kt#exportKeepsFrameTimesRotationAndBlackCover
device-editor-detection	device-image-editor	自動性器候補は男性器と女性器を対象とし顔を既定OFFにして原画素を変更せず候補の全件を反映する	BOTH	BOTH	UNIT	shared/src/commonTest/kotlin/media/analysis/DetectionGeometryTest.kt#faceDetectionIsOptInAndMalformedScoresFailWithoutPartialResults;shared/src/commonTest/kotlin/media/edit/ImageDetectionResultsTest.kt#candidatesAppendAtomicallyAndRequireReviewEvenWhenNoneFound
device-editor-review	device-image-editor	候補確認と再確認は検出後の保存を制御し枠や手描きの変更で確認を解除してUndoは確認した画素と同時に復元する	BOTH	BOTH	UNIT	shared/src/commonTest/kotlin/media/edit/ImageDetectionResultsTest.kt#everyPixelEditRevokesReviewAndUndoRestoresTheExactApprovedImage;shared/src/commonTest/kotlin/media/edit/ImageDetectionResultsTest.kt#candidatesAppendAtomicallyAndRequireReviewEvenWhenNoneFound
device-editor-detection-android	device-image-editor	性器候補の表示と選択と修正と再確認を経て隠したJPEGを保存し未導入モデルを自動取得しない	BOTH	ANDROID	ANDROID_UI	app-android/src/androidTest/java/com/valoser/futacha/DeviceImageEditorInstrumentedTest.kt#automaticGenitalCandidatesRequireReviewAndEditsRevokeIt
device-editor-detection-ios	device-image-editor	実写真ピッカーからモデル確認と自動解析と修正と再確認と新規保存を行いOFFで入口を隠す	BOTH	IOS	INTEGRATION	iosApp/iosAppUITests/IosAppUITests.swift#testFutachaDeviceImageDetectionRequiresReviewBeforeSaving;iosApp/iosAppUITests/IosAppUITests.swift#testCompatDeviceImageDetectionRequiresReviewBeforeSaving
device-editor-model-ui	device-image-editor	モデルの明示導入は画像編集ONのみで取得せず利用者の操作で導入し無効化時には未完了ファイルを残さない	BOTH	ANDROID	ANDROID_UI	app-android/src/androidTest/java/com/valoser/futacha/DeviceImageEditorInstrumentedTest.kt#automaticGenitalCandidatesRequireReviewAndEditsRevokeIt;app-android/src/androidTest/java/com/valoser/futacha/DeviceImageEditorInstrumentedTest.kt#disablingEditorCancelsModelTransferAndKeepsNoPartialModel
device-editor-model-picker	device-image-editor	モデル選択の取消後に再選択でき破損した再取込で検証済みモデルを置き換えない	BOTH	ANDROID	ANDROID_UI	app-android/src/androidTest/java/com/valoser/futacha/DeviceImageEditorInstrumentedTest.kt#modelImportCanRetryCancellationAndRejectsCorruptionWithoutReplacingInstalledModel
ios-webm-capability-and-timeout	gallery-viewer	iOSのWebMは実コーデックの能力判定と映像フレームと再生時刻を確認し非対応と停止は有限時間で失敗して遅延通知で復活しない	BOTH	IOS	UNIT	shared/src/commonTest/kotlin/ui/board/WebVideoPlaybackSupportTest.kt#trackHeadersDetermineActualCodecsWithoutGuessingAudioOrProfile;shared/src/iosTest/kotlin/ui/board/WebVideoJavaScriptTest.kt#unsupportedTypeStopsSourceAndLateEventsCannotReviveIt;shared/src/iosTest/kotlin/ui/board/WebVideoJavaScriptTest.kt#metadataTimeoutIsTerminalEvenWithRepeatedStalls;shared/src/iosTest/kotlin/ui/board/WebVideoJavaScriptTest.kt#recoveredStallReturnsToPlayingOnlyWhenDecodedFramesAndTimeAdvance
ios-webm-pause-and-diagnostics	gallery-viewer	iOSのWebMはユーザー操作前と一時停止を失敗扱いせず診断で日本語とURL書式文字を安全に処理する	BOTH	IOS	UNIT	shared/src/iosTest/kotlin/ui/board/WebVideoJavaScriptTest.kt#metadataPreloadSuspendAndWaitingForUserAreNotPlaybackFailures;shared/src/iosTest/kotlin/ui/board/WebVideoJavaScriptTest.kt#earlyUserPlaySurvivesMetadataAndStallsHaveAFiniteDeadline;shared/src/iosTest/kotlin/ui/board/WebVideoJavaScriptTest.kt#nativeDiagnosticsAcceptUnicodeUrlsAndFormatCharacters
ios-webm-explicit-alternatives	gallery-viewer	WebMの代替は呼出元が提供するURLだけを使用しふたばの同名MP4を推測しない	BOTH	BOTH	UNIT	shared/src/commonTest/kotlin/ui/board/WebVideoPlaybackSupportTest.kt#fallbackOnlyUsesExplicitDistinctAppleContainerUrls
ios-webm-local-source-and-seek	gallery-viewer	ローカルWebMの原本を削除せずプレーヤー用の参照だけを解放し後方シークでも新しい時刻から再生進行を判定する	BOTH	IOS	UNIT	shared/src/iosTest/kotlin/media/source/IosOriginalMediaAssetTest.kt#savedLocalWebmKeepsTheSourceAndCleansOnlyItsPlayerDirectory;shared/src/iosTest/kotlin/ui/board/WebVideoJavaScriptTest.kt#backwardsSeekUsesNewPositionAndPausedSeekDoesNotStartPlayback
device-editor-camera	device-image-editor	拡大と移動は表示だけに適用して元画像の座標と保存画素とUndo履歴と確認状態を維持する	BOTH	BOTH	UNIT	shared/src/commonTest/kotlin/media/edit/ImageEditorCameraTest.kt#pinchKeepsTheTouchedImagePointUnderTheFingers;shared/src/commonTest/kotlin/media/edit/ImageEditorCameraTest.kt#zoomedPaintingAndRegionHitTestingReferToTheOriginalPixels;shared/src/commonTest/kotlin/media/edit/ImageEditorCameraTest.kt#changingCanvasSizeKeepsTheVisibleCenterAndDoesNotModifyAnApprovedDocument;shared/src/commonTest/kotlin/media/edit/ImageEditorCameraTest.kt#panAndZoomBoundsCannotLoseTheImageOffScreen
device-editor-camera-android	device-image-editor	画像を拡大と移動しても余分なUndoを作らず黒塗りの座標を変えず新規JPEGを保存する	BOTH	ANDROID	ANDROID_UI	app-android/src/androidTest/java/com/valoser/futacha/DeviceImageEditorInstrumentedTest.kt#zoomAndPanKeepCoverCoordinatesAndDoNotCreateUndoEntries
device-editor-camera-ios	device-image-editor	写真を選択して拡大と移動と枠の編集と全体表示と新規保存を両モードで実行する	BOTH	IOS	INTEGRATION	iosApp/iosAppUITests/IosAppUITests.swift#testFutachaDeviceImageEditorZoomAndPanBeforeSaving;iosApp/iosAppUITests/IosAppUITests.swift#testCompatDeviceImageEditorZoomAndPanBeforeSaving
device-editor-contour	device-image-editor	輪郭抽出はHWC入力と枠座標を維持し画像解析を共有して不確実な結果を枠へ戻す	BOTH	BOTH	UNIT	shared/src/commonTest/kotlin/media/analysis/MobileSamSegmenterTest.kt#nonSquareHwcInputPreservesRgbRangeAndBilinearSamples;shared/src/commonTest/kotlin/media/analysis/MobileSamSegmenterTest.kt#contourSelectionRespectsImagePaddingAndRejectsBackground;shared/src/commonTest/kotlin/media/analysis/MobileSamSegmenterTest.kt#oneEncodingServesMultipleBoxesAndAllBuffersAreReleased
device-editor-contour-edit	device-image-editor	輪郭の手修正は塗り足しと削りと余白を同じ保存画素へ反映しUndoと再確認を保つ	BOTH	BOTH	UNIT	shared/src/commonTest/kotlin/media/edit/ImageContoursTest.kt#manualContourCoversOnlyPaintedPixelsAndErasePreservesOtherRegions;shared/src/commonTest/kotlin/media/edit/ImageContoursTest.kt#thinContoursSurviveDownsamplingAndMarginOnlyAddsCoverage;shared/src/commonTest/kotlin/media/edit/ImageContoursTest.kt#contourGestureIsOneUndoAndAnyContourEditRevokesReview;shared/src/commonTest/kotlin/media/edit/ImageContoursTest.kt#onePercentImageBoundsAreNotExpandedToTheVideoMinimum
device-editor-contour-empty	device-image-editor	空輪郭保存防止は確認済みでも有効で全枠へ戻すまで保存を拒否する	BOTH	BOTH	UNIT	shared/src/commonTest/kotlin/media/edit/ImageContoursTest.kt#emptyContourCannotBeExportedEvenAfterReviewAndRectangleResetRestoresCoverage
device-editor-contour-cancel	device-image-editor	輪郭解析は取消と設定OFFで中断し部分的な結果を反映しない	BOTH	BOTH	UNIT	shared/src/commonTest/kotlin/media/analysis/MobileSamSegmenterTest.kt#ownFeatureOffCancelsAndStalePermitCannotResumeAfterReenable;shared/src/commonTest/kotlin/media/analysis/MobileSamSegmenterTest.kt#cancellationAndDecoderFailureReturnNoPartialContourList;shared/src/commonTest/kotlin/media/edit/ImageContoursTest.kt#automaticFallbackIsAtomicAndForcesReviewWithoutLosingManualPixels
device-editor-contour-android	device-image-editor	輪郭の抽出と修正と再確認とJPEG画素および空輪郭の保存拒否を画面で確認する	BOTH	ANDROID	ANDROID_UI	app-android/src/androidTest/java/com/valoser/futacha/DeviceImageEditorInstrumentedTest.kt#contourExtractionAndManualCorrectionPreservePixelsAndRequireReview;app-android/src/androidTest/java/com/valoser/futacha/DeviceImageEditorInstrumentedTest.kt#emptyManualContourDisablesSavingAndRectangleResetCanBeUndone
device-editor-contour-ios	device-image-editor	輪郭を実モデルで抽出し枠への復帰と手修正とUndoと再確認と新規保存を両モードで行う	BOTH	IOS	INTEGRATION	iosApp/iosAppUITests/IosAppUITests.swift#testFutachaDeviceImageContourExtractionCanBeCorrectedBeforeSaving;iosApp/iosAppUITests/IosAppUITests.swift#testCompatDeviceImageContourExtractionCanBeCorrectedBeforeSaving
device-editor-detection-contours	device-image-editor	輪郭抽出を候補検出から連続実行して一括配置し確認後に保存する	BOTH	ANDROID	ANDROID_UI	app-android/src/androidTest/java/com/valoser/futacha/DeviceImageEditorInstrumentedTest.kt#automaticDetectionCanPlaceContoursAndStillRequiresReview
device-editor-image-metadata	device-image-editor	画像の生成情報保持は意味解析を起動せず通常タグの原文と大きなseedを新しいJPEGへ引き継ぐ	BOTH	BOTH	UNIT	shared/src/commonTest/kotlin/media/prompt/PreservedImageMetadataTest.kt#rawScanDoesNotInterpretPromptsAndEditedJpegRetainsExactTags;shared/src/commonTest/kotlin/media/prompt/PreservedImageMetadataTest.kt#largeFieldsUseMultipleSegmentsAndRepeatedEditingDoesNotNestRecords;shared/src/commonTest/kotlin/media/prompt/PreservedImageMetadataTest.kt#preservationLimitsKeepWholeFieldsAndSignalOmissions
device-editor-image-metadata-pixels	device-image-editor	生成情報保持は元サムネイルと画素をコピーせず出力の向きと寸法と遮蔽を維持する	BOTH	BOTH	UNIT	shared/src/commonTest/kotlin/media/prompt/PreservedImageMetadataTest.kt#freshExifHasOutputDimensionsAndNoThumbnailOrOldOrientation;shared/src/commonTest/kotlin/media/prompt/PreservedImageMetadataTest.kt#xmpKeepsGenerationTextAndDeclarationsButNotEmbeddedPreviews;shared/src/iosTest/kotlin/media/edit/ImageEditCodecTest.kt#promptOffRetainsMetadataAndEditedPixels;shared/src/jvmTest/kotlin/media/edit/ImageEditCodecTest.kt#promptOffRetainsMetadataAndEditedPixels
device-editor-image-metadata-android	device-image-editor	プロンプトOFFの画像編集結果を再読込し生成情報と黒塗りの画素とEXIFを確認する	BOTH	ANDROID	ANDROID_UI	app-android/src/androidTest/java/com/valoser/futacha/DeviceImageEditorInstrumentedTest.kt#promptOffPreservesGenerationTagsAndEditedJpegPixels;app-android/src/androidTest/java/com/valoser/futacha/DeviceImageEditorInstrumentedTest.kt#androidExifRotationAndMirroringBeforeEditing
device-video-analysis-frames	device-video-edit-core	動画解析の逐次デコードは全実PTSと半開区間を照合し欠落と重複を拒否して正立画像を渡す	BOTH	BOTH	INTEGRATION	shared/src/commonTest/kotlin/media/video/VideoAnalysisFramesTest.kt#halfOpenRangesKeepRealVfrTimestampsAndRejectDroppedOrDuplicateFrames;shared/src/commonTest/kotlin/media/video/VideoAnalysisFramesTest.kt#extractorEditListMappingRequiresEverySampleAndUnchangedRelativeTiming;shared/src/iosTest/kotlin/media/video/VideoAnalysisFramesNativeTest.kt#sequentialDecoderKeepsEveryVfrFrameRotationAndExclusiveRange;app-android/src/androidTest/java/com/valoser/futacha/VideoAnalysisFramesInstrumentedTest.kt#sequentialDecoderKeepsEveryVfrFrameRotationAndExclusiveRange
device-video-analysis-raster	device-video-edit-core	動画解析の逐次デコードはcropとstrideと回転と鏡像と色範囲を扱い画像バッファの範囲外を読まない	BOTH	BOTH	UNIT	shared/src/commonTest/kotlin/media/video/VideoAnalysisRasterTest.kt#croppedPaddedBgraRotatesAndMirrorsWithoutSamplingPadding;shared/src/commonTest/kotlin/media/video/VideoAnalysisRasterTest.kt#planarAndInterleavedYuvRespectCropRangeAndColorMatrix;shared/src/commonTest/kotlin/media/video/VideoAnalysisRasterTest.kt#invalidPlaneBoundsAndCancellationNeverReadOutsideNativeBuffers
device-video-analysis-cancel	device-video-edit-core	動画解析の逐次デコードは取消と設定OFFで解放し再読込でき元の選択ファイルを削除しない	BOTH	BOTH	INTEGRATION	shared/src/iosTest/kotlin/media/video/VideoAnalysisFramesNativeTest.kt#cancellingConsumerReleasesNativeDecoderForReuse;shared/src/iosTest/kotlin/media/video/VideoAnalysisFramesNativeTest.kt#disablingFeatureCancelsReadingAndPreservesSelectedOriginal;shared/src/iosTest/kotlin/media/video/VideoAnalysisFramesNativeTest.kt#malformedAndRemoteInputsFailWithoutPartialAnalysis;app-android/src/androidTest/java/com/valoser/futacha/VideoAnalysisFramesInstrumentedTest.kt#cancellingConsumerReleasesNativeDecoderForReuse;app-android/src/androidTest/java/com/valoser/futacha/VideoAnalysisFramesInstrumentedTest.kt#disablingFeatureCancelsReadingAndPreservesSelectedOriginal;app-android/src/androidTest/java/com/valoser/futacha/VideoAnalysisFramesInstrumentedTest.kt#malformedAndRemoteInputsFailWithoutPartialAnalysis
prompt-local-original	generation-metadata	保存済み原本のプロンプトを再取得なしで読み表示OFFでは解析せず取消時に破棄する	BOTH	BOTH	UNIT	shared/src/commonTest/kotlin/media/prompt/LocalPromptMediaTest.kt#savedImagesAndVideoUseTheirLocalOriginalAndPreserveItsBytes;shared/src/commonTest/kotlin/media/prompt/LocalPromptMediaTest.kt#localReaderRejectsHttpRatherThanFetchingAnOriginal;shared/src/jvmTest/kotlin/media/prompt/PromptMediaSourceTest.kt#localReadsAreGatedCoalescedRefreshedAndNeverDownload;shared/src/jvmTest/kotlin/media/prompt/PromptMediaSourceTest.kt#disablingLocalPromptCancelsTheReaderAndDropsItsResult
prompt-local-copy-android	generation-metadata	保存済みfileとcontent URIの生成情報を両モードで表示し原文コピーする	BOTH	ANDROID	ANDROID_UI	app-android/src/androidTest/java/com/valoser/futacha/PromptDisplayInstrumentedTest.kt#savedFilePromptCopiesWithoutAnyHttpAcquisition;app-android/src/androidTest/java/com/valoser/futacha/PromptDisplayInstrumentedTest.kt#savedContentUriPromptCopiesInCompatWithoutAnyHttpAcquisition
prompt-local-copy-ios	generation-metadata	保存済み動画の生成情報を表示してコピーしHTTP取得を発生させない	BOTH	IOS	INTEGRATION	iosApp/iosAppUITests/IosAppUITests.swift#testSavedLocalVideoShowsAndCopiesPromptWithoutNetwork
model-files-import-ios	device-image-editor	Filesのモデル取込で取消後に再選択して検証済みモデルで検出と保存を行う	FUTACHA	IOS	INTEGRATION	iosApp/iosAppUITests/IosAppUITests.swift#testDeviceModelImportsFromFilesAfterCancellation
media-work-file-recovery	device-video-edit-core	異常終了した動画とモデルの作業ファイルだけ回収し原本と使用中の作業を保持する	BOTH	BOTH	UNIT	shared/src/commonTest/kotlin/media/video/VideoEditSourceTest.kt#firstImportRemovesAbandonedSessionsButPreservesOriginalsAndActiveSessions;shared/src/commonTest/kotlin/media/analysis/ModelStoreTest.kt#firstUseRemovesOnlyAbandonedModelPartsAndAnotherHostPreservesAnActiveImport;shared/src/iosTest/kotlin/media/source/IosOriginalMediaAssetTest.kt#localWebmDocumentUsesAHardLinkAndLastViewPinOwnsCleanup
history-compact-wrapping	thread-history	ふたちゃ履歴で板名とレス数を表示し長いタイトルと大きな文字を折り返す	FUTACHA	BOTH	INTEGRATION	app-android/src/androidTest/java/com/valoser/futacha/HistoryLayoutInstrumentedTest.kt#longTitlesBoardNamesAndActionsFitAtNormalAndLargeTextSizes;iosApp/iosAppUITests/IosAppUITests.swift#testFutachaHistoryWrapsTextAndMediaHelpOpensLicenses;iosApp/iosAppUITests/IosAppUITests.swift#testFutachaBlackHistoryAndMediaHelpRemainReadable
media-help-licenses	generation-metadata	メディア機能の説明と同梱したライセンスを設定から開く	BOTH	BOTH	INTEGRATION	app-android/src/androidTest/java/com/valoser/futacha/HistoryLayoutInstrumentedTest.kt#mediaHelpOpensPackagedLicensesWithoutEnablingAnEditor;iosApp/iosAppUITests/IosAppUITests.swift#testFutachaHistoryWrapsTextAndMediaHelpOpensLicenses;iosApp/iosAppUITests/IosAppUITests.swift#testFutachaBlackHistoryAndMediaHelpRemainReadable
