module	resolved_version	configurations
androidx.activity:activity	1.13.0	main:app-android:benchmarkReleaseCompileClasspath;main:app-android:benchmarkReleaseRuntimeClasspath;main:app-android:debugAndroidTestCompileClasspath;main:app-android:debugAndroidTestRuntimeClasspath;main:app-android:debugCompileClasspath;main:app-android:debugRuntimeClasspath;main:app-android:debugUnitTestCompileClasspath;main:app-android:debugUnitTestRuntimeClasspath;main:app-android:nonMinifiedReleaseCompileClasspath;main:app-android:nonMinifiedReleaseRuntimeClasspath;main:app-android:releaseCompileClasspath;main:app-android:releaseRuntimeClasspath;main:app-wear:debugAndroidTestCompileClasspath;main:app-wear:debugCompileClasspath;main:app-wear:debugRuntimeClasspath;main:app-wear:debugUnitTestCompileClasspath;main:app-wear:debugUnitTestRuntimeClasspath;main:app-wear:releaseCompileClasspath;main:app-wear:releaseRuntimeClasspath;main:shared:androidCompileClasspath;main:shared:androidHostTestCompileClasspath;main:shared:androidHostTestRuntimeClasspath;main:shared:androidRuntimeClasspath
androidx.activity:activity-compose	1.13.0	main:app-android:benchmarkReleaseCompileClasspath;main:app-android:benchmarkReleaseRuntimeClasspath;main:app-android:debugAndroidTestCompileClasspath;main:app-android:debugAndroidTestRuntimeClasspath;main:app-android:debugCompileClasspath;main:app-android:debugRuntimeClasspath;main:app-android:debugUnitTestCompileClasspath;main:app-android:debugUnitTestRuntimeClasspath;main:app-android:nonMinifiedReleaseCompileClasspath;main:app-android:nonMinifiedReleaseRuntimeClasspath;main:app-android:releaseCompileClasspath;main:app-android:releaseRuntimeClasspath;main:app-wear:debugAndroidTestCompileClasspath;main:app-wear:debugCompileClasspath;main:app-wear:debugRuntimeClasspath;main:app-wear:debugUnitTestCompileClasspath;main:app-wear:debugUnitTestRuntimeClasspath;main:app-wear:releaseCompileClasspath;main:app-wear:releaseRuntimeClasspath;main:shared:androidCompileClasspath;main:shared:androidHostTestCompileClasspath;main:shared:androidHostTestRuntimeClasspath;main:shared:androidRuntimeClasspath
androidx.activity:activity-ktx	1.13.0	main:app-android:benchmarkReleaseRuntimeClasspath;main:app-android:debugAndroidTestRuntimeClasspath;main:app-android:debugRuntimeClasspath;main:app-android:debugUnitTestRuntimeClasspath;main:app-android:nonMinifiedReleaseRuntimeClasspath;main:app-android:releaseRuntimeClasspath;main:app-wear:debugRuntimeClasspath;main:app-wear:debugUnitTestRuntimeClasspath;main:app-wear:releaseRuntimeClasspath;main:shared:androidHostTestRuntimeClasspath;main:shared:androidRuntimeClasspath
androidx.annotation:annotation	1.10.0	main:app-android:benchmarkReleaseCompileClasspath;main:app-android:benchmarkReleaseRuntimeClasspath;main:app-android:debugAndroidTestCompileClasspath;main:app-android:debugAndroidTestRuntimeClasspath;main:app-android:debugCompileClasspath;main:app-android:debugRuntimeClasspath;main:app-android:debugUnitTestCompileClasspath;main:app-android:debugUnitTestRuntimeClasspath;main:app-android:nonMinifiedReleaseCompileClasspath;main:app-android:nonMinifiedReleaseRuntimeClasspath;main:app-android:releaseCompileClasspath;main:app-android:releaseRuntimeClasspath;main:app-wear:debugAndroidTestCompileClasspath;main:app-wear:debugCompileClasspath;main:app-wear:debugRuntimeClasspath;main:app-wear:debugUnitTestCompileClasspath;main:app-wear:debugUnitTestRuntimeClasspath;main:app-wear:releaseCompileClasspath;main:app-wear:releaseRuntimeClasspath;main:shared:androidHostTestRuntimeClasspath;main:shared:androidRuntimeClasspath
androidx.annotation:annotation	1.8.1	main:baselineprofile:benchmarkReleaseCompileClasspath;main:baselineprofile:benchmarkReleaseRuntimeClasspath;main:baselineprofile:nonMinifiedReleaseCompileClasspath;main:baselineprofile:nonMinifiedReleaseRuntimeClasspath
androidx.annotation:annotation	1.9.1	main:shared:androidCompileClasspath;main:shared:androidHostTestCompileClasspath;main:shared:commonMainResolvableDependenciesMetadata;main:shared:commonTestResolvableDependenciesMetadata;main:shared:composeHotReloadDevJvmDevRuntimeClasspath;main:shared:composeHotReloadDevJvmRuntimeClasspath;main:shared:composeHotReloadDevJvmTestRuntimeClasspath;main:shared:iosArm64CompileKlibraries;main:shared:iosSimulatorArm64TestCompileKlibraries;main:shared:jvmCompileClasspath;main:shared:jvmDevCompileClasspath;main:shared:jvmDevRuntimeClasspath;main:shared:jvmMainCompileClasspath;main:shared:jvmMainRuntimeClasspath;main:shared:jvmRuntimeClasspath;main:shared:jvmTestCompileClasspath;main:shared:jvmTestRuntimeClasspath;main:shared:metadataAppleMainCompileClasspath;main:shared:metadataCommonMainCompileClasspath;main:shared:metadataCompileClasspath;main:shared:metadataIosMainCompileClasspath;main:shared:metadataNativeMainCompileClasspath
androidx.annotation:annotation-experimental	1.4.1	main:app-android:benchmarkReleaseCompileClasspath;main:app-android:benchmarkReleaseRuntimeClasspath;main:app-android:debugAndroidTestCompileClasspath;main:app-android:debugAndroidTestRuntimeClasspath;main:app-android:debugCompileClasspath;main:app-android:debugRuntimeClasspath;main:app-android:debugUnitTestCompileClasspath;main:app-android:debugUnitTestRuntimeClasspath;main:app-android:nonMinifiedReleaseCompileClasspath;main:app-android:nonMinifiedReleaseRuntimeClasspath;main:app-android:releaseCompileClasspath;main:app-android:releaseRuntimeClasspath;main:app-wear:debugAndroidTestCompileClasspath;main:app-wear:debugCompileClasspath;main:app-wear:debugRuntimeClasspath;main:app-wear:debugUnitTestCompileClasspath;main:app-wear:debugUnitTestRuntimeClasspath;main:app-wear:releaseCompileClasspath;main:app-wear:releaseRuntimeClasspath;main:baselineprofile:benchmarkReleaseCompileClasspath;main:baselineprofile:benchmarkReleaseRuntimeClasspath;main:baselineprofile:nonMinifiedReleaseCompileClasspath;main:baselineprofile:nonMinifiedReleaseRuntimeClasspath;main:shared:androidCompileClasspath;main:shared:androidHostTestCompileClasspath;main:shared:androidHostTestRuntimeClasspath;main:shared:androidRuntimeClasspath
androidx.annotation:annotation-iosarm64	1.9.1	main:shared:iosArm64CompileKlibraries
androidx.annotation:annotation-iossimulatorarm64	1.9.1	main:shared:iosSimulatorArm64TestCompileKlibraries
androidx.annotation:annotation-jvm	1.10.0	main:app-android:benchmarkReleaseCompileClasspath;main:app-android:benchmarkReleaseRuntimeClasspath;main:app-android:debugAndroidTestCompileClasspath;main:app-android:debugAndroidTestRuntimeClasspath;main:app-android:debugCompileClasspath;main:app-android:debugRuntimeClasspath;main:app-android:debugUnitTestCompileClasspath;main:app-android:debugUnitTestRuntimeClasspath;main:app-android:nonMinifiedReleaseCompileClasspath;main:app-android:nonMinifiedReleaseRuntimeClasspath;main:app-android:releaseCompileClasspath;main:app-android:releaseRuntimeClasspath;main:app-wear:debugAndroidTestCompileClasspath;main:app-wear:debugCompileClasspath;main:app-wear:debugRuntimeClasspath;main:app-wear:debugUnitTestCompileClasspath;main:app-wear:debugUnitTestRuntimeClasspath;main:app-wear:releaseCompileClasspath;main:app-wear:releaseRuntimeClasspath;main:shared:androidHostTestRuntimeClasspath;main:shared:androidRuntimeClasspath
androidx.annotation:annotation-jvm	1.8.1	main:baselineprofile:benchmarkReleaseCompileClasspath;main:baselineprofile:benchmarkReleaseRuntimeClasspath;main:baselineprofile:nonMinifiedReleaseCompileClasspath;main:baselineprofile:nonMinifiedReleaseRuntimeClasspath
androidx.annotation:annotation-jvm	1.9.1	main:shared:androidCompileClasspath;main:shared:androidHostTestCompileClasspath;main:shared:composeHotReloadDevJvmDevRuntimeClasspath;main:shared:composeHotReloadDevJvmRuntimeClasspath;main:shared:composeHotReloadDevJvmTestRuntimeClasspath;main:shared:jvmCompileClasspath;main:shared:jvmDevCompileClasspath;main:shared:jvmDevRuntimeClasspath;main:shared:jvmMainCompileClasspath;main:shared:jvmMainRuntimeClasspath;main:shared:jvmRuntimeClasspath;main:shared:jvmTestCompileClasspath;main:shared:jvmTestRuntimeClasspath
androidx.appcompat:appcompat	1.6.1	main:shared:androidCompileClasspath;main:shared:androidHostTestCompileClasspath
androidx.appcompat:appcompat	1.7.1	main:app-wear:debugRuntimeClasspath;main:app-wear:debugUnitTestRuntimeClasspath;main:app-wear:releaseRuntimeClasspath;main:shared:androidHostTestRuntimeClasspath;main:shared:androidRuntimeClasspath
androidx.appcompat:appcompat	1.8.0	main:app-android:benchmarkReleaseCompileClasspath;main:app-android:benchmarkReleaseRuntimeClasspath;main:app-android:debugAndroidTestCompileClasspath;main:app-android:debugCompileClasspath;main:app-android:debugRuntimeClasspath;main:app-android:debugUnitTestCompileClasspath;main:app-android:debugUnitTestRuntimeClasspath;main:app-android:nonMinifiedReleaseCompileClasspath;main:app-android:nonMinifiedReleaseRuntimeClasspath;main:app-android:releaseCompileClasspath;main:app-android:releaseRuntimeClasspath
androidx.appcompat:appcompat-resources	1.6.1	main:shared:androidCompileClasspath;main:shared:androidHostTestCompileClasspath
androidx.appcompat:appcompat-resources	1.7.1	main:app-wear:debugRuntimeClasspath;main:app-wear:debugUnitTestRuntimeClasspath;main:app-wear:releaseRuntimeClasspath;main:shared:androidHostTestRuntimeClasspath;main:shared:androidRuntimeClasspath
androidx.appcompat:appcompat-resources	1.8.0	main:app-android:benchmarkReleaseCompileClasspath;main:app-android:benchmarkReleaseRuntimeClasspath;main:app-android:debugAndroidTestCompileClasspath;main:app-android:debugAndroidTestRuntimeClasspath;main:app-android:debugCompileClasspath;main:app-android:debugRuntimeClasspath;main:app-android:debugUnitTestCompileClasspath;main:app-android:debugUnitTestRuntimeClasspath;main:app-android:nonMinifiedReleaseCompileClasspath;main:app-android:nonMinifiedReleaseRuntimeClasspath;main:app-android:releaseCompileClasspath;main:app-android:releaseRuntimeClasspath
androidx.arch.core:core-common	2.1.0	main:baselineprofile:benchmarkReleaseRuntimeClasspath;main:baselineprofile:nonMinifiedReleaseRuntimeClasspath
androidx.arch.core:core-common	2.2.0	main:app-android:benchmarkReleaseCompileClasspath;main:app-android:benchmarkReleaseRuntimeClasspath;main:app-android:debugAndroidTestCompileClasspath;main:app-android:debugAndroidTestRuntimeClasspath;main:app-android:debugCompileClasspath;main:app-android:debugRuntimeClasspath;main:app-android:debugUnitTestCompileClasspath;main:app-android:debugUnitTestRuntimeClasspath;main:app-android:nonMinifiedReleaseCompileClasspath;main:app-android:nonMinifiedReleaseRuntimeClasspath;main:app-android:releaseCompileClasspath;main:app-android:releaseRuntimeClasspath;main:app-wear:debugAndroidTestCompileClasspath;main:app-wear:debugCompileClasspath;main:app-wear:debugRuntimeClasspath;main:app-wear:debugUnitTestCompileClasspath;main:app-wear:debugUnitTestRuntimeClasspath;main:app-wear:releaseCompileClasspath;main:app-wear:releaseRuntimeClasspath;main:shared:androidCompileClasspath;main:shared:androidHostTestCompileClasspath;main:shared:androidHostTestRuntimeClasspath;main:shared:androidRuntimeClasspath;main:shared:commonMainResolvableDependenciesMetadata;main:shared:commonTestResolvableDependenciesMetadata;main:shared:composeHotReloadDevJvmDevRuntimeClasspath;main:shared:composeHotReloadDevJvmRuntimeClasspath;main:shared:composeHotReloadDevJvmTestRuntimeClasspath;main:shared:jvmCompileClasspath;main:shared:jvmDevCompileClasspath;main:shared:jvmDevRuntimeClasspath;main:shared:jvmMainCompileClasspath;main:shared:jvmMainRuntimeClasspath;main:shared:jvmRuntimeClasspath;main:shared:jvmTestCompileClasspath;main:shared:jvmTestRuntimeClasspath;main:shared:metadataAppleMainCompileClasspath;main:shared:metadataCommonMainCompileClasspath;main:shared:metadataCompileClasspath;main:shared:metadataIosMainCompileClasspath;main:shared:metadataNativeMainCompileClasspath
androidx.arch.core:core-runtime	2.1.0	main:baselineprofile:benchmarkReleaseRuntimeClasspath;main:baselineprofile:nonMinifiedReleaseRuntimeClasspath
androidx.arch.core:core-runtime	2.2.0	main:app-android:benchmarkReleaseCompileClasspath;main:app-android:benchmarkReleaseRuntimeClasspath;main:app-android:debugAndroidTestCompileClasspath;main:app-android:debugAndroidTestRuntimeClasspath;main:app-android:debugCompileClasspath;main:app-android:debugRuntimeClasspath;main:app-android:debugUnitTestCompileClasspath;main:app-android:debugUnitTestRuntimeClasspath;main:app-android:nonMinifiedReleaseCompileClasspath;main:app-android:nonMinifiedReleaseRuntimeClasspath;main:app-android:releaseCompileClasspath;main:app-android:releaseRuntimeClasspath;main:app-wear:debugAndroidTestCompileClasspath;main:app-wear:debugCompileClasspath;main:app-wear:debugRuntimeClasspath;main:app-wear:debugUnitTestCompileClasspath;main:app-wear:debugUnitTestRuntimeClasspath;main:app-wear:releaseCompileClasspath;main:app-wear:releaseRuntimeClasspath;main:shared:androidCompileClasspath;main:shared:androidHostTestCompileClasspath;main:shared:androidHostTestRuntimeClasspath;main:shared:androidRuntimeClasspath
androidx.autofill:autofill	1.0.0	main:app-android:benchmarkReleaseRuntimeClasspath;main:app-android:debugAndroidTestRuntimeClasspath;main:app-android:debugRuntimeClasspath;main:app-android:debugUnitTestRuntimeClasspath;main:app-android:nonMinifiedReleaseRuntimeClasspath;main:app-android:releaseRuntimeClasspath;main:app-wear:debugRuntimeClasspath;main:app-wear:debugUnitTestRuntimeClasspath;main:app-wear:releaseRuntimeClasspath;main:shared:androidHostTestRuntimeClasspath;main:shared:androidRuntimeClasspath
androidx.benchmark:benchmark-common	1.4.1	main:baselineprofile:benchmarkReleaseCompileClasspath;main:baselineprofile:benchmarkReleaseRuntimeClasspath;main:baselineprofile:nonMinifiedReleaseCompileClasspath;main:baselineprofile:nonMinifiedReleaseRuntimeClasspath
androidx.benchmark:benchmark-macro	1.4.1	main:baselineprofile:benchmarkReleaseCompileClasspath;main:baselineprofile:benchmarkReleaseRuntimeClasspath;main:baselineprofile:nonMinifiedReleaseCompileClasspath;main:baselineprofile:nonMinifiedReleaseRuntimeClasspath
androidx.benchmark:benchmark-macro-junit4	1.4.1	main:baselineprofile:benchmarkReleaseCompileClasspath;main:baselineprofile:benchmarkReleaseRuntimeClasspath;main:baselineprofile:nonMinifiedReleaseCompileClasspath;main:baselineprofile:nonMinifiedReleaseRuntimeClasspath
androidx.benchmark:benchmark-traceprocessor	1.4.1	main:baselineprofile:benchmarkReleaseCompileClasspath;main:baselineprofile:benchmarkReleaseRuntimeClasspath;main:baselineprofile:nonMinifiedReleaseCompileClasspath;main:baselineprofile:nonMinifiedReleaseRuntimeClasspath
androidx.benchmark:benchmark-traceprocessor-android	1.4.1	main:baselineprofile:benchmarkReleaseCompileClasspath;main:baselineprofile:benchmarkReleaseRuntimeClasspath;main:baselineprofile:nonMinifiedReleaseCompileClasspath;main:baselineprofile:nonMinifiedReleaseRuntimeClasspath
androidx.cardview:cardview	1.0.0	main:app-android:benchmarkReleaseCompileClasspath;main:app-android:benchmarkReleaseRuntimeClasspath;main:app-android:debugAndroidTestCompileClasspath;main:app-android:debugCompileClasspath;main:app-android:debugRuntimeClasspath;main:app-android:debugUnitTestCompileClasspath;main:app-android:debugUnitTestRuntimeClasspath;main:app-android:nonMinifiedReleaseCompileClasspath;main:app-android:nonMinifiedReleaseRuntimeClasspath;main:app-android:releaseCompileClasspath;main:app-android:releaseRuntimeClasspath
androidx.collection:collection	1.0.0	main:baselineprofile:benchmarkReleaseRuntimeClasspath;main:baselineprofile:nonMinifiedReleaseRuntimeClasspath
androidx.collection:collection	1.5.0	main:app-android:benchmarkReleaseCompileClasspath;main:app-android:benchmarkReleaseRuntimeClasspath;main:app-android:debugAndroidTestCompileClasspath;main:app-android:debugAndroidTestRuntimeClasspath;main:app-android:debugCompileClasspath;main:app-android:debugRuntimeClasspath;main:app-android:debugUnitTestCompileClasspath;main:app-android:debugUnitTestRuntimeClasspath;main:app-android:nonMinifiedReleaseCompileClasspath;main:app-android:nonMinifiedReleaseRuntimeClasspath;main:app-android:releaseCompileClasspath;main:app-android:releaseRuntimeClasspath;main:app-wear:debugAndroidTestCompileClasspath;main:app-wear:debugCompileClasspath;main:app-wear:debugRuntimeClasspath;main:app-wear:debugUnitTestCompileClasspath;main:app-wear:debugUnitTestRuntimeClasspath;main:app-wear:releaseCompileClasspath;main:app-wear:releaseRuntimeClasspath;main:shared:androidCompileClasspath;main:shared:androidHostTestCompileClasspath;main:shared:androidHostTestRuntimeClasspath;main:shared:androidRuntimeClasspath;main:shared:commonMainResolvableDependenciesMetadata;main:shared:commonTestResolvableDependenciesMetadata;main:shared:composeHotReloadDevJvmDevRuntimeClasspath;main:shared:composeHotReloadDevJvmRuntimeClasspath;main:shared:composeHotReloadDevJvmTestRuntimeClasspath;main:shared:iosArm64CompileKlibraries;main:shared:iosSimulatorArm64TestCompileKlibraries;main:shared:jvmCompileClasspath;main:shared:jvmDevCompileClasspath;main:shared:jvmDevRuntimeClasspath;main:shared:jvmMainCompileClasspath;main:shared:jvmMainRuntimeClasspath;main:shared:jvmRuntimeClasspath;main:shared:jvmTestCompileClasspath;main:shared:jvmTestRuntimeClasspath;main:shared:metadataAppleMainCompileClasspath;main:shared:metadataCommonMainCompileClasspath;main:shared:metadataCompileClasspath;main:shared:metadataIosMainCompileClasspath;main:shared:metadataNativeMainCompileClasspath
androidx.collection:collection-iosarm64	1.5.0	main:shared:iosArm64CompileKlibraries
androidx.collection:collection-iossimulatorarm64	1.5.0	main:shared:iosSimulatorArm64TestCompileKlibraries
androidx.collection:collection-jvm	1.5.0	main:app-android:benchmarkReleaseCompileClasspath;main:app-android:benchmarkReleaseRuntimeClasspath;main:app-android:debugAndroidTestCompileClasspath;main:app-android:debugAndroidTestRuntimeClasspath;main:app-android:debugCompileClasspath;main:app-android:debugRuntimeClasspath;main:app-android:debugUnitTestCompileClasspath;main:app-android:debugUnitTestRuntimeClasspath;main:app-android:nonMinifiedReleaseCompileClasspath;main:app-android:nonMinifiedReleaseRuntimeClasspath;main:app-android:releaseCompileClasspath;main:app-android:releaseRuntimeClasspath;main:app-wear:debugAndroidTestCompileClasspath;main:app-wear:debugCompileClasspath;main:app-wear:debugRuntimeClasspath;main:app-wear:debugUnitTestCompileClasspath;main:app-wear:debugUnitTestRuntimeClasspath;main:app-wear:releaseCompileClasspath;main:app-wear:releaseRuntimeClasspath;main:shared:androidCompileClasspath;main:shared:androidHostTestCompileClasspath;main:shared:androidHostTestRuntimeClasspath;main:shared:androidRuntimeClasspath;main:shared:composeHotReloadDevJvmDevRuntimeClasspath;main:shared:composeHotReloadDevJvmRuntimeClasspath;main:shared:composeHotReloadDevJvmTestRuntimeClasspath;main:shared:jvmCompileClasspath;main:shared:jvmDevCompileClasspath;main:shared:jvmDevRuntimeClasspath;main:shared:jvmMainCompileClasspath;main:shared:jvmMainRuntimeClasspath;main:shared:jvmRuntimeClasspath;main:shared:jvmTestCompileClasspath;main:shared:jvmTestRuntimeClasspath
androidx.collection:collection-ktx	1.5.0	main:app-android:benchmarkReleaseRuntimeClasspath;main:app-android:debugAndroidTestRuntimeClasspath;main:app-android:debugRuntimeClasspath;main:app-android:debugUnitTestRuntimeClasspath;main:app-android:nonMinifiedReleaseRuntimeClasspath;main:app-android:releaseRuntimeClasspath;main:app-wear:debugRuntimeClasspath;main:app-wear:debugUnitTestRuntimeClasspath;main:app-wear:releaseRuntimeClasspath;main:shared:androidHostTestRuntimeClasspath;main:shared:androidRuntimeClasspath
androidx.compose.animation:animation	1.12.0	main:app-android:benchmarkReleaseCompileClasspath;main:app-android:benchmarkReleaseRuntimeClasspath;main:app-android:debugAndroidTestCompileClasspath;main:app-android:debugAndroidTestRuntimeClasspath;main:app-android:debugCompileClasspath;main:app-android:debugRuntimeClasspath;main:app-android:debugUnitTestCompileClasspath;main:app-android:debugUnitTestRuntimeClasspath;main:app-android:nonMinifiedReleaseCompileClasspath;main:app-android:nonMinifiedReleaseRuntimeClasspath;main:app-android:releaseCompileClasspath;main:app-android:releaseRuntimeClasspath;main:app-wear:debugCompileClasspath;main:app-wear:debugRuntimeClasspath;main:app-wear:debugUnitTestCompileClasspath;main:app-wear:debugUnitTestRuntimeClasspath;main:app-wear:releaseCompileClasspath;main:app-wear:releaseRuntimeClasspath;main:shared:androidCompileClasspath;main:shared:androidHostTestCompileClasspath;main:shared:androidHostTestRuntimeClasspath;main:shared:androidRuntimeClasspath
androidx.compose.animation:animation	1.9.0	main:app-wear:debugAndroidTestCompileClasspath
androidx.compose.animation:animation-android	1.12.0	main:app-android:benchmarkReleaseCompileClasspath;main:app-android:benchmarkReleaseRuntimeClasspath;main:app-android:debugAndroidTestCompileClasspath;main:app-android:debugAndroidTestRuntimeClasspath;main:app-android:debugCompileClasspath;main:app-android:debugRuntimeClasspath;main:app-android:debugUnitTestCompileClasspath;main:app-android:debugUnitTestRuntimeClasspath;main:app-android:nonMinifiedReleaseCompileClasspath;main:app-android:nonMinifiedReleaseRuntimeClasspath;main:app-android:releaseCompileClasspath;main:app-android:releaseRuntimeClasspath;main:app-wear:debugCompileClasspath;main:app-wear:debugRuntimeClasspath;main:app-wear:debugUnitTestCompileClasspath;main:app-wear:debugUnitTestRuntimeClasspath;main:app-wear:releaseCompileClasspath;main:app-wear:releaseRuntimeClasspath;main:shared:androidCompileClasspath;main:shared:androidHostTestCompileClasspath;main:shared:androidHostTestRuntimeClasspath;main:shared:androidRuntimeClasspath
androidx.compose.animation:animation-android	1.9.0	main:app-wear:debugAndroidTestCompileClasspath
androidx.compose.animation:animation-core	1.12.0	main:app-android:benchmarkReleaseCompileClasspath;main:app-android:benchmarkReleaseRuntimeClasspath;main:app-android:debugAndroidTestCompileClasspath;main:app-android:debugAndroidTestRuntimeClasspath;main:app-android:debugCompileClasspath;main:app-android:debugRuntimeClasspath;main:app-android:debugUnitTestCompileClasspath;main:app-android:debugUnitTestRuntimeClasspath;main:app-android:nonMinifiedReleaseCompileClasspath;main:app-android:nonMinifiedReleaseRuntimeClasspath;main:app-android:releaseCompileClasspath;main:app-android:releaseRuntimeClasspath;main:app-wear:debugCompileClasspath;main:app-wear:debugRuntimeClasspath;main:app-wear:debugUnitTestCompileClasspath;main:app-wear:debugUnitTestRuntimeClasspath;main:app-wear:releaseCompileClasspath;main:app-wear:releaseRuntimeClasspath;main:shared:androidCompileClasspath;main:shared:androidHostTestCompileClasspath;main:shared:androidHostTestRuntimeClasspath;main:shared:androidRuntimeClasspath
androidx.compose.animation:animation-core	1.9.0	main:app-wear:debugAndroidTestCompileClasspath
androidx.compose.animation:animation-core-android	1.12.0	main:app-android:benchmarkReleaseCompileClasspath;main:app-android:benchmarkReleaseRuntimeClasspath;main:app-android:debugAndroidTestCompileClasspath;main:app-android:debugAndroidTestRuntimeClasspath;main:app-android:debugCompileClasspath;main:app-android:debugRuntimeClasspath;main:app-android:debugUnitTestCompileClasspath;main:app-android:debugUnitTestRuntimeClasspath;main:app-android:nonMinifiedReleaseCompileClasspath;main:app-android:nonMinifiedReleaseRuntimeClasspath;main:app-android:releaseCompileClasspath;main:app-android:releaseRuntimeClasspath;main:app-wear:debugCompileClasspath;main:app-wear:debugRuntimeClasspath;main:app-wear:debugUnitTestCompileClasspath;main:app-wear:debugUnitTestRuntimeClasspath;main:app-wear:releaseCompileClasspath;main:app-wear:releaseRuntimeClasspath;main:shared:androidCompileClasspath;main:shared:androidHostTestCompileClasspath;main:shared:androidHostTestRuntimeClasspath;main:shared:androidRuntimeClasspath
androidx.compose.animation:animation-core-android	1.9.0	main:app-wear:debugAndroidTestCompileClasspath
androidx.compose.animation:animation-graphics	1.12.0	main:app-wear:debugRuntimeClasspath;main:app-wear:debugUnitTestRuntimeClasspath;main:app-wear:releaseRuntimeClasspath
androidx.compose.animation:animation-graphics-android	1.12.0	main:app-wear:debugRuntimeClasspath;main:app-wear:debugUnitTestRuntimeClasspath;main:app-wear:releaseRuntimeClasspath
androidx.compose.foundation:foundation	1.12.0	main:app-android:benchmarkReleaseCompileClasspath;main:app-android:benchmarkReleaseRuntimeClasspath;main:app-android:debugAndroidTestCompileClasspath;main:app-android:debugAndroidTestRuntimeClasspath;main:app-android:debugCompileClasspath;main:app-android:debugRuntimeClasspath;main:app-android:debugUnitTestCompileClasspath;main:app-android:debugUnitTestRuntimeClasspath;main:app-android:nonMinifiedReleaseCompileClasspath;main:app-android:nonMinifiedReleaseRuntimeClasspath;main:app-android:releaseCompileClasspath;main:app-android:releaseRuntimeClasspath;main:app-wear:debugCompileClasspath;main:app-wear:debugRuntimeClasspath;main:app-wear:debugUnitTestCompileClasspath;main:app-wear:debugUnitTestRuntimeClasspath;main:app-wear:releaseCompileClasspath;main:app-wear:releaseRuntimeClasspath;main:shared:androidCompileClasspath;main:shared:androidHostTestCompileClasspath;main:shared:androidHostTestRuntimeClasspath;main:shared:androidRuntimeClasspath
androidx.compose.foundation:foundation	1.9.0	main:app-wear:debugAndroidTestCompileClasspath
androidx.compose.foundation:foundation-android	1.12.0	main:app-android:benchmarkReleaseCompileClasspath;main:app-android:benchmarkReleaseRuntimeClasspath;main:app-android:debugAndroidTestCompileClasspath;main:app-android:debugAndroidTestRuntimeClasspath;main:app-android:debugCompileClasspath;main:app-android:debugRuntimeClasspath;main:app-android:debugUnitTestCompileClasspath;main:app-android:debugUnitTestRuntimeClasspath;main:app-android:nonMinifiedReleaseCompileClasspath;main:app-android:nonMinifiedReleaseRuntimeClasspath;main:app-android:releaseCompileClasspath;main:app-android:releaseRuntimeClasspath;main:app-wear:debugCompileClasspath;main:app-wear:debugRuntimeClasspath;main:app-wear:debugUnitTestCompileClasspath;main:app-wear:debugUnitTestRuntimeClasspath;main:app-wear:releaseCompileClasspath;main:app-wear:releaseRuntimeClasspath;main:shared:androidCompileClasspath;main:shared:androidHostTestCompileClasspath;main:shared:androidHostTestRuntimeClasspath;main:shared:androidRuntimeClasspath
androidx.compose.foundation:foundation-android	1.9.0	main:app-wear:debugAndroidTestCompileClasspath
androidx.compose.foundation:foundation-layout	1.12.0	main:app-android:benchmarkReleaseCompileClasspath;main:app-android:benchmarkReleaseRuntimeClasspath;main:app-android:debugAndroidTestCompileClasspath;main:app-android:debugAndroidTestRuntimeClasspath;main:app-android:debugCompileClasspath;main:app-android:debugRuntimeClasspath;main:app-android:debugUnitTestCompileClasspath;main:app-android:debugUnitTestRuntimeClasspath;main:app-android:nonMinifiedReleaseCompileClasspath;main:app-android:nonMinifiedReleaseRuntimeClasspath;main:app-android:releaseCompileClasspath;main:app-android:releaseRuntimeClasspath;main:app-wear:debugCompileClasspath;main:app-wear:debugRuntimeClasspath;main:app-wear:debugUnitTestCompileClasspath;main:app-wear:debugUnitTestRuntimeClasspath;main:app-wear:releaseCompileClasspath;main:app-wear:releaseRuntimeClasspath;main:shared:androidCompileClasspath;main:shared:androidHostTestCompileClasspath;main:shared:androidHostTestRuntimeClasspath;main:shared:androidRuntimeClasspath
androidx.compose.foundation:foundation-layout	1.9.0	main:app-wear:debugAndroidTestCompileClasspath
androidx.compose.foundation:foundation-layout-android	1.12.0	main:app-android:benchmarkReleaseCompileClasspath;main:app-android:benchmarkReleaseRuntimeClasspath;main:app-android:debugAndroidTestCompileClasspath;main:app-android:debugAndroidTestRuntimeClasspath;main:app-android:debugCompileClasspath;main:app-android:debugRuntimeClasspath;main:app-android:debugUnitTestCompileClasspath;main:app-android:debugUnitTestRuntimeClasspath;main:app-android:nonMinifiedReleaseCompileClasspath;main:app-android:nonMinifiedReleaseRuntimeClasspath;main:app-android:releaseCompileClasspath;main:app-android:releaseRuntimeClasspath;main:app-wear:debugCompileClasspath;main:app-wear:debugRuntimeClasspath;main:app-wear:debugUnitTestCompileClasspath;main:app-wear:debugUnitTestRuntimeClasspath;main:app-wear:releaseCompileClasspath;main:app-wear:releaseRuntimeClasspath;main:shared:androidCompileClasspath;main:shared:androidHostTestCompileClasspath;main:shared:androidHostTestRuntimeClasspath;main:shared:androidRuntimeClasspath
androidx.compose.foundation:foundation-layout-android	1.9.0	main:app-wear:debugAndroidTestCompileClasspath
androidx.compose.material3:material3	1.4.0	main:app-android:benchmarkReleaseCompileClasspath;main:app-android:benchmarkReleaseRuntimeClasspath;main:app-android:debugAndroidTestCompileClasspath;main:app-android:debugCompileClasspath;main:app-android:debugRuntimeClasspath;main:app-android:debugUnitTestCompileClasspath;main:app-android:debugUnitTestRuntimeClasspath;main:app-android:nonMinifiedReleaseCompileClasspath;main:app-android:nonMinifiedReleaseRuntimeClasspath;main:app-android:releaseCompileClasspath;main:app-android:releaseRuntimeClasspath;main:app-wear:debugRuntimeClasspath;main:app-wear:debugUnitTestRuntimeClasspath;main:app-wear:releaseRuntimeClasspath;main:shared:androidCompileClasspath;main:shared:androidHostTestCompileClasspath;main:shared:androidHostTestRuntimeClasspath;main:shared:androidRuntimeClasspath
androidx.compose.material3:material3-android	1.4.0	main:app-android:benchmarkReleaseCompileClasspath;main:app-android:benchmarkReleaseRuntimeClasspath;main:app-android:debugAndroidTestCompileClasspath;main:app-android:debugCompileClasspath;main:app-android:debugRuntimeClasspath;main:app-android:debugUnitTestCompileClasspath;main:app-android:debugUnitTestRuntimeClasspath;main:app-android:nonMinifiedReleaseCompileClasspath;main:app-android:nonMinifiedReleaseRuntimeClasspath;main:app-android:releaseCompileClasspath;main:app-android:releaseRuntimeClasspath;main:app-wear:debugRuntimeClasspath;main:app-wear:debugUnitTestRuntimeClasspath;main:app-wear:releaseRuntimeClasspath;main:shared:androidCompileClasspath;main:shared:androidHostTestCompileClasspath;main:shared:androidHostTestRuntimeClasspath;main:shared:androidRuntimeClasspath
androidx.compose.material:material-icons-core	1.7.6	main:shared:androidCompileClasspath;main:shared:androidHostTestCompileClasspath;main:shared:androidHostTestRuntimeClasspath;main:shared:androidRuntimeClasspath
androidx.compose.material:material-icons-core	1.7.8	main:app-android:benchmarkReleaseCompileClasspath;main:app-android:benchmarkReleaseRuntimeClasspath;main:app-android:debugAndroidTestCompileClasspath;main:app-android:debugCompileClasspath;main:app-android:debugRuntimeClasspath;main:app-android:debugUnitTestCompileClasspath;main:app-android:debugUnitTestRuntimeClasspath;main:app-android:nonMinifiedReleaseCompileClasspath;main:app-android:nonMinifiedReleaseRuntimeClasspath;main:app-android:releaseCompileClasspath;main:app-android:releaseRuntimeClasspath;main:app-wear:debugRuntimeClasspath;main:app-wear:debugUnitTestRuntimeClasspath;main:app-wear:releaseRuntimeClasspath
androidx.compose.material:material-icons-core-android	1.7.6	main:shared:androidCompileClasspath;main:shared:androidHostTestCompileClasspath;main:shared:androidHostTestRuntimeClasspath;main:shared:androidRuntimeClasspath
androidx.compose.material:material-icons-core-android	1.7.8	main:app-android:benchmarkReleaseCompileClasspath;main:app-android:benchmarkReleaseRuntimeClasspath;main:app-android:debugAndroidTestCompileClasspath;main:app-android:debugCompileClasspath;main:app-android:debugRuntimeClasspath;main:app-android:debugUnitTestCompileClasspath;main:app-android:debugUnitTestRuntimeClasspath;main:app-android:nonMinifiedReleaseCompileClasspath;main:app-android:nonMinifiedReleaseRuntimeClasspath;main:app-android:releaseCompileClasspath;main:app-android:releaseRuntimeClasspath;main:app-wear:debugRuntimeClasspath;main:app-wear:debugUnitTestRuntimeClasspath;main:app-wear:releaseRuntimeClasspath
androidx.compose.material:material-icons-extended	1.7.6	main:app-wear:debugRuntimeClasspath;main:app-wear:debugUnitTestRuntimeClasspath;main:app-wear:releaseRuntimeClasspath;main:shared:androidCompileClasspath;main:shared:androidHostTestCompileClasspath;main:shared:androidHostTestRuntimeClasspath;main:shared:androidRuntimeClasspath
androidx.compose.material:material-icons-extended	1.7.8	main:app-android:benchmarkReleaseCompileClasspath;main:app-android:benchmarkReleaseRuntimeClasspath;main:app-android:debugAndroidTestCompileClasspath;main:app-android:debugCompileClasspath;main:app-android:debugRuntimeClasspath;main:app-android:debugUnitTestCompileClasspath;main:app-android:debugUnitTestRuntimeClasspath;main:app-android:nonMinifiedReleaseCompileClasspath;main:app-android:nonMinifiedReleaseRuntimeClasspath;main:app-android:releaseCompileClasspath;main:app-android:releaseRuntimeClasspath
androidx.compose.material:material-icons-extended-android	1.7.6	main:app-wear:debugRuntimeClasspath;main:app-wear:debugUnitTestRuntimeClasspath;main:app-wear:releaseRuntimeClasspath;main:shared:androidCompileClasspath;main:shared:androidHostTestCompileClasspath;main:shared:androidHostTestRuntimeClasspath;main:shared:androidRuntimeClasspath
androidx.compose.material:material-icons-extended-android	1.7.8	main:app-android:benchmarkReleaseCompileClasspath;main:app-android:benchmarkReleaseRuntimeClasspath;main:app-android:debugAndroidTestCompileClasspath;main:app-android:debugCompileClasspath;main:app-android:debugRuntimeClasspath;main:app-android:debugUnitTestCompileClasspath;main:app-android:debugUnitTestRuntimeClasspath;main:app-android:nonMinifiedReleaseCompileClasspath;main:app-android:nonMinifiedReleaseRuntimeClasspath;main:app-android:releaseCompileClasspath;main:app-android:releaseRuntimeClasspath
androidx.compose.material:material-ripple	1.12.0	main:app-android:benchmarkReleaseCompileClasspath;main:app-android:benchmarkReleaseRuntimeClasspath;main:app-android:debugAndroidTestCompileClasspath;main:app-android:debugCompileClasspath;main:app-android:debugRuntimeClasspath;main:app-android:debugUnitTestCompileClasspath;main:app-android:debugUnitTestRuntimeClasspath;main:app-android:nonMinifiedReleaseCompileClasspath;main:app-android:nonMinifiedReleaseRuntimeClasspath;main:app-android:releaseCompileClasspath;main:app-android:releaseRuntimeClasspath
androidx.compose.material:material-ripple	1.9.3	main:app-wear:debugRuntimeClasspath;main:app-wear:debugUnitTestRuntimeClasspath;main:app-wear:releaseRuntimeClasspath;main:shared:androidCompileClasspath;main:shared:androidHostTestCompileClasspath;main:shared:androidHostTestRuntimeClasspath;main:shared:androidRuntimeClasspath
androidx.compose.material:material-ripple-android	1.12.0	main:app-android:benchmarkReleaseCompileClasspath;main:app-android:benchmarkReleaseRuntimeClasspath;main:app-android:debugAndroidTestCompileClasspath;main:app-android:debugCompileClasspath;main:app-android:debugRuntimeClasspath;main:app-android:debugUnitTestCompileClasspath;main:app-android:debugUnitTestRuntimeClasspath;main:app-android:nonMinifiedReleaseCompileClasspath;main:app-android:nonMinifiedReleaseRuntimeClasspath;main:app-android:releaseCompileClasspath;main:app-android:releaseRuntimeClasspath
androidx.compose.material:material-ripple-android	1.9.3	main:app-wear:debugRuntimeClasspath;main:app-wear:debugUnitTestRuntimeClasspath;main:app-wear:releaseRuntimeClasspath;main:shared:androidCompileClasspath;main:shared:androidHostTestCompileClasspath;main:shared:androidHostTestRuntimeClasspath;main:shared:androidRuntimeClasspath
androidx.compose.runtime:runtime	1.12.0	main:app-android:benchmarkReleaseCompileClasspath;main:app-android:benchmarkReleaseRuntimeClasspath;main:app-android:debugAndroidTestCompileClasspath;main:app-android:debugAndroidTestRuntimeClasspath;main:app-android:debugCompileClasspath;main:app-android:debugRuntimeClasspath;main:app-android:debugUnitTestCompileClasspath;main:app-android:debugUnitTestRuntimeClasspath;main:app-android:nonMinifiedReleaseCompileClasspath;main:app-android:nonMinifiedReleaseRuntimeClasspath;main:app-android:releaseCompileClasspath;main:app-android:releaseRuntimeClasspath;main:app-wear:debugCompileClasspath;main:app-wear:debugRuntimeClasspath;main:app-wear:debugUnitTestCompileClasspath;main:app-wear:debugUnitTestRuntimeClasspath;main:app-wear:releaseCompileClasspath;main:app-wear:releaseRuntimeClasspath;main:shared:androidCompileClasspath;main:shared:androidHostTestCompileClasspath;main:shared:androidHostTestRuntimeClasspath;main:shared:androidRuntimeClasspath;main:shared:commonMainResolvableDependenciesMetadata;main:shared:commonTestResolvableDependenciesMetadata;main:shared:composeHotReloadDevJvmDevRuntimeClasspath;main:shared:composeHotReloadDevJvmRuntimeClasspath;main:shared:composeHotReloadDevJvmTestRuntimeClasspath;main:shared:iosArm64CompileKlibraries;main:shared:iosSimulatorArm64TestCompileKlibraries;main:shared:jvmCompileClasspath;main:shared:jvmDevCompileClasspath;main:shared:jvmDevRuntimeClasspath;main:shared:jvmMainCompileClasspath;main:shared:jvmMainRuntimeClasspath;main:shared:jvmRuntimeClasspath;main:shared:jvmTestCompileClasspath;main:shared:jvmTestRuntimeClasspath;main:shared:metadataAppleMainCompileClasspath;main:shared:metadataCommonMainCompileClasspath;main:shared:metadataCompileClasspath;main:shared:metadataIosMainCompileClasspath;main:shared:metadataNativeMainCompileClasspath
androidx.compose.runtime:runtime	1.9.2	main:app-wear:debugAndroidTestCompileClasspath
androidx.compose.runtime:runtime-android	1.12.0	main:app-android:benchmarkReleaseCompileClasspath;main:app-android:benchmarkReleaseRuntimeClasspath;main:app-android:debugAndroidTestCompileClasspath;main:app-android:debugAndroidTestRuntimeClasspath;main:app-android:debugCompileClasspath;main:app-android:debugRuntimeClasspath;main:app-android:debugUnitTestCompileClasspath;main:app-android:debugUnitTestRuntimeClasspath;main:app-android:nonMinifiedReleaseCompileClasspath;main:app-android:nonMinifiedReleaseRuntimeClasspath;main:app-android:releaseCompileClasspath;main:app-android:releaseRuntimeClasspath;main:app-wear:debugCompileClasspath;main:app-wear:debugRuntimeClasspath;main:app-wear:debugUnitTestCompileClasspath;main:app-wear:debugUnitTestRuntimeClasspath;main:app-wear:releaseCompileClasspath;main:app-wear:releaseRuntimeClasspath;main:shared:androidCompileClasspath;main:shared:androidHostTestCompileClasspath;main:shared:androidHostTestRuntimeClasspath;main:shared:androidRuntimeClasspath
androidx.compose.runtime:runtime-android	1.9.2	main:app-wear:debugAndroidTestCompileClasspath
androidx.compose.runtime:runtime-annotation	1.12.0	main:app-android:benchmarkReleaseCompileClasspath;main:app-android:benchmarkReleaseRuntimeClasspath;main:app-android:debugAndroidTestCompileClasspath;main:app-android:debugAndroidTestRuntimeClasspath;main:app-android:debugCompileClasspath;main:app-android:debugRuntimeClasspath;main:app-android:debugUnitTestCompileClasspath;main:app-android:debugUnitTestRuntimeClasspath;main:app-android:nonMinifiedReleaseCompileClasspath;main:app-android:nonMinifiedReleaseRuntimeClasspath;main:app-android:releaseCompileClasspath;main:app-android:releaseRuntimeClasspath;main:app-wear:debugCompileClasspath;main:app-wear:debugRuntimeClasspath;main:app-wear:debugUnitTestCompileClasspath;main:app-wear:debugUnitTestRuntimeClasspath;main:app-wear:releaseCompileClasspath;main:app-wear:releaseRuntimeClasspath;main:shared:androidCompileClasspath;main:shared:androidHostTestCompileClasspath;main:shared:androidHostTestRuntimeClasspath;main:shared:androidRuntimeClasspath;main:shared:commonMainResolvableDependenciesMetadata;main:shared:commonTestResolvableDependenciesMetadata;main:shared:composeHotReloadDevJvmDevRuntimeClasspath;main:shared:composeHotReloadDevJvmRuntimeClasspath;main:shared:composeHotReloadDevJvmTestRuntimeClasspath;main:shared:iosArm64CompileKlibraries;main:shared:iosSimulatorArm64TestCompileKlibraries;main:shared:jvmCompileClasspath;main:shared:jvmDevCompileClasspath;main:shared:jvmDevRuntimeClasspath;main:shared:jvmMainCompileClasspath;main:shared:jvmMainRuntimeClasspath;main:shared:jvmRuntimeClasspath;main:shared:jvmTestCompileClasspath;main:shared:jvmTestRuntimeClasspath;main:shared:metadataAppleMainCompileClasspath;main:shared:metadataCommonMainCompileClasspath;main:shared:metadataCompileClasspath;main:shared:metadataIosMainCompileClasspath;main:shared:metadataNativeMainCompileClasspath
androidx.compose.runtime:runtime-annotation	1.9.2	main:app-wear:debugAndroidTestCompileClasspath
androidx.compose.runtime:runtime-annotation-android	1.12.0	main:app-android:benchmarkReleaseCompileClasspath;main:app-android:benchmarkReleaseRuntimeClasspath;main:app-android:debugAndroidTestCompileClasspath;main:app-android:debugAndroidTestRuntimeClasspath;main:app-android:debugCompileClasspath;main:app-android:debugRuntimeClasspath;main:app-android:debugUnitTestCompileClasspath;main:app-android:debugUnitTestRuntimeClasspath;main:app-android:nonMinifiedReleaseCompileClasspath;main:app-android:nonMinifiedReleaseRuntimeClasspath;main:app-android:releaseCompileClasspath;main:app-android:releaseRuntimeClasspath;main:app-wear:debugCompileClasspath;main:app-wear:debugRuntimeClasspath;main:app-wear:debugUnitTestCompileClasspath;main:app-wear:debugUnitTestRuntimeClasspath;main:app-wear:releaseCompileClasspath;main:app-wear:releaseRuntimeClasspath;main:shared:androidCompileClasspath;main:shared:androidHostTestCompileClasspath;main:shared:androidHostTestRuntimeClasspath;main:shared:androidRuntimeClasspath
androidx.compose.runtime:runtime-annotation-android	1.9.2	main:app-wear:debugAndroidTestCompileClasspath
androidx.compose.runtime:runtime-annotation-iosarm64	1.12.0	main:shared:iosArm64CompileKlibraries
androidx.compose.runtime:runtime-annotation-iossimulatorarm64	1.12.0	main:shared:iosSimulatorArm64TestCompileKlibraries
androidx.compose.runtime:runtime-annotation-jvm	1.12.0	main:shared:composeHotReloadDevJvmDevRuntimeClasspath;main:shared:composeHotReloadDevJvmRuntimeClasspath;main:shared:composeHotReloadDevJvmTestRuntimeClasspath;main:shared:jvmCompileClasspath;main:shared:jvmDevCompileClasspath;main:shared:jvmDevRuntimeClasspath;main:shared:jvmMainCompileClasspath;main:shared:jvmMainRuntimeClasspath;main:shared:jvmRuntimeClasspath;main:shared:jvmTestCompileClasspath;main:shared:jvmTestRuntimeClasspath
androidx.compose.runtime:runtime-desktop	1.12.0	main:shared:composeHotReloadDevJvmDevRuntimeClasspath;main:shared:composeHotReloadDevJvmRuntimeClasspath;main:shared:composeHotReloadDevJvmTestRuntimeClasspath;main:shared:jvmCompileClasspath;main:shared:jvmDevCompileClasspath;main:shared:jvmDevRuntimeClasspath;main:shared:jvmMainCompileClasspath;main:shared:jvmMainRuntimeClasspath;main:shared:jvmRuntimeClasspath;main:shared:jvmTestCompileClasspath;main:shared:jvmTestRuntimeClasspath
androidx.compose.runtime:runtime-iosarm64	1.12.0	main:shared:iosArm64CompileKlibraries
androidx.compose.runtime:runtime-iossimulatorarm64	1.12.0	main:shared:iosSimulatorArm64TestCompileKlibraries
androidx.compose.runtime:runtime-retain	1.12.0	main:app-android:benchmarkReleaseCompileClasspath;main:app-android:benchmarkReleaseRuntimeClasspath;main:app-android:debugAndroidTestCompileClasspath;main:app-android:debugAndroidTestRuntimeClasspath;main:app-android:debugCompileClasspath;main:app-android:debugRuntimeClasspath;main:app-android:debugUnitTestCompileClasspath;main:app-android:debugUnitTestRuntimeClasspath;main:app-android:nonMinifiedReleaseCompileClasspath;main:app-android:nonMinifiedReleaseRuntimeClasspath;main:app-android:releaseCompileClasspath;main:app-android:releaseRuntimeClasspath;main:app-wear:debugCompileClasspath;main:app-wear:debugRuntimeClasspath;main:app-wear:debugUnitTestCompileClasspath;main:app-wear:debugUnitTestRuntimeClasspath;main:app-wear:releaseCompileClasspath;main:app-wear:releaseRuntimeClasspath;main:shared:androidCompileClasspath;main:shared:androidHostTestCompileClasspath;main:shared:androidHostTestRuntimeClasspath;main:shared:androidRuntimeClasspath;main:shared:commonMainResolvableDependenciesMetadata;main:shared:commonTestResolvableDependenciesMetadata;main:shared:composeHotReloadDevJvmDevRuntimeClasspath;main:shared:composeHotReloadDevJvmRuntimeClasspath;main:shared:composeHotReloadDevJvmTestRuntimeClasspath;main:shared:iosArm64CompileKlibraries;main:shared:iosSimulatorArm64TestCompileKlibraries;main:shared:jvmCompileClasspath;main:shared:jvmDevCompileClasspath;main:shared:jvmDevRuntimeClasspath;main:shared:jvmMainCompileClasspath;main:shared:jvmMainRuntimeClasspath;main:shared:jvmRuntimeClasspath;main:shared:jvmTestCompileClasspath;main:shared:jvmTestRuntimeClasspath;main:shared:metadataAppleMainCompileClasspath;main:shared:metadataCommonMainCompileClasspath;main:shared:metadataCompileClasspath;main:shared:metadataIosMainCompileClasspath;main:shared:metadataNativeMainCompileClasspath
androidx.compose.runtime:runtime-retain-android	1.12.0	main:app-android:benchmarkReleaseCompileClasspath;main:app-android:benchmarkReleaseRuntimeClasspath;main:app-android:debugAndroidTestCompileClasspath;main:app-android:debugAndroidTestRuntimeClasspath;main:app-android:debugCompileClasspath;main:app-android:debugRuntimeClasspath;main:app-android:debugUnitTestCompileClasspath;main:app-android:debugUnitTestRuntimeClasspath;main:app-android:nonMinifiedReleaseCompileClasspath;main:app-android:nonMinifiedReleaseRuntimeClasspath;main:app-android:releaseCompileClasspath;main:app-android:releaseRuntimeClasspath;main:app-wear:debugCompileClasspath;main:app-wear:debugRuntimeClasspath;main:app-wear:debugUnitTestCompileClasspath;main:app-wear:debugUnitTestRuntimeClasspath;main:app-wear:releaseCompileClasspath;main:app-wear:releaseRuntimeClasspath;main:shared:androidCompileClasspath;main:shared:androidHostTestCompileClasspath;main:shared:androidHostTestRuntimeClasspath;main:shared:androidRuntimeClasspath
androidx.compose.runtime:runtime-retain-desktop	1.12.0	main:shared:composeHotReloadDevJvmDevRuntimeClasspath;main:shared:composeHotReloadDevJvmRuntimeClasspath;main:shared:composeHotReloadDevJvmTestRuntimeClasspath;main:shared:jvmCompileClasspath;main:shared:jvmDevCompileClasspath;main:shared:jvmDevRuntimeClasspath;main:shared:jvmMainCompileClasspath;main:shared:jvmMainRuntimeClasspath;main:shared:jvmRuntimeClasspath;main:shared:jvmTestCompileClasspath;main:shared:jvmTestRuntimeClasspath
androidx.compose.runtime:runtime-retain-iosarm64	1.12.0	main:shared:iosArm64CompileKlibraries
androidx.compose.runtime:runtime-retain-iossimulatorarm64	1.12.0	main:shared:iosSimulatorArm64TestCompileKlibraries
androidx.compose.runtime:runtime-saveable	1.12.0	main:app-android:benchmarkReleaseCompileClasspath;main:app-android:benchmarkReleaseRuntimeClasspath;main:app-android:debugAndroidTestCompileClasspath;main:app-android:debugAndroidTestRuntimeClasspath;main:app-android:debugCompileClasspath;main:app-android:debugRuntimeClasspath;main:app-android:debugUnitTestCompileClasspath;main:app-android:debugUnitTestRuntimeClasspath;main:app-android:nonMinifiedReleaseCompileClasspath;main:app-android:nonMinifiedReleaseRuntimeClasspath;main:app-android:releaseCompileClasspath;main:app-android:releaseRuntimeClasspath;main:app-wear:debugCompileClasspath;main:app-wear:debugRuntimeClasspath;main:app-wear:debugUnitTestCompileClasspath;main:app-wear:debugUnitTestRuntimeClasspath;main:app-wear:releaseCompileClasspath;main:app-wear:releaseRuntimeClasspath;main:shared:androidCompileClasspath;main:shared:androidHostTestCompileClasspath;main:shared:androidHostTestRuntimeClasspath;main:shared:androidRuntimeClasspath;main:shared:commonMainResolvableDependenciesMetadata;main:shared:commonTestResolvableDependenciesMetadata;main:shared:composeHotReloadDevJvmDevRuntimeClasspath;main:shared:composeHotReloadDevJvmRuntimeClasspath;main:shared:composeHotReloadDevJvmTestRuntimeClasspath;main:shared:iosArm64CompileKlibraries;main:shared:iosSimulatorArm64TestCompileKlibraries;main:shared:jvmCompileClasspath;main:shared:jvmDevCompileClasspath;main:shared:jvmDevRuntimeClasspath;main:shared:jvmMainCompileClasspath;main:shared:jvmMainRuntimeClasspath;main:shared:jvmRuntimeClasspath;main:shared:jvmTestCompileClasspath;main:shared:jvmTestRuntimeClasspath;main:shared:metadataAppleMainCompileClasspath;main:shared:metadataCommonMainCompileClasspath;main:shared:metadataCompileClasspath;main:shared:metadataIosMainCompileClasspath;main:shared:metadataNativeMainCompileClasspath
androidx.compose.runtime:runtime-saveable	1.9.2	main:app-wear:debugAndroidTestCompileClasspath
androidx.compose.runtime:runtime-saveable-android	1.12.0	main:app-android:benchmarkReleaseCompileClasspath;main:app-android:benchmarkReleaseRuntimeClasspath;main:app-android:debugAndroidTestCompileClasspath;main:app-android:debugAndroidTestRuntimeClasspath;main:app-android:debugCompileClasspath;main:app-android:debugRuntimeClasspath;main:app-android:debugUnitTestCompileClasspath;main:app-android:debugUnitTestRuntimeClasspath;main:app-android:nonMinifiedReleaseCompileClasspath;main:app-android:nonMinifiedReleaseRuntimeClasspath;main:app-android:releaseCompileClasspath;main:app-android:releaseRuntimeClasspath;main:app-wear:debugCompileClasspath;main:app-wear:debugRuntimeClasspath;main:app-wear:debugUnitTestCompileClasspath;main:app-wear:debugUnitTestRuntimeClasspath;main:app-wear:releaseCompileClasspath;main:app-wear:releaseRuntimeClasspath;main:shared:androidCompileClasspath;main:shared:androidHostTestCompileClasspath;main:shared:androidHostTestRuntimeClasspath;main:shared:androidRuntimeClasspath
androidx.compose.runtime:runtime-saveable-android	1.9.2	main:app-wear:debugAndroidTestCompileClasspath
androidx.compose.runtime:runtime-saveable-desktop	1.12.0	main:shared:composeHotReloadDevJvmDevRuntimeClasspath;main:shared:composeHotReloadDevJvmRuntimeClasspath;main:shared:composeHotReloadDevJvmTestRuntimeClasspath;main:shared:jvmCompileClasspath;main:shared:jvmDevCompileClasspath;main:shared:jvmDevRuntimeClasspath;main:shared:jvmMainCompileClasspath;main:shared:jvmMainRuntimeClasspath;main:shared:jvmRuntimeClasspath;main:shared:jvmTestCompileClasspath;main:shared:jvmTestRuntimeClasspath
androidx.compose.runtime:runtime-saveable-iosarm64	1.12.0	main:shared:iosArm64CompileKlibraries
androidx.compose.runtime:runtime-saveable-iossimulatorarm64	1.12.0	main:shared:iosSimulatorArm64TestCompileKlibraries
androidx.compose.ui:ui	1.12.0	main:app-android:benchmarkReleaseCompileClasspath;main:app-android:benchmarkReleaseRuntimeClasspath;main:app-android:debugAndroidTestCompileClasspath;main:app-android:debugAndroidTestRuntimeClasspath;main:app-android:debugCompileClasspath;main:app-android:debugRuntimeClasspath;main:app-android:debugUnitTestCompileClasspath;main:app-android:debugUnitTestRuntimeClasspath;main:app-android:nonMinifiedReleaseCompileClasspath;main:app-android:nonMinifiedReleaseRuntimeClasspath;main:app-android:releaseCompileClasspath;main:app-android:releaseRuntimeClasspath;main:app-wear:debugCompileClasspath;main:app-wear:debugRuntimeClasspath;main:app-wear:debugUnitTestCompileClasspath;main:app-wear:debugUnitTestRuntimeClasspath;main:app-wear:releaseCompileClasspath;main:app-wear:releaseRuntimeClasspath;main:shared:androidCompileClasspath;main:shared:androidHostTestCompileClasspath;main:shared:androidHostTestRuntimeClasspath;main:shared:androidRuntimeClasspath
androidx.compose.ui:ui	1.9.0	main:app-wear:debugAndroidTestCompileClasspath
androidx.compose.ui:ui-android	1.12.0	main:app-android:benchmarkReleaseCompileClasspath;main:app-android:benchmarkReleaseRuntimeClasspath;main:app-android:debugAndroidTestCompileClasspath;main:app-android:debugAndroidTestRuntimeClasspath;main:app-android:debugCompileClasspath;main:app-android:debugRuntimeClasspath;main:app-android:debugUnitTestCompileClasspath;main:app-android:debugUnitTestRuntimeClasspath;main:app-android:nonMinifiedReleaseCompileClasspath;main:app-android:nonMinifiedReleaseRuntimeClasspath;main:app-android:releaseCompileClasspath;main:app-android:releaseRuntimeClasspath;main:app-wear:debugCompileClasspath;main:app-wear:debugRuntimeClasspath;main:app-wear:debugUnitTestCompileClasspath;main:app-wear:debugUnitTestRuntimeClasspath;main:app-wear:releaseCompileClasspath;main:app-wear:releaseRuntimeClasspath;main:shared:androidCompileClasspath;main:shared:androidHostTestCompileClasspath;main:shared:androidHostTestRuntimeClasspath;main:shared:androidRuntimeClasspath
androidx.compose.ui:ui-android	1.9.0	main:app-wear:debugAndroidTestCompileClasspath
androidx.compose.ui:ui-geometry	1.12.0	main:app-android:benchmarkReleaseCompileClasspath;main:app-android:benchmarkReleaseRuntimeClasspath;main:app-android:debugAndroidTestCompileClasspath;main:app-android:debugAndroidTestRuntimeClasspath;main:app-android:debugCompileClasspath;main:app-android:debugRuntimeClasspath;main:app-android:debugUnitTestCompileClasspath;main:app-android:debugUnitTestRuntimeClasspath;main:app-android:nonMinifiedReleaseCompileClasspath;main:app-android:nonMinifiedReleaseRuntimeClasspath;main:app-android:releaseCompileClasspath;main:app-android:releaseRuntimeClasspath;main:app-wear:debugCompileClasspath;main:app-wear:debugRuntimeClasspath;main:app-wear:debugUnitTestCompileClasspath;main:app-wear:debugUnitTestRuntimeClasspath;main:app-wear:releaseCompileClasspath;main:app-wear:releaseRuntimeClasspath;main:shared:androidCompileClasspath;main:shared:androidHostTestCompileClasspath;main:shared:androidHostTestRuntimeClasspath;main:shared:androidRuntimeClasspath
androidx.compose.ui:ui-geometry	1.9.0	main:app-wear:debugAndroidTestCompileClasspath
androidx.compose.ui:ui-geometry-android	1.12.0	main:app-android:benchmarkReleaseCompileClasspath;main:app-android:benchmarkReleaseRuntimeClasspath;main:app-android:debugAndroidTestCompileClasspath;main:app-android:debugAndroidTestRuntimeClasspath;main:app-android:debugCompileClasspath;main:app-android:debugRuntimeClasspath;main:app-android:debugUnitTestCompileClasspath;main:app-android:debugUnitTestRuntimeClasspath;main:app-android:nonMinifiedReleaseCompileClasspath;main:app-android:nonMinifiedReleaseRuntimeClasspath;main:app-android:releaseCompileClasspath;main:app-android:releaseRuntimeClasspath;main:app-wear:debugCompileClasspath;main:app-wear:debugRuntimeClasspath;main:app-wear:debugUnitTestCompileClasspath;main:app-wear:debugUnitTestRuntimeClasspath;main:app-wear:releaseCompileClasspath;main:app-wear:releaseRuntimeClasspath;main:shared:androidCompileClasspath;main:shared:androidHostTestCompileClasspath;main:shared:androidHostTestRuntimeClasspath;main:shared:androidRuntimeClasspath
androidx.compose.ui:ui-geometry-android	1.9.0	main:app-wear:debugAndroidTestCompileClasspath
androidx.compose.ui:ui-graphics	1.12.0	main:app-android:benchmarkReleaseCompileClasspath;main:app-android:benchmarkReleaseRuntimeClasspath;main:app-android:debugAndroidTestCompileClasspath;main:app-android:debugAndroidTestRuntimeClasspath;main:app-android:debugCompileClasspath;main:app-android:debugRuntimeClasspath;main:app-android:debugUnitTestCompileClasspath;main:app-android:debugUnitTestRuntimeClasspath;main:app-android:nonMinifiedReleaseCompileClasspath;main:app-android:nonMinifiedReleaseRuntimeClasspath;main:app-android:releaseCompileClasspath;main:app-android:releaseRuntimeClasspath;main:app-wear:debugCompileClasspath;main:app-wear:debugRuntimeClasspath;main:app-wear:debugUnitTestCompileClasspath;main:app-wear:debugUnitTestRuntimeClasspath;main:app-wear:releaseCompileClasspath;main:app-wear:releaseRuntimeClasspath;main:shared:androidCompileClasspath;main:shared:androidHostTestCompileClasspath;main:shared:androidHostTestRuntimeClasspath;main:shared:androidRuntimeClasspath
androidx.compose.ui:ui-graphics	1.9.0	main:app-wear:debugAndroidTestCompileClasspath
androidx.compose.ui:ui-graphics-android	1.12.0	main:app-android:benchmarkReleaseCompileClasspath;main:app-android:benchmarkReleaseRuntimeClasspath;main:app-android:debugAndroidTestCompileClasspath;main:app-android:debugAndroidTestRuntimeClasspath;main:app-android:debugCompileClasspath;main:app-android:debugRuntimeClasspath;main:app-android:debugUnitTestCompileClasspath;main:app-android:debugUnitTestRuntimeClasspath;main:app-android:nonMinifiedReleaseCompileClasspath;main:app-android:nonMinifiedReleaseRuntimeClasspath;main:app-android:releaseCompileClasspath;main:app-android:releaseRuntimeClasspath;main:app-wear:debugCompileClasspath;main:app-wear:debugRuntimeClasspath;main:app-wear:debugUnitTestCompileClasspath;main:app-wear:debugUnitTestRuntimeClasspath;main:app-wear:releaseCompileClasspath;main:app-wear:releaseRuntimeClasspath;main:shared:androidCompileClasspath;main:shared:androidHostTestCompileClasspath;main:shared:androidHostTestRuntimeClasspath;main:shared:androidRuntimeClasspath
androidx.compose.ui:ui-graphics-android	1.9.0	main:app-wear:debugAndroidTestCompileClasspath
androidx.compose.ui:ui-test	1.12.0	main:app-android:debugAndroidTestCompileClasspath;main:app-android:debugAndroidTestRuntimeClasspath
androidx.compose.ui:ui-test-android	1.12.0	main:app-android:debugAndroidTestCompileClasspath;main:app-android:debugAndroidTestRuntimeClasspath
androidx.compose.ui:ui-test-junit4	1.12.0	main:app-android:debugAndroidTestCompileClasspath;main:app-android:debugAndroidTestRuntimeClasspath
androidx.compose.ui:ui-test-junit4-android	1.12.0	main:app-android:debugAndroidTestCompileClasspath;main:app-android:debugAndroidTestRuntimeClasspath
androidx.compose.ui:ui-test-manifest	1.12.0	main:app-android:debugAndroidTestCompileClasspath;main:app-android:debugCompileClasspath;main:app-android:debugRuntimeClasspath;main:app-android:debugUnitTestCompileClasspath;main:app-android:debugUnitTestRuntimeClasspath
androidx.compose.ui:ui-text	1.12.0	main:app-android:benchmarkReleaseCompileClasspath;main:app-android:benchmarkReleaseRuntimeClasspath;main:app-android:debugAndroidTestCompileClasspath;main:app-android:debugAndroidTestRuntimeClasspath;main:app-android:debugCompileClasspath;main:app-android:debugRuntimeClasspath;main:app-android:debugUnitTestCompileClasspath;main:app-android:debugUnitTestRuntimeClasspath;main:app-android:nonMinifiedReleaseCompileClasspath;main:app-android:nonMinifiedReleaseRuntimeClasspath;main:app-android:releaseCompileClasspath;main:app-android:releaseRuntimeClasspath;main:app-wear:debugCompileClasspath;main:app-wear:debugRuntimeClasspath;main:app-wear:debugUnitTestCompileClasspath;main:app-wear:debugUnitTestRuntimeClasspath;main:app-wear:releaseCompileClasspath;main:app-wear:releaseRuntimeClasspath;main:shared:androidCompileClasspath;main:shared:androidHostTestCompileClasspath;main:shared:androidHostTestRuntimeClasspath;main:shared:androidRuntimeClasspath
androidx.compose.ui:ui-text	1.9.0	main:app-wear:debugAndroidTestCompileClasspath
androidx.compose.ui:ui-text-android	1.12.0	main:app-android:benchmarkReleaseCompileClasspath;main:app-android:benchmarkReleaseRuntimeClasspath;main:app-android:debugAndroidTestCompileClasspath;main:app-android:debugAndroidTestRuntimeClasspath;main:app-android:debugCompileClasspath;main:app-android:debugRuntimeClasspath;main:app-android:debugUnitTestCompileClasspath;main:app-android:debugUnitTestRuntimeClasspath;main:app-android:nonMinifiedReleaseCompileClasspath;main:app-android:nonMinifiedReleaseRuntimeClasspath;main:app-android:releaseCompileClasspath;main:app-android:releaseRuntimeClasspath;main:app-wear:debugCompileClasspath;main:app-wear:debugRuntimeClasspath;main:app-wear:debugUnitTestCompileClasspath;main:app-wear:debugUnitTestRuntimeClasspath;main:app-wear:releaseCompileClasspath;main:app-wear:releaseRuntimeClasspath;main:shared:androidCompileClasspath;main:shared:androidHostTestCompileClasspath;main:shared:androidHostTestRuntimeClasspath;main:shared:androidRuntimeClasspath
androidx.compose.ui:ui-text-android	1.9.0	main:app-wear:debugAndroidTestCompileClasspath
androidx.compose.ui:ui-tooling	1.12.0	main:app-android:debugAndroidTestCompileClasspath;main:app-android:debugCompileClasspath;main:app-android:debugRuntimeClasspath;main:app-android:debugUnitTestCompileClasspath;main:app-android:debugUnitTestRuntimeClasspath;main:shared:androidRuntimeClasspath
androidx.compose.ui:ui-tooling-android	1.12.0	main:app-android:debugAndroidTestCompileClasspath;main:app-android:debugCompileClasspath;main:app-android:debugRuntimeClasspath;main:app-android:debugUnitTestCompileClasspath;main:app-android:debugUnitTestRuntimeClasspath;main:shared:androidRuntimeClasspath
androidx.compose.ui:ui-tooling-data	1.12.0	main:app-android:debugAndroidTestCompileClasspath;main:app-android:debugCompileClasspath;main:app-android:debugRuntimeClasspath;main:app-android:debugUnitTestCompileClasspath;main:app-android:debugUnitTestRuntimeClasspath;main:shared:androidRuntimeClasspath
androidx.compose.ui:ui-tooling-data-android	1.12.0	main:app-android:debugAndroidTestCompileClasspath;main:app-android:debugCompileClasspath;main:app-android:debugRuntimeClasspath;main:app-android:debugUnitTestCompileClasspath;main:app-android:debugUnitTestRuntimeClasspath;main:shared:androidRuntimeClasspath
androidx.compose.ui:ui-tooling-preview	1.12.0	main:app-android:benchmarkReleaseCompileClasspath;main:app-android:benchmarkReleaseRuntimeClasspath;main:app-android:debugAndroidTestCompileClasspath;main:app-android:debugCompileClasspath;main:app-android:debugRuntimeClasspath;main:app-android:debugUnitTestCompileClasspath;main:app-android:debugUnitTestRuntimeClasspath;main:app-android:nonMinifiedReleaseCompileClasspath;main:app-android:nonMinifiedReleaseRuntimeClasspath;main:app-android:releaseCompileClasspath;main:app-android:releaseRuntimeClasspath;main:app-wear:debugCompileClasspath;main:app-wear:debugRuntimeClasspath;main:app-wear:debugUnitTestCompileClasspath;main:app-wear:debugUnitTestRuntimeClasspath;main:app-wear:releaseRuntimeClasspath;main:shared:androidCompileClasspath;main:shared:androidHostTestCompileClasspath;main:shared:androidHostTestRuntimeClasspath;main:shared:androidRuntimeClasspath
androidx.compose.ui:ui-tooling-preview	1.9.0	main:app-wear:debugAndroidTestCompileClasspath
androidx.compose.ui:ui-tooling-preview-android	1.12.0	main:app-android:benchmarkReleaseCompileClasspath;main:app-android:benchmarkReleaseRuntimeClasspath;main:app-android:debugAndroidTestCompileClasspath;main:app-android:debugCompileClasspath;main:app-android:debugRuntimeClasspath;main:app-android:debugUnitTestCompileClasspath;main:app-android:debugUnitTestRuntimeClasspath;main:app-android:nonMinifiedReleaseCompileClasspath;main:app-android:nonMinifiedReleaseRuntimeClasspath;main:app-android:releaseCompileClasspath;main:app-android:releaseRuntimeClasspath;main:app-wear:debugCompileClasspath;main:app-wear:debugRuntimeClasspath;main:app-wear:debugUnitTestCompileClasspath;main:app-wear:debugUnitTestRuntimeClasspath;main:app-wear:releaseRuntimeClasspath;main:shared:androidCompileClasspath;main:shared:androidHostTestCompileClasspath;main:shared:androidHostTestRuntimeClasspath;main:shared:androidRuntimeClasspath
androidx.compose.ui:ui-tooling-preview-android	1.9.0	main:app-wear:debugAndroidTestCompileClasspath
androidx.compose.ui:ui-unit	1.12.0	main:app-android:benchmarkReleaseCompileClasspath;main:app-android:benchmarkReleaseRuntimeClasspath;main:app-android:debugAndroidTestCompileClasspath;main:app-android:debugAndroidTestRuntimeClasspath;main:app-android:debugCompileClasspath;main:app-android:debugRuntimeClasspath;main:app-android:debugUnitTestCompileClasspath;main:app-android:debugUnitTestRuntimeClasspath;main:app-android:nonMinifiedReleaseCompileClasspath;main:app-android:nonMinifiedReleaseRuntimeClasspath;main:app-android:releaseCompileClasspath;main:app-android:releaseRuntimeClasspath;main:app-wear:debugCompileClasspath;main:app-wear:debugRuntimeClasspath;main:app-wear:debugUnitTestCompileClasspath;main:app-wear:debugUnitTestRuntimeClasspath;main:app-wear:releaseCompileClasspath;main:app-wear:releaseRuntimeClasspath;main:shared:androidCompileClasspath;main:shared:androidHostTestCompileClasspath;main:shared:androidHostTestRuntimeClasspath;main:shared:androidRuntimeClasspath
androidx.compose.ui:ui-unit	1.9.0	main:app-wear:debugAndroidTestCompileClasspath
androidx.compose.ui:ui-unit-android	1.12.0	main:app-android:benchmarkReleaseCompileClasspath;main:app-android:benchmarkReleaseRuntimeClasspath;main:app-android:debugAndroidTestCompileClasspath;main:app-android:debugAndroidTestRuntimeClasspath;main:app-android:debugCompileClasspath;main:app-android:debugRuntimeClasspath;main:app-android:debugUnitTestCompileClasspath;main:app-android:debugUnitTestRuntimeClasspath;main:app-android:nonMinifiedReleaseCompileClasspath;main:app-android:nonMinifiedReleaseRuntimeClasspath;main:app-android:releaseCompileClasspath;main:app-android:releaseRuntimeClasspath;main:app-wear:debugCompileClasspath;main:app-wear:debugRuntimeClasspath;main:app-wear:debugUnitTestCompileClasspath;main:app-wear:debugUnitTestRuntimeClasspath;main:app-wear:releaseCompileClasspath;main:app-wear:releaseRuntimeClasspath;main:shared:androidCompileClasspath;main:shared:androidHostTestCompileClasspath;main:shared:androidHostTestRuntimeClasspath;main:shared:androidRuntimeClasspath
androidx.compose.ui:ui-unit-android	1.9.0	main:app-wear:debugAndroidTestCompileClasspath
androidx.compose.ui:ui-util	1.12.0	main:app-android:benchmarkReleaseCompileClasspath;main:app-android:benchmarkReleaseRuntimeClasspath;main:app-android:debugAndroidTestCompileClasspath;main:app-android:debugAndroidTestRuntimeClasspath;main:app-android:debugCompileClasspath;main:app-android:debugRuntimeClasspath;main:app-android:debugUnitTestCompileClasspath;main:app-android:debugUnitTestRuntimeClasspath;main:app-android:nonMinifiedReleaseCompileClasspath;main:app-android:nonMinifiedReleaseRuntimeClasspath;main:app-android:releaseCompileClasspath;main:app-android:releaseRuntimeClasspath;main:app-wear:debugCompileClasspath;main:app-wear:debugRuntimeClasspath;main:app-wear:debugUnitTestCompileClasspath;main:app-wear:debugUnitTestRuntimeClasspath;main:app-wear:releaseCompileClasspath;main:app-wear:releaseRuntimeClasspath;main:shared:androidCompileClasspath;main:shared:androidHostTestCompileClasspath;main:shared:androidHostTestRuntimeClasspath;main:shared:androidRuntimeClasspath
androidx.compose.ui:ui-util	1.9.0	main:app-wear:debugAndroidTestCompileClasspath
androidx.compose.ui:ui-util-android	1.12.0	main:app-android:benchmarkReleaseCompileClasspath;main:app-android:benchmarkReleaseRuntimeClasspath;main:app-android:debugAndroidTestCompileClasspath;main:app-android:debugAndroidTestRuntimeClasspath;main:app-android:debugCompileClasspath;main:app-android:debugRuntimeClasspath;main:app-android:debugUnitTestCompileClasspath;main:app-android:debugUnitTestRuntimeClasspath;main:app-android:nonMinifiedReleaseCompileClasspath;main:app-android:nonMinifiedReleaseRuntimeClasspath;main:app-android:releaseCompileClasspath;main:app-android:releaseRuntimeClasspath;main:app-wear:debugCompileClasspath;main:app-wear:debugRuntimeClasspath;main:app-wear:debugUnitTestCompileClasspath;main:app-wear:debugUnitTestRuntimeClasspath;main:app-wear:releaseCompileClasspath;main:app-wear:releaseRuntimeClasspath;main:shared:androidCompileClasspath;main:shared:androidHostTestCompileClasspath;main:shared:androidHostTestRuntimeClasspath;main:shared:androidRuntimeClasspath
androidx.compose.ui:ui-util-android	1.9.0	main:app-wear:debugAndroidTestCompileClasspath
androidx.compose:compose-bom	2026.08.00	main:app-android:benchmarkReleaseCompileClasspath;main:app-android:benchmarkReleaseRuntimeClasspath;main:app-android:debugAndroidTestCompileClasspath;main:app-android:debugAndroidTestRuntimeClasspath;main:app-android:debugCompileClasspath;main:app-android:debugRuntimeClasspath;main:app-android:debugUnitTestCompileClasspath;main:app-android:debugUnitTestRuntimeClasspath;main:app-android:nonMinifiedReleaseCompileClasspath;main:app-android:nonMinifiedReleaseRuntimeClasspath;main:app-android:releaseCompileClasspath;main:app-android:releaseRuntimeClasspath
androidx.concurrent:concurrent-futures	1.1.0	main:app-android:benchmarkReleaseRuntimeClasspath;main:app-android:debugAndroidTestCompileClasspath;main:app-android:debugAndroidTestRuntimeClasspath;main:app-android:debugRuntimeClasspath;main:app-android:debugUnitTestRuntimeClasspath;main:app-android:nonMinifiedReleaseRuntimeClasspath;main:app-android:releaseRuntimeClasspath;main:app-wear:debugAndroidTestCompileClasspath;main:shared:androidHostTestRuntimeClasspath;main:shared:androidRuntimeClasspath
androidx.concurrent:concurrent-futures	1.2.0	main:baselineprofile:benchmarkReleaseCompileClasspath;main:baselineprofile:benchmarkReleaseRuntimeClasspath;main:baselineprofile:nonMinifiedReleaseCompileClasspath;main:baselineprofile:nonMinifiedReleaseRuntimeClasspath
androidx.concurrent:concurrent-futures	1.3.0	main:app-wear:debugCompileClasspath;main:app-wear:debugRuntimeClasspath;main:app-wear:debugUnitTestCompileClasspath;main:app-wear:debugUnitTestRuntimeClasspath;main:app-wear:releaseCompileClasspath;main:app-wear:releaseRuntimeClasspath
androidx.concurrent:concurrent-futures-ktx	1.1.0	main:app-android:benchmarkReleaseRuntimeClasspath;main:app-android:debugAndroidTestCompileClasspath;main:app-android:debugAndroidTestRuntimeClasspath;main:app-android:debugRuntimeClasspath;main:app-android:debugUnitTestRuntimeClasspath;main:app-android:nonMinifiedReleaseRuntimeClasspath;main:app-android:releaseRuntimeClasspath;main:app-wear:debugAndroidTestCompileClasspath
androidx.concurrent:concurrent-futures-ktx	1.2.0	main:baselineprofile:benchmarkReleaseCompileClasspath;main:baselineprofile:benchmarkReleaseRuntimeClasspath;main:baselineprofile:nonMinifiedReleaseCompileClasspath;main:baselineprofile:nonMinifiedReleaseRuntimeClasspath
androidx.concurrent:concurrent-futures-ktx	1.3.0	main:app-wear:debugCompileClasspath;main:app-wear:debugRuntimeClasspath;main:app-wear:debugUnitTestCompileClasspath;main:app-wear:debugUnitTestRuntimeClasspath;main:app-wear:releaseCompileClasspath;main:app-wear:releaseRuntimeClasspath
androidx.constraintlayout:constraintlayout	2.2.1	main:app-android:benchmarkReleaseCompileClasspath;main:app-android:benchmarkReleaseRuntimeClasspath;main:app-android:debugAndroidTestCompileClasspath;main:app-android:debugCompileClasspath;main:app-android:debugRuntimeClasspath;main:app-android:debugUnitTestCompileClasspath;main:app-android:debugUnitTestRuntimeClasspath;main:app-android:nonMinifiedReleaseCompileClasspath;main:app-android:nonMinifiedReleaseRuntimeClasspath;main:app-android:releaseCompileClasspath;main:app-android:releaseRuntimeClasspath
androidx.constraintlayout:constraintlayout-core	1.1.1	main:app-android:benchmarkReleaseRuntimeClasspath;main:app-android:debugRuntimeClasspath;main:app-android:debugUnitTestRuntimeClasspath;main:app-android:nonMinifiedReleaseRuntimeClasspath;main:app-android:releaseRuntimeClasspath
androidx.coordinatorlayout:coordinatorlayout	1.1.0	main:app-android:benchmarkReleaseCompileClasspath;main:app-android:benchmarkReleaseRuntimeClasspath;main:app-android:debugAndroidTestCompileClasspath;main:app-android:debugCompileClasspath;main:app-android:debugRuntimeClasspath;main:app-android:debugUnitTestCompileClasspath;main:app-android:debugUnitTestRuntimeClasspath;main:app-android:nonMinifiedReleaseCompileClasspath;main:app-android:nonMinifiedReleaseRuntimeClasspath;main:app-android:releaseCompileClasspath;main:app-android:releaseRuntimeClasspath
androidx.core:core	1.18.0	main:shared:androidCompileClasspath;main:shared:androidHostTestCompileClasspath;main:shared:androidHostTestRuntimeClasspath;main:shared:androidRuntimeClasspath
androidx.core:core	1.19.0	main:app-android:benchmarkReleaseCompileClasspath;main:app-android:benchmarkReleaseRuntimeClasspath;main:app-android:debugAndroidTestCompileClasspath;main:app-android:debugAndroidTestRuntimeClasspath;main:app-android:debugCompileClasspath;main:app-android:debugRuntimeClasspath;main:app-android:debugUnitTestCompileClasspath;main:app-android:debugUnitTestRuntimeClasspath;main:app-android:nonMinifiedReleaseCompileClasspath;main:app-android:nonMinifiedReleaseRuntimeClasspath;main:app-android:releaseCompileClasspath;main:app-android:releaseRuntimeClasspath;main:app-wear:debugAndroidTestCompileClasspath;main:app-wear:debugCompileClasspath;main:app-wear:debugRuntimeClasspath;main:app-wear:debugUnitTestCompileClasspath;main:app-wear:debugUnitTestRuntimeClasspath;main:app-wear:releaseCompileClasspath;main:app-wear:releaseRuntimeClasspath
androidx.core:core	1.9.0	main:baselineprofile:benchmarkReleaseRuntimeClasspath;main:baselineprofile:nonMinifiedReleaseRuntimeClasspath
androidx.core:core-animation	1.0.0	main:app-wear:debugRuntimeClasspath;main:app-wear:debugUnitTestRuntimeClasspath
androidx.core:core-ktx	1.18.0	main:shared:androidCompileClasspath;main:shared:androidHostTestCompileClasspath;main:shared:androidHostTestRuntimeClasspath;main:shared:androidRuntimeClasspath
androidx.core:core-ktx	1.19.0	main:app-android:benchmarkReleaseCompileClasspath;main:app-android:benchmarkReleaseRuntimeClasspath;main:app-android:debugAndroidTestCompileClasspath;main:app-android:debugAndroidTestRuntimeClasspath;main:app-android:debugCompileClasspath;main:app-android:debugRuntimeClasspath;main:app-android:debugUnitTestCompileClasspath;main:app-android:debugUnitTestRuntimeClasspath;main:app-android:nonMinifiedReleaseCompileClasspath;main:app-android:nonMinifiedReleaseRuntimeClasspath;main:app-android:releaseCompileClasspath;main:app-android:releaseRuntimeClasspath;main:app-wear:debugAndroidTestCompileClasspath;main:app-wear:debugCompileClasspath;main:app-wear:debugRuntimeClasspath;main:app-wear:debugUnitTestCompileClasspath;main:app-wear:debugUnitTestRuntimeClasspath;main:app-wear:releaseCompileClasspath;main:app-wear:releaseRuntimeClasspath
androidx.core:core-viewtree	1.0.0	main:app-android:benchmarkReleaseCompileClasspath;main:app-android:benchmarkReleaseRuntimeClasspath;main:app-android:debugAndroidTestCompileClasspath;main:app-android:debugAndroidTestRuntimeClasspath;main:app-android:debugCompileClasspath;main:app-android:debugRuntimeClasspath;main:app-android:debugUnitTestCompileClasspath;main:app-android:debugUnitTestRuntimeClasspath;main:app-android:nonMinifiedReleaseCompileClasspath;main:app-android:nonMinifiedReleaseRuntimeClasspath;main:app-android:releaseCompileClasspath;main:app-android:releaseRuntimeClasspath;main:app-wear:debugAndroidTestCompileClasspath;main:app-wear:debugCompileClasspath;main:app-wear:debugRuntimeClasspath;main:app-wear:debugUnitTestCompileClasspath;main:app-wear:debugUnitTestRuntimeClasspath;main:app-wear:releaseCompileClasspath;main:app-wear:releaseRuntimeClasspath;main:shared:androidCompileClasspath;main:shared:androidHostTestCompileClasspath;main:shared:androidHostTestRuntimeClasspath;main:shared:androidRuntimeClasspath
androidx.cursoradapter:cursoradapter	1.0.0	main:app-android:benchmarkReleaseCompileClasspath;main:app-android:benchmarkReleaseRuntimeClasspath;main:app-android:debugAndroidTestCompileClasspath;main:app-android:debugCompileClasspath;main:app-android:debugRuntimeClasspath;main:app-android:debugUnitTestCompileClasspath;main:app-android:debugUnitTestRuntimeClasspath;main:app-android:nonMinifiedReleaseCompileClasspath;main:app-android:nonMinifiedReleaseRuntimeClasspath;main:app-android:releaseCompileClasspath;main:app-android:releaseRuntimeClasspath;main:app-wear:debugRuntimeClasspath;main:app-wear:debugUnitTestRuntimeClasspath;main:app-wear:releaseRuntimeClasspath;main:shared:androidCompileClasspath;main:shared:androidHostTestCompileClasspath;main:shared:androidHostTestRuntimeClasspath;main:shared:androidRuntimeClasspath
androidx.customview:customview	1.0.0	main:app-wear:debugAndroidTestCompileClasspath;main:app-wear:debugCompileClasspath;main:app-wear:debugRuntimeClasspath;main:app-wear:debugUnitTestCompileClasspath;main:app-wear:debugUnitTestRuntimeClasspath;main:app-wear:releaseCompileClasspath;main:app-wear:releaseRuntimeClasspath;main:shared:androidCompileClasspath;main:shared:androidHostTestCompileClasspath;main:shared:androidHostTestRuntimeClasspath;main:shared:androidRuntimeClasspath
androidx.customview:customview	1.2.0	main:app-android:benchmarkReleaseCompileClasspath;main:app-android:benchmarkReleaseRuntimeClasspath;main:app-android:debugAndroidTestCompileClasspath;main:app-android:debugCompileClasspath;main:app-android:debugRuntimeClasspath;main:app-android:debugUnitTestCompileClasspath;main:app-android:debugUnitTestRuntimeClasspath;main:app-android:nonMinifiedReleaseCompileClasspath;main:app-android:nonMinifiedReleaseRuntimeClasspath;main:app-android:releaseCompileClasspath;main:app-android:releaseRuntimeClasspath
androidx.customview:customview-poolingcontainer	1.0.0	main:app-android:benchmarkReleaseRuntimeClasspath;main:app-android:debugAndroidTestRuntimeClasspath;main:app-android:debugRuntimeClasspath;main:app-android:debugUnitTestRuntimeClasspath;main:app-android:nonMinifiedReleaseRuntimeClasspath;main:app-android:releaseRuntimeClasspath;main:app-wear:debugRuntimeClasspath;main:app-wear:debugUnitTestRuntimeClasspath;main:app-wear:releaseRuntimeClasspath;main:shared:androidHostTestRuntimeClasspath;main:shared:androidRuntimeClasspath
androidx.datastore:datastore	1.2.1	main:app-android:benchmarkReleaseRuntimeClasspath;main:app-android:debugRuntimeClasspath;main:app-android:debugUnitTestRuntimeClasspath;main:app-android:nonMinifiedReleaseRuntimeClasspath;main:app-android:releaseRuntimeClasspath;main:app-wear:debugRuntimeClasspath;main:app-wear:debugUnitTestRuntimeClasspath;main:app-wear:releaseRuntimeClasspath;main:shared:androidCompileClasspath;main:shared:androidHostTestCompileClasspath;main:shared:androidHostTestRuntimeClasspath;main:shared:androidRuntimeClasspath
androidx.datastore:datastore-android	1.2.1	main:app-android:benchmarkReleaseRuntimeClasspath;main:app-android:debugRuntimeClasspath;main:app-android:debugUnitTestRuntimeClasspath;main:app-android:nonMinifiedReleaseRuntimeClasspath;main:app-android:releaseRuntimeClasspath;main:app-wear:debugRuntimeClasspath;main:app-wear:debugUnitTestRuntimeClasspath;main:app-wear:releaseRuntimeClasspath;main:shared:androidCompileClasspath;main:shared:androidHostTestCompileClasspath;main:shared:androidHostTestRuntimeClasspath;main:shared:androidRuntimeClasspath
androidx.datastore:datastore-core	1.2.1	main:app-android:benchmarkReleaseRuntimeClasspath;main:app-android:debugRuntimeClasspath;main:app-android:debugUnitTestRuntimeClasspath;main:app-android:nonMinifiedReleaseRuntimeClasspath;main:app-android:releaseRuntimeClasspath;main:app-wear:debugRuntimeClasspath;main:app-wear:debugUnitTestRuntimeClasspath;main:app-wear:releaseRuntimeClasspath;main:shared:androidCompileClasspath;main:shared:androidHostTestCompileClasspath;main:shared:androidHostTestRuntimeClasspath;main:shared:androidRuntimeClasspath
androidx.datastore:datastore-core-android	1.2.1	main:app-android:benchmarkReleaseRuntimeClasspath;main:app-android:debugRuntimeClasspath;main:app-android:debugUnitTestRuntimeClasspath;main:app-android:nonMinifiedReleaseRuntimeClasspath;main:app-android:releaseRuntimeClasspath;main:app-wear:debugRuntimeClasspath;main:app-wear:debugUnitTestRuntimeClasspath;main:app-wear:releaseRuntimeClasspath;main:shared:androidCompileClasspath;main:shared:androidHostTestCompileClasspath;main:shared:androidHostTestRuntimeClasspath;main:shared:androidRuntimeClasspath
androidx.datastore:datastore-core-okio	1.2.1	main:app-android:benchmarkReleaseRuntimeClasspath;main:app-android:debugRuntimeClasspath;main:app-android:debugUnitTestRuntimeClasspath;main:app-android:nonMinifiedReleaseRuntimeClasspath;main:app-android:releaseRuntimeClasspath;main:app-wear:debugRuntimeClasspath;main:app-wear:debugUnitTestRuntimeClasspath;main:app-wear:releaseRuntimeClasspath;main:shared:androidCompileClasspath;main:shared:androidHostTestCompileClasspath;main:shared:androidHostTestRuntimeClasspath;main:shared:androidRuntimeClasspath
androidx.datastore:datastore-core-okio-jvm	1.2.1	main:app-android:benchmarkReleaseRuntimeClasspath;main:app-android:debugRuntimeClasspath;main:app-android:debugUnitTestRuntimeClasspath;main:app-android:nonMinifiedReleaseRuntimeClasspath;main:app-android:releaseRuntimeClasspath;main:app-wear:debugRuntimeClasspath;main:app-wear:debugUnitTestRuntimeClasspath;main:app-wear:releaseRuntimeClasspath;main:shared:androidCompileClasspath;main:shared:androidHostTestCompileClasspath;main:shared:androidHostTestRuntimeClasspath;main:shared:androidRuntimeClasspath
androidx.datastore:datastore-preferences	1.2.1	main:app-android:benchmarkReleaseRuntimeClasspath;main:app-android:debugRuntimeClasspath;main:app-android:debugUnitTestRuntimeClasspath;main:app-android:nonMinifiedReleaseRuntimeClasspath;main:app-android:releaseRuntimeClasspath;main:app-wear:debugRuntimeClasspath;main:app-wear:debugUnitTestRuntimeClasspath;main:app-wear:releaseRuntimeClasspath;main:shared:androidCompileClasspath;main:shared:androidHostTestCompileClasspath;main:shared:androidHostTestRuntimeClasspath;main:shared:androidRuntimeClasspath
androidx.datastore:datastore-preferences-android	1.2.1	main:app-android:benchmarkReleaseRuntimeClasspath;main:app-android:debugRuntimeClasspath;main:app-android:debugUnitTestRuntimeClasspath;main:app-android:nonMinifiedReleaseRuntimeClasspath;main:app-android:releaseRuntimeClasspath;main:app-wear:debugRuntimeClasspath;main:app-wear:debugUnitTestRuntimeClasspath;main:app-wear:releaseRuntimeClasspath;main:shared:androidCompileClasspath;main:shared:androidHostTestCompileClasspath;main:shared:androidHostTestRuntimeClasspath;main:shared:androidRuntimeClasspath
androidx.datastore:datastore-preferences-core	1.2.1	main:app-android:benchmarkReleaseRuntimeClasspath;main:app-android:debugRuntimeClasspath;main:app-android:debugUnitTestRuntimeClasspath;main:app-android:nonMinifiedReleaseRuntimeClasspath;main:app-android:releaseRuntimeClasspath;main:app-wear:debugRuntimeClasspath;main:app-wear:debugUnitTestRuntimeClasspath;main:app-wear:releaseRuntimeClasspath;main:shared:androidCompileClasspath;main:shared:androidHostTestCompileClasspath;main:shared:androidHostTestRuntimeClasspath;main:shared:androidRuntimeClasspath
androidx.datastore:datastore-preferences-core-android	1.2.1	main:app-android:benchmarkReleaseRuntimeClasspath;main:app-android:debugRuntimeClasspath;main:app-android:debugUnitTestRuntimeClasspath;main:app-android:nonMinifiedReleaseRuntimeClasspath;main:app-android:releaseRuntimeClasspath;main:app-wear:debugRuntimeClasspath;main:app-wear:debugUnitTestRuntimeClasspath;main:app-wear:releaseRuntimeClasspath;main:shared:androidCompileClasspath;main:shared:androidHostTestCompileClasspath;main:shared:androidHostTestRuntimeClasspath;main:shared:androidRuntimeClasspath
androidx.datastore:datastore-preferences-external-protobuf	1.2.1	main:app-android:benchmarkReleaseRuntimeClasspath;main:app-android:debugRuntimeClasspath;main:app-android:debugUnitTestRuntimeClasspath;main:app-android:nonMinifiedReleaseRuntimeClasspath;main:app-android:releaseRuntimeClasspath;main:app-wear:debugRuntimeClasspath;main:app-wear:debugUnitTestRuntimeClasspath;main:app-wear:releaseRuntimeClasspath;main:shared:androidHostTestRuntimeClasspath;main:shared:androidRuntimeClasspath
androidx.datastore:datastore-preferences-proto	1.2.1	main:app-android:benchmarkReleaseRuntimeClasspath;main:app-android:debugRuntimeClasspath;main:app-android:debugUnitTestRuntimeClasspath;main:app-android:nonMinifiedReleaseRuntimeClasspath;main:app-android:releaseRuntimeClasspath;main:app-wear:debugRuntimeClasspath;main:app-wear:debugUnitTestRuntimeClasspath;main:app-wear:releaseRuntimeClasspath;main:shared:androidHostTestRuntimeClasspath;main:shared:androidRuntimeClasspath
androidx.documentfile:documentfile	1.0.0	main:app-android:debugAndroidTestCompileClasspath
androidx.documentfile:documentfile	1.1.0	main:app-android:benchmarkReleaseCompileClasspath;main:app-android:benchmarkReleaseRuntimeClasspath;main:app-android:debugCompileClasspath;main:app-android:debugRuntimeClasspath;main:app-android:debugUnitTestCompileClasspath;main:app-android:debugUnitTestRuntimeClasspath;main:app-android:nonMinifiedReleaseCompileClasspath;main:app-android:nonMinifiedReleaseRuntimeClasspath;main:app-android:releaseCompileClasspath;main:app-android:releaseRuntimeClasspath;main:app-wear:debugRuntimeClasspath;main:app-wear:debugUnitTestRuntimeClasspath;main:app-wear:releaseRuntimeClasspath;main:shared:androidCompileClasspath;main:shared:androidHostTestCompileClasspath;main:shared:androidHostTestRuntimeClasspath;main:shared:androidRuntimeClasspath
androidx.drawerlayout:drawerlayout	1.0.0	main:app-wear:debugRuntimeClasspath;main:app-wear:debugUnitTestRuntimeClasspath;main:app-wear:releaseRuntimeClasspath;main:shared:androidCompileClasspath;main:shared:androidHostTestCompileClasspath;main:shared:androidHostTestRuntimeClasspath;main:shared:androidRuntimeClasspath
androidx.drawerlayout:drawerlayout	1.1.1	main:app-android:benchmarkReleaseCompileClasspath;main:app-android:benchmarkReleaseRuntimeClasspath;main:app-android:debugAndroidTestCompileClasspath;main:app-android:debugCompileClasspath;main:app-android:debugRuntimeClasspath;main:app-android:debugUnitTestCompileClasspath;main:app-android:debugUnitTestRuntimeClasspath;main:app-android:nonMinifiedReleaseCompileClasspath;main:app-android:nonMinifiedReleaseRuntimeClasspath;main:app-android:releaseCompileClasspath;main:app-android:releaseRuntimeClasspath
androidx.dynamicanimation:dynamicanimation	1.0.0	main:app-wear:debugRuntimeClasspath;main:app-wear:debugUnitTestRuntimeClasspath
androidx.dynamicanimation:dynamicanimation	1.1.0	main:app-android:benchmarkReleaseCompileClasspath;main:app-android:benchmarkReleaseRuntimeClasspath;main:app-android:debugAndroidTestCompileClasspath;main:app-android:debugCompileClasspath;main:app-android:debugRuntimeClasspath;main:app-android:debugUnitTestCompileClasspath;main:app-android:debugUnitTestRuntimeClasspath;main:app-android:nonMinifiedReleaseCompileClasspath;main:app-android:nonMinifiedReleaseRuntimeClasspath;main:app-android:releaseCompileClasspath;main:app-android:releaseRuntimeClasspath
androidx.emoji2:emoji2	1.4.0	main:app-android:benchmarkReleaseRuntimeClasspath;main:app-android:debugAndroidTestRuntimeClasspath;main:app-android:debugRuntimeClasspath;main:app-android:debugUnitTestRuntimeClasspath;main:app-android:nonMinifiedReleaseRuntimeClasspath;main:app-android:releaseRuntimeClasspath;main:app-wear:debugRuntimeClasspath;main:app-wear:debugUnitTestRuntimeClasspath;main:app-wear:releaseRuntimeClasspath;main:shared:androidHostTestRuntimeClasspath;main:shared:androidRuntimeClasspath
androidx.emoji2:emoji2-views-helper	1.4.0	main:app-android:benchmarkReleaseRuntimeClasspath;main:app-android:debugRuntimeClasspath;main:app-android:debugUnitTestRuntimeClasspath;main:app-android:nonMinifiedReleaseRuntimeClasspath;main:app-android:releaseRuntimeClasspath;main:app-wear:debugRuntimeClasspath;main:app-wear:debugUnitTestRuntimeClasspath;main:app-wear:releaseRuntimeClasspath;main:shared:androidHostTestRuntimeClasspath;main:shared:androidRuntimeClasspath
androidx.exifinterface:exifinterface	1.4.2	main:app-android:benchmarkReleaseRuntimeClasspath;main:app-android:debugAndroidTestRuntimeClasspath;main:app-android:debugRuntimeClasspath;main:app-android:debugUnitTestRuntimeClasspath;main:app-android:nonMinifiedReleaseRuntimeClasspath;main:app-android:releaseRuntimeClasspath;main:app-wear:debugRuntimeClasspath;main:app-wear:debugUnitTestRuntimeClasspath;main:app-wear:releaseRuntimeClasspath;main:shared:androidHostTestRuntimeClasspath;main:shared:androidRuntimeClasspath
androidx.fragment:fragment	1.1.0	main:app-wear:debugAndroidTestCompileClasspath
androidx.fragment:fragment	1.3.6	main:shared:androidCompileClasspath;main:shared:androidHostTestCompileClasspath
androidx.fragment:fragment	1.5.4	main:app-android:benchmarkReleaseCompileClasspath;main:app-android:benchmarkReleaseRuntimeClasspath;main:app-android:debugAndroidTestCompileClasspath;main:app-android:debugCompileClasspath;main:app-android:debugRuntimeClasspath;main:app-android:debugUnitTestCompileClasspath;main:app-android:debugUnitTestRuntimeClasspath;main:app-android:nonMinifiedReleaseCompileClasspath;main:app-android:nonMinifiedReleaseRuntimeClasspath;main:app-android:releaseCompileClasspath;main:app-android:releaseRuntimeClasspath;main:app-wear:debugCompileClasspath;main:app-wear:debugRuntimeClasspath;main:app-wear:debugUnitTestCompileClasspath;main:app-wear:debugUnitTestRuntimeClasspath;main:app-wear:releaseCompileClasspath;main:app-wear:releaseRuntimeClasspath;main:shared:androidHostTestRuntimeClasspath;main:shared:androidRuntimeClasspath
androidx.graphics:graphics-path	1.0.1	main:app-android:benchmarkReleaseRuntimeClasspath;main:app-android:debugAndroidTestRuntimeClasspath;main:app-android:debugRuntimeClasspath;main:app-android:debugUnitTestRuntimeClasspath;main:app-android:nonMinifiedReleaseRuntimeClasspath;main:app-android:releaseRuntimeClasspath;main:app-wear:debugRuntimeClasspath;main:app-wear:debugUnitTestRuntimeClasspath;main:app-wear:releaseRuntimeClasspath;main:shared:androidHostTestRuntimeClasspath;main:shared:androidRuntimeClasspath
androidx.graphics:graphics-shapes	1.0.1	main:app-android:benchmarkReleaseCompileClasspath;main:app-android:benchmarkReleaseRuntimeClasspath;main:app-android:debugAndroidTestCompileClasspath;main:app-android:debugCompileClasspath;main:app-android:debugRuntimeClasspath;main:app-android:debugUnitTestCompileClasspath;main:app-android:debugUnitTestRuntimeClasspath;main:app-android:nonMinifiedReleaseCompileClasspath;main:app-android:nonMinifiedReleaseRuntimeClasspath;main:app-android:releaseCompileClasspath;main:app-android:releaseRuntimeClasspath;main:app-wear:debugRuntimeClasspath;main:app-wear:debugUnitTestRuntimeClasspath;main:app-wear:releaseRuntimeClasspath
androidx.graphics:graphics-shapes-android	1.0.1	main:app-android:benchmarkReleaseCompileClasspath;main:app-android:benchmarkReleaseRuntimeClasspath;main:app-android:debugAndroidTestCompileClasspath;main:app-android:debugCompileClasspath;main:app-android:debugRuntimeClasspath;main:app-android:debugUnitTestCompileClasspath;main:app-android:debugUnitTestRuntimeClasspath;main:app-android:nonMinifiedReleaseCompileClasspath;main:app-android:nonMinifiedReleaseRuntimeClasspath;main:app-android:releaseCompileClasspath;main:app-android:releaseRuntimeClasspath;main:app-wear:debugRuntimeClasspath;main:app-wear:debugUnitTestRuntimeClasspath;main:app-wear:releaseRuntimeClasspath
androidx.interpolator:interpolator	1.0.0	main:app-android:benchmarkReleaseRuntimeClasspath;main:app-android:debugAndroidTestRuntimeClasspath;main:app-android:debugRuntimeClasspath;main:app-android:debugUnitTestRuntimeClasspath;main:app-android:nonMinifiedReleaseRuntimeClasspath;main:app-android:releaseRuntimeClasspath;main:app-wear:debugRuntimeClasspath;main:app-wear:debugUnitTestRuntimeClasspath;main:app-wear:releaseRuntimeClasspath;main:shared:androidCompileClasspath;main:shared:androidHostTestCompileClasspath;main:shared:androidHostTestRuntimeClasspath;main:shared:androidRuntimeClasspath
androidx.legacy:legacy-support-core-utils	1.0.0	main:app-android:benchmarkReleaseCompileClasspath;main:app-android:benchmarkReleaseRuntimeClasspath;main:app-android:debugAndroidTestCompileClasspath;main:app-android:debugCompileClasspath;main:app-android:debugRuntimeClasspath;main:app-android:debugUnitTestCompileClasspath;main:app-android:debugUnitTestRuntimeClasspath;main:app-android:nonMinifiedReleaseCompileClasspath;main:app-android:nonMinifiedReleaseRuntimeClasspath;main:app-android:releaseCompileClasspath;main:app-android:releaseRuntimeClasspath;main:app-wear:debugRuntimeClasspath;main:app-wear:debugUnitTestRuntimeClasspath;main:app-wear:releaseRuntimeClasspath;main:shared:androidCompileClasspath;main:shared:androidHostTestCompileClasspath;main:shared:androidHostTestRuntimeClasspath;main:shared:androidRuntimeClasspath
androidx.lifecycle:lifecycle-common	2.11.0	main:shared:commonMainResolvableDependenciesMetadata;main:shared:commonTestResolvableDependenciesMetadata;main:shared:composeHotReloadDevJvmDevRuntimeClasspath;main:shared:composeHotReloadDevJvmRuntimeClasspath;main:shared:composeHotReloadDevJvmTestRuntimeClasspath;main:shared:iosArm64CompileKlibraries;main:shared:iosSimulatorArm64TestCompileKlibraries;main:shared:jvmDevRuntimeClasspath;main:shared:jvmMainRuntimeClasspath;main:shared:jvmRuntimeClasspath;main:shared:jvmTestRuntimeClasspath;main:shared:metadataAppleMainCompileClasspath;main:shared:metadataCommonMainCompileClasspath;main:shared:metadataCompileClasspath;main:shared:metadataIosMainCompileClasspath;main:shared:metadataNativeMainCompileClasspath
androidx.lifecycle:lifecycle-common	2.3.1	main:baselineprofile:benchmarkReleaseCompileClasspath;main:baselineprofile:benchmarkReleaseRuntimeClasspath;main:baselineprofile:nonMinifiedReleaseCompileClasspath;main:baselineprofile:nonMinifiedReleaseRuntimeClasspath
androidx.lifecycle:lifecycle-common	2.9.4	main:app-android:benchmarkReleaseCompileClasspath;main:app-android:benchmarkReleaseRuntimeClasspath;main:app-android:debugAndroidTestCompileClasspath;main:app-android:debugAndroidTestRuntimeClasspath;main:app-android:debugCompileClasspath;main:app-android:debugRuntimeClasspath;main:app-android:debugUnitTestCompileClasspath;main:app-android:debugUnitTestRuntimeClasspath;main:app-android:nonMinifiedReleaseCompileClasspath;main:app-android:nonMinifiedReleaseRuntimeClasspath;main:app-android:releaseCompileClasspath;main:app-android:releaseRuntimeClasspath;main:app-wear:debugAndroidTestCompileClasspath;main:app-wear:debugCompileClasspath;main:app-wear:debugRuntimeClasspath;main:app-wear:debugUnitTestCompileClasspath;main:app-wear:debugUnitTestRuntimeClasspath;main:app-wear:releaseCompileClasspath;main:app-wear:releaseRuntimeClasspath;main:shared:androidCompileClasspath;main:shared:androidHostTestCompileClasspath;main:shared:androidHostTestRuntimeClasspath;main:shared:androidRuntimeClasspath;main:shared:jvmCompileClasspath;main:shared:jvmDevCompileClasspath;main:shared:jvmMainCompileClasspath;main:shared:jvmTestCompileClasspath
androidx.lifecycle:lifecycle-common-iosarm64	2.11.0	main:shared:iosArm64CompileKlibraries
androidx.lifecycle:lifecycle-common-iossimulatorarm64	2.11.0	main:shared:iosSimulatorArm64TestCompileKlibraries
androidx.lifecycle:lifecycle-common-java8	2.9.4	main:app-android:benchmarkReleaseRuntimeClasspath;main:app-android:debugRuntimeClasspath;main:app-android:debugUnitTestRuntimeClasspath;main:app-android:nonMinifiedReleaseRuntimeClasspath;main:app-android:releaseRuntimeClasspath;main:app-wear:debugRuntimeClasspath;main:app-wear:debugUnitTestRuntimeClasspath;main:app-wear:releaseRuntimeClasspath;main:shared:androidHostTestRuntimeClasspath;main:shared:androidRuntimeClasspath
androidx.lifecycle:lifecycle-common-jvm	2.11.0	main:shared:composeHotReloadDevJvmDevRuntimeClasspath;main:shared:composeHotReloadDevJvmRuntimeClasspath;main:shared:composeHotReloadDevJvmTestRuntimeClasspath;main:shared:jvmDevRuntimeClasspath;main:shared:jvmMainRuntimeClasspath;main:shared:jvmRuntimeClasspath;main:shared:jvmTestRuntimeClasspath
androidx.lifecycle:lifecycle-common-jvm	2.9.4	main:app-android:benchmarkReleaseCompileClasspath;main:app-android:benchmarkReleaseRuntimeClasspath;main:app-android:debugAndroidTestCompileClasspath;main:app-android:debugAndroidTestRuntimeClasspath;main:app-android:debugCompileClasspath;main:app-android:debugRuntimeClasspath;main:app-android:debugUnitTestCompileClasspath;main:app-android:debugUnitTestRuntimeClasspath;main:app-android:nonMinifiedReleaseCompileClasspath;main:app-android:nonMinifiedReleaseRuntimeClasspath;main:app-android:releaseCompileClasspath;main:app-android:releaseRuntimeClasspath;main:app-wear:debugAndroidTestCompileClasspath;main:app-wear:debugCompileClasspath;main:app-wear:debugRuntimeClasspath;main:app-wear:debugUnitTestCompileClasspath;main:app-wear:debugUnitTestRuntimeClasspath;main:app-wear:releaseCompileClasspath;main:app-wear:releaseRuntimeClasspath;main:shared:androidCompileClasspath;main:shared:androidHostTestCompileClasspath;main:shared:androidHostTestRuntimeClasspath;main:shared:androidRuntimeClasspath;main:shared:jvmCompileClasspath;main:shared:jvmDevCompileClasspath;main:shared:jvmMainCompileClasspath;main:shared:jvmTestCompileClasspath
androidx.lifecycle:lifecycle-livedata	2.9.4	main:app-android:benchmarkReleaseCompileClasspath;main:app-android:benchmarkReleaseRuntimeClasspath;main:app-android:debugAndroidTestCompileClasspath;main:app-android:debugCompileClasspath;main:app-android:debugRuntimeClasspath;main:app-android:debugUnitTestCompileClasspath;main:app-android:debugUnitTestRuntimeClasspath;main:app-android:nonMinifiedReleaseCompileClasspath;main:app-android:nonMinifiedReleaseRuntimeClasspath;main:app-android:releaseCompileClasspath;main:app-android:releaseRuntimeClasspath;main:app-wear:debugAndroidTestCompileClasspath;main:app-wear:debugCompileClasspath;main:app-wear:debugRuntimeClasspath;main:app-wear:debugUnitTestCompileClasspath;main:app-wear:debugUnitTestRuntimeClasspath;main:app-wear:releaseCompileClasspath;main:app-wear:releaseRuntimeClasspath;main:shared:androidCompileClasspath;main:shared:androidHostTestCompileClasspath;main:shared:androidHostTestRuntimeClasspath;main:shared:androidRuntimeClasspath
androidx.lifecycle:lifecycle-livedata-core	2.9.4	main:app-android:benchmarkReleaseCompileClasspath;main:app-android:benchmarkReleaseRuntimeClasspath;main:app-android:debugAndroidTestCompileClasspath;main:app-android:debugAndroidTestRuntimeClasspath;main:app-android:debugCompileClasspath;main:app-android:debugRuntimeClasspath;main:app-android:debugUnitTestCompileClasspath;main:app-android:debugUnitTestRuntimeClasspath;main:app-android:nonMinifiedReleaseCompileClasspath;main:app-android:nonMinifiedReleaseRuntimeClasspath;main:app-android:releaseCompileClasspath;main:app-android:releaseRuntimeClasspath;main:app-wear:debugAndroidTestCompileClasspath;main:app-wear:debugCompileClasspath;main:app-wear:debugRuntimeClasspath;main:app-wear:debugUnitTestCompileClasspath;main:app-wear:debugUnitTestRuntimeClasspath;main:app-wear:releaseCompileClasspath;main:app-wear:releaseRuntimeClasspath;main:shared:androidCompileClasspath;main:shared:androidHostTestCompileClasspath;main:shared:androidHostTestRuntimeClasspath;main:shared:androidRuntimeClasspath
androidx.lifecycle:lifecycle-livedata-core-ktx	2.9.4	main:app-android:benchmarkReleaseCompileClasspath;main:app-android:benchmarkReleaseRuntimeClasspath;main:app-android:debugAndroidTestCompileClasspath;main:app-android:debugCompileClasspath;main:app-android:debugRuntimeClasspath;main:app-android:debugUnitTestCompileClasspath;main:app-android:debugUnitTestRuntimeClasspath;main:app-android:nonMinifiedReleaseCompileClasspath;main:app-android:nonMinifiedReleaseRuntimeClasspath;main:app-android:releaseCompileClasspath;main:app-android:releaseRuntimeClasspath;main:app-wear:debugAndroidTestCompileClasspath;main:app-wear:debugCompileClasspath;main:app-wear:debugRuntimeClasspath;main:app-wear:debugUnitTestCompileClasspath;main:app-wear:debugUnitTestRuntimeClasspath;main:app-wear:releaseCompileClasspath;main:app-wear:releaseRuntimeClasspath;main:shared:androidCompileClasspath;main:shared:androidHostTestCompileClasspath;main:shared:androidHostTestRuntimeClasspath;main:shared:androidRuntimeClasspath
androidx.lifecycle:lifecycle-process	2.9.4	main:app-android:benchmarkReleaseRuntimeClasspath;main:app-android:debugAndroidTestRuntimeClasspath;main:app-android:debugRuntimeClasspath;main:app-android:debugUnitTestRuntimeClasspath;main:app-android:nonMinifiedReleaseRuntimeClasspath;main:app-android:releaseRuntimeClasspath;main:app-wear:debugRuntimeClasspath;main:app-wear:debugUnitTestRuntimeClasspath;main:app-wear:releaseRuntimeClasspath;main:shared:androidHostTestRuntimeClasspath;main:shared:androidRuntimeClasspath
androidx.lifecycle:lifecycle-runtime	2.11.0	main:shared:commonMainResolvableDependenciesMetadata;main:shared:commonTestResolvableDependenciesMetadata;main:shared:composeHotReloadDevJvmDevRuntimeClasspath;main:shared:composeHotReloadDevJvmRuntimeClasspath;main:shared:composeHotReloadDevJvmTestRuntimeClasspath;main:shared:iosArm64CompileKlibraries;main:shared:iosSimulatorArm64TestCompileKlibraries;main:shared:jvmDevRuntimeClasspath;main:shared:jvmMainRuntimeClasspath;main:shared:jvmRuntimeClasspath;main:shared:jvmTestRuntimeClasspath;main:shared:metadataAppleMainCompileClasspath;main:shared:metadataCommonMainCompileClasspath;main:shared:metadataCompileClasspath;main:shared:metadataIosMainCompileClasspath;main:shared:metadataNativeMainCompileClasspath
androidx.lifecycle:lifecycle-runtime	2.3.1	main:baselineprofile:benchmarkReleaseRuntimeClasspath;main:baselineprofile:nonMinifiedReleaseRuntimeClasspath
androidx.lifecycle:lifecycle-runtime	2.9.4	main:app-android:benchmarkReleaseCompileClasspath;main:app-android:benchmarkReleaseRuntimeClasspath;main:app-android:debugAndroidTestCompileClasspath;main:app-android:debugAndroidTestRuntimeClasspath;main:app-android:debugCompileClasspath;main:app-android:debugRuntimeClasspath;main:app-android:debugUnitTestCompileClasspath;main:app-android:debugUnitTestRuntimeClasspath;main:app-android:nonMinifiedReleaseCompileClasspath;main:app-android:nonMinifiedReleaseRuntimeClasspath;main:app-android:releaseCompileClasspath;main:app-android:releaseRuntimeClasspath;main:app-wear:debugAndroidTestCompileClasspath;main:app-wear:debugCompileClasspath;main:app-wear:debugRuntimeClasspath;main:app-wear:debugUnitTestCompileClasspath;main:app-wear:debugUnitTestRuntimeClasspath;main:app-wear:releaseCompileClasspath;main:app-wear:releaseRuntimeClasspath;main:shared:androidCompileClasspath;main:shared:androidHostTestCompileClasspath;main:shared:androidHostTestRuntimeClasspath;main:shared:androidRuntimeClasspath;main:shared:jvmCompileClasspath;main:shared:jvmDevCompileClasspath;main:shared:jvmMainCompileClasspath;main:shared:jvmTestCompileClasspath
androidx.lifecycle:lifecycle-runtime-android	2.9.4	main:app-android:benchmarkReleaseCompileClasspath;main:app-android:benchmarkReleaseRuntimeClasspath;main:app-android:debugAndroidTestCompileClasspath;main:app-android:debugAndroidTestRuntimeClasspath;main:app-android:debugCompileClasspath;main:app-android:debugRuntimeClasspath;main:app-android:debugUnitTestCompileClasspath;main:app-android:debugUnitTestRuntimeClasspath;main:app-android:nonMinifiedReleaseCompileClasspath;main:app-android:nonMinifiedReleaseRuntimeClasspath;main:app-android:releaseCompileClasspath;main:app-android:releaseRuntimeClasspath;main:app-wear:debugAndroidTestCompileClasspath;main:app-wear:debugCompileClasspath;main:app-wear:debugRuntimeClasspath;main:app-wear:debugUnitTestCompileClasspath;main:app-wear:debugUnitTestRuntimeClasspath;main:app-wear:releaseCompileClasspath;main:app-wear:releaseRuntimeClasspath;main:shared:androidCompileClasspath;main:shared:androidHostTestCompileClasspath;main:shared:androidHostTestRuntimeClasspath;main:shared:androidRuntimeClasspath
androidx.lifecycle:lifecycle-runtime-compose	2.11.0	main:shared:commonMainResolvableDependenciesMetadata;main:shared:commonTestResolvableDependenciesMetadata;main:shared:composeHotReloadDevJvmDevRuntimeClasspath;main:shared:composeHotReloadDevJvmRuntimeClasspath;main:shared:composeHotReloadDevJvmTestRuntimeClasspath;main:shared:iosArm64CompileKlibraries;main:shared:iosSimulatorArm64TestCompileKlibraries;main:shared:jvmDevRuntimeClasspath;main:shared:jvmMainRuntimeClasspath;main:shared:jvmRuntimeClasspath;main:shared:jvmTestRuntimeClasspath;main:shared:metadataAppleMainCompileClasspath;main:shared:metadataCommonMainCompileClasspath;main:shared:metadataCompileClasspath;main:shared:metadataIosMainCompileClasspath;main:shared:metadataNativeMainCompileClasspath
androidx.lifecycle:lifecycle-runtime-compose	2.9.4	main:app-android:benchmarkReleaseCompileClasspath;main:app-android:benchmarkReleaseRuntimeClasspath;main:app-android:debugAndroidTestCompileClasspath;main:app-android:debugAndroidTestRuntimeClasspath;main:app-android:debugCompileClasspath;main:app-android:debugRuntimeClasspath;main:app-android:debugUnitTestCompileClasspath;main:app-android:debugUnitTestRuntimeClasspath;main:app-android:nonMinifiedReleaseCompileClasspath;main:app-android:nonMinifiedReleaseRuntimeClasspath;main:app-android:releaseCompileClasspath;main:app-android:releaseRuntimeClasspath;main:app-wear:debugAndroidTestCompileClasspath;main:app-wear:debugCompileClasspath;main:app-wear:debugRuntimeClasspath;main:app-wear:debugUnitTestCompileClasspath;main:app-wear:debugUnitTestRuntimeClasspath;main:app-wear:releaseCompileClasspath;main:app-wear:releaseRuntimeClasspath;main:shared:androidCompileClasspath;main:shared:androidHostTestCompileClasspath;main:shared:androidHostTestRuntimeClasspath;main:shared:androidRuntimeClasspath;main:shared:jvmCompileClasspath;main:shared:jvmDevCompileClasspath;main:shared:jvmMainCompileClasspath;main:shared:jvmTestCompileClasspath
androidx.lifecycle:lifecycle-runtime-compose-android	2.9.4	main:app-android:benchmarkReleaseCompileClasspath;main:app-android:benchmarkReleaseRuntimeClasspath;main:app-android:debugAndroidTestCompileClasspath;main:app-android:debugAndroidTestRuntimeClasspath;main:app-android:debugCompileClasspath;main:app-android:debugRuntimeClasspath;main:app-android:debugUnitTestCompileClasspath;main:app-android:debugUnitTestRuntimeClasspath;main:app-android:nonMinifiedReleaseCompileClasspath;main:app-android:nonMinifiedReleaseRuntimeClasspath;main:app-android:releaseCompileClasspath;main:app-android:releaseRuntimeClasspath;main:app-wear:debugAndroidTestCompileClasspath;main:app-wear:debugCompileClasspath;main:app-wear:debugRuntimeClasspath;main:app-wear:debugUnitTestCompileClasspath;main:app-wear:debugUnitTestRuntimeClasspath;main:app-wear:releaseCompileClasspath;main:app-wear:releaseRuntimeClasspath;main:shared:androidCompileClasspath;main:shared:androidHostTestCompileClasspath;main:shared:androidHostTestRuntimeClasspath;main:shared:androidRuntimeClasspath
androidx.lifecycle:lifecycle-runtime-compose-desktop	2.11.0	main:shared:composeHotReloadDevJvmDevRuntimeClasspath;main:shared:composeHotReloadDevJvmRuntimeClasspath;main:shared:composeHotReloadDevJvmTestRuntimeClasspath;main:shared:jvmDevRuntimeClasspath;main:shared:jvmMainRuntimeClasspath;main:shared:jvmRuntimeClasspath;main:shared:jvmTestRuntimeClasspath
androidx.lifecycle:lifecycle-runtime-compose-desktop	2.9.4	main:shared:jvmCompileClasspath;main:shared:jvmDevCompileClasspath;main:shared:jvmMainCompileClasspath;main:shared:jvmTestCompileClasspath
androidx.lifecycle:lifecycle-runtime-compose-iosarm64	2.11.0	main:shared:iosArm64CompileKlibraries
androidx.lifecycle:lifecycle-runtime-compose-iossimulatorarm64	2.11.0	main:shared:iosSimulatorArm64TestCompileKlibraries
androidx.lifecycle:lifecycle-runtime-desktop	2.11.0	main:shared:composeHotReloadDevJvmDevRuntimeClasspath;main:shared:composeHotReloadDevJvmRuntimeClasspath;main:shared:composeHotReloadDevJvmTestRuntimeClasspath;main:shared:jvmDevRuntimeClasspath;main:shared:jvmMainRuntimeClasspath;main:shared:jvmRuntimeClasspath;main:shared:jvmTestRuntimeClasspath
androidx.lifecycle:lifecycle-runtime-desktop	2.9.4	main:shared:jvmCompileClasspath;main:shared:jvmDevCompileClasspath;main:shared:jvmMainCompileClasspath;main:shared:jvmTestCompileClasspath
androidx.lifecycle:lifecycle-runtime-iosarm64	2.11.0	main:shared:iosArm64CompileKlibraries
androidx.lifecycle:lifecycle-runtime-iossimulatorarm64	2.11.0	main:shared:iosSimulatorArm64TestCompileKlibraries
androidx.lifecycle:lifecycle-runtime-ktx	2.9.4	main:app-android:benchmarkReleaseCompileClasspath;main:app-android:benchmarkReleaseRuntimeClasspath;main:app-android:debugAndroidTestCompileClasspath;main:app-android:debugAndroidTestRuntimeClasspath;main:app-android:debugCompileClasspath;main:app-android:debugRuntimeClasspath;main:app-android:debugUnitTestCompileClasspath;main:app-android:debugUnitTestRuntimeClasspath;main:app-android:nonMinifiedReleaseCompileClasspath;main:app-android:nonMinifiedReleaseRuntimeClasspath;main:app-android:releaseCompileClasspath;main:app-android:releaseRuntimeClasspath;main:app-wear:debugAndroidTestCompileClasspath;main:app-wear:debugCompileClasspath;main:app-wear:debugRuntimeClasspath;main:app-wear:debugUnitTestCompileClasspath;main:app-wear:debugUnitTestRuntimeClasspath;main:app-wear:releaseCompileClasspath;main:app-wear:releaseRuntimeClasspath;main:shared:androidCompileClasspath;main:shared:androidHostTestCompileClasspath;main:shared:androidHostTestRuntimeClasspath;main:shared:androidRuntimeClasspath
androidx.lifecycle:lifecycle-runtime-ktx-android	2.9.4	main:app-android:benchmarkReleaseCompileClasspath;main:app-android:benchmarkReleaseRuntimeClasspath;main:app-android:debugAndroidTestCompileClasspath;main:app-android:debugAndroidTestRuntimeClasspath;main:app-android:debugCompileClasspath;main:app-android:debugRuntimeClasspath;main:app-android:debugUnitTestCompileClasspath;main:app-android:debugUnitTestRuntimeClasspath;main:app-android:nonMinifiedReleaseCompileClasspath;main:app-android:nonMinifiedReleaseRuntimeClasspath;main:app-android:releaseCompileClasspath;main:app-android:releaseRuntimeClasspath;main:app-wear:debugAndroidTestCompileClasspath;main:app-wear:debugCompileClasspath;main:app-wear:debugRuntimeClasspath;main:app-wear:debugUnitTestCompileClasspath;main:app-wear:debugUnitTestRuntimeClasspath;main:app-wear:releaseCompileClasspath;main:app-wear:releaseRuntimeClasspath;main:shared:androidCompileClasspath;main:shared:androidHostTestCompileClasspath;main:shared:androidHostTestRuntimeClasspath;main:shared:androidRuntimeClasspath
androidx.lifecycle:lifecycle-service	2.9.4	main:app-android:benchmarkReleaseRuntimeClasspath;main:app-android:debugRuntimeClasspath;main:app-android:debugUnitTestRuntimeClasspath;main:app-android:nonMinifiedReleaseRuntimeClasspath;main:app-android:releaseRuntimeClasspath
androidx.lifecycle:lifecycle-viewmodel	2.11.0	main:shared:commonMainResolvableDependenciesMetadata;main:shared:commonTestResolvableDependenciesMetadata;main:shared:composeHotReloadDevJvmDevRuntimeClasspath;main:shared:composeHotReloadDevJvmRuntimeClasspath;main:shared:composeHotReloadDevJvmTestRuntimeClasspath;main:shared:iosArm64CompileKlibraries;main:shared:iosSimulatorArm64TestCompileKlibraries;main:shared:jvmDevRuntimeClasspath;main:shared:jvmMainRuntimeClasspath;main:shared:jvmRuntimeClasspath;main:shared:jvmTestRuntimeClasspath;main:shared:metadataAppleMainCompileClasspath;main:shared:metadataCommonMainCompileClasspath;main:shared:metadataCompileClasspath;main:shared:metadataIosMainCompileClasspath;main:shared:metadataNativeMainCompileClasspath
androidx.lifecycle:lifecycle-viewmodel	2.9.4	main:app-android:benchmarkReleaseCompileClasspath;main:app-android:benchmarkReleaseRuntimeClasspath;main:app-android:debugAndroidTestCompileClasspath;main:app-android:debugAndroidTestRuntimeClasspath;main:app-android:debugCompileClasspath;main:app-android:debugRuntimeClasspath;main:app-android:debugUnitTestCompileClasspath;main:app-android:debugUnitTestRuntimeClasspath;main:app-android:nonMinifiedReleaseCompileClasspath;main:app-android:nonMinifiedReleaseRuntimeClasspath;main:app-android:releaseCompileClasspath;main:app-android:releaseRuntimeClasspath;main:app-wear:debugAndroidTestCompileClasspath;main:app-wear:debugCompileClasspath;main:app-wear:debugRuntimeClasspath;main:app-wear:debugUnitTestCompileClasspath;main:app-wear:debugUnitTestRuntimeClasspath;main:app-wear:releaseCompileClasspath;main:app-wear:releaseRuntimeClasspath;main:shared:androidCompileClasspath;main:shared:androidHostTestCompileClasspath;main:shared:androidHostTestRuntimeClasspath;main:shared:androidRuntimeClasspath
androidx.lifecycle:lifecycle-viewmodel-android	2.9.4	main:app-android:benchmarkReleaseCompileClasspath;main:app-android:benchmarkReleaseRuntimeClasspath;main:app-android:debugAndroidTestCompileClasspath;main:app-android:debugAndroidTestRuntimeClasspath;main:app-android:debugCompileClasspath;main:app-android:debugRuntimeClasspath;main:app-android:debugUnitTestCompileClasspath;main:app-android:debugUnitTestRuntimeClasspath;main:app-android:nonMinifiedReleaseCompileClasspath;main:app-android:nonMinifiedReleaseRuntimeClasspath;main:app-android:releaseCompileClasspath;main:app-android:releaseRuntimeClasspath;main:app-wear:debugAndroidTestCompileClasspath;main:app-wear:debugCompileClasspath;main:app-wear:debugRuntimeClasspath;main:app-wear:debugUnitTestCompileClasspath;main:app-wear:debugUnitTestRuntimeClasspath;main:app-wear:releaseCompileClasspath;main:app-wear:releaseRuntimeClasspath;main:shared:androidCompileClasspath;main:shared:androidHostTestCompileClasspath;main:shared:androidHostTestRuntimeClasspath;main:shared:androidRuntimeClasspath
androidx.lifecycle:lifecycle-viewmodel-compose	2.11.0	main:shared:commonMainResolvableDependenciesMetadata;main:shared:commonTestResolvableDependenciesMetadata;main:shared:composeHotReloadDevJvmDevRuntimeClasspath;main:shared:composeHotReloadDevJvmRuntimeClasspath;main:shared:composeHotReloadDevJvmTestRuntimeClasspath;main:shared:iosArm64CompileKlibraries;main:shared:iosSimulatorArm64TestCompileKlibraries;main:shared:jvmDevRuntimeClasspath;main:shared:jvmMainRuntimeClasspath;main:shared:jvmRuntimeClasspath;main:shared:jvmTestRuntimeClasspath;main:shared:metadataAppleMainCompileClasspath;main:shared:metadataCommonMainCompileClasspath;main:shared:metadataCompileClasspath;main:shared:metadataIosMainCompileClasspath;main:shared:metadataNativeMainCompileClasspath
androidx.lifecycle:lifecycle-viewmodel-compose-desktop	2.11.0	main:shared:composeHotReloadDevJvmDevRuntimeClasspath;main:shared:composeHotReloadDevJvmRuntimeClasspath;main:shared:composeHotReloadDevJvmTestRuntimeClasspath;main:shared:jvmDevRuntimeClasspath;main:shared:jvmMainRuntimeClasspath;main:shared:jvmRuntimeClasspath;main:shared:jvmTestRuntimeClasspath
androidx.lifecycle:lifecycle-viewmodel-compose-iosarm64	2.11.0	main:shared:iosArm64CompileKlibraries
androidx.lifecycle:lifecycle-viewmodel-compose-iossimulatorarm64	2.11.0	main:shared:iosSimulatorArm64TestCompileKlibraries
androidx.lifecycle:lifecycle-viewmodel-desktop	2.11.0	main:shared:composeHotReloadDevJvmDevRuntimeClasspath;main:shared:composeHotReloadDevJvmRuntimeClasspath;main:shared:composeHotReloadDevJvmTestRuntimeClasspath;main:shared:jvmDevRuntimeClasspath;main:shared:jvmMainRuntimeClasspath;main:shared:jvmRuntimeClasspath;main:shared:jvmTestRuntimeClasspath
androidx.lifecycle:lifecycle-viewmodel-iosarm64	2.11.0	main:shared:iosArm64CompileKlibraries
androidx.lifecycle:lifecycle-viewmodel-iossimulatorarm64	2.11.0	main:shared:iosSimulatorArm64TestCompileKlibraries
androidx.lifecycle:lifecycle-viewmodel-ktx	2.9.4	main:app-android:benchmarkReleaseRuntimeClasspath;main:app-android:debugAndroidTestRuntimeClasspath;main:app-android:debugRuntimeClasspath;main:app-android:debugUnitTestRuntimeClasspath;main:app-android:nonMinifiedReleaseRuntimeClasspath;main:app-android:releaseRuntimeClasspath;main:app-wear:debugRuntimeClasspath;main:app-wear:debugUnitTestRuntimeClasspath;main:app-wear:releaseRuntimeClasspath;main:shared:androidHostTestRuntimeClasspath;main:shared:androidRuntimeClasspath
androidx.lifecycle:lifecycle-viewmodel-savedstate	2.11.0	main:shared:commonMainResolvableDependenciesMetadata;main:shared:commonTestResolvableDependenciesMetadata;main:shared:composeHotReloadDevJvmDevRuntimeClasspath;main:shared:composeHotReloadDevJvmRuntimeClasspath;main:shared:composeHotReloadDevJvmTestRuntimeClasspath;main:shared:iosArm64CompileKlibraries;main:shared:iosSimulatorArm64TestCompileKlibraries;main:shared:jvmDevRuntimeClasspath;main:shared:jvmMainRuntimeClasspath;main:shared:jvmRuntimeClasspath;main:shared:jvmTestRuntimeClasspath;main:shared:metadataAppleMainCompileClasspath;main:shared:metadataCommonMainCompileClasspath;main:shared:metadataCompileClasspath;main:shared:metadataIosMainCompileClasspath;main:shared:metadataNativeMainCompileClasspath
androidx.lifecycle:lifecycle-viewmodel-savedstate	2.9.4	main:app-android:benchmarkReleaseCompileClasspath;main:app-android:benchmarkReleaseRuntimeClasspath;main:app-android:debugAndroidTestCompileClasspath;main:app-android:debugAndroidTestRuntimeClasspath;main:app-android:debugCompileClasspath;main:app-android:debugRuntimeClasspath;main:app-android:debugUnitTestCompileClasspath;main:app-android:debugUnitTestRuntimeClasspath;main:app-android:nonMinifiedReleaseCompileClasspath;main:app-android:nonMinifiedReleaseRuntimeClasspath;main:app-android:releaseCompileClasspath;main:app-android:releaseRuntimeClasspath;main:app-wear:debugAndroidTestCompileClasspath;main:app-wear:debugCompileClasspath;main:app-wear:debugRuntimeClasspath;main:app-wear:debugUnitTestCompileClasspath;main:app-wear:debugUnitTestRuntimeClasspath;main:app-wear:releaseCompileClasspath;main:app-wear:releaseRuntimeClasspath;main:shared:androidCompileClasspath;main:shared:androidHostTestCompileClasspath;main:shared:androidHostTestRuntimeClasspath;main:shared:androidRuntimeClasspath
androidx.lifecycle:lifecycle-viewmodel-savedstate-android	2.9.4	main:app-android:benchmarkReleaseCompileClasspath;main:app-android:benchmarkReleaseRuntimeClasspath;main:app-android:debugAndroidTestCompileClasspath;main:app-android:debugAndroidTestRuntimeClasspath;main:app-android:debugCompileClasspath;main:app-android:debugRuntimeClasspath;main:app-android:debugUnitTestCompileClasspath;main:app-android:debugUnitTestRuntimeClasspath;main:app-android:nonMinifiedReleaseCompileClasspath;main:app-android:nonMinifiedReleaseRuntimeClasspath;main:app-android:releaseCompileClasspath;main:app-android:releaseRuntimeClasspath;main:app-wear:debugAndroidTestCompileClasspath;main:app-wear:debugCompileClasspath;main:app-wear:debugRuntimeClasspath;main:app-wear:debugUnitTestCompileClasspath;main:app-wear:debugUnitTestRuntimeClasspath;main:app-wear:releaseCompileClasspath;main:app-wear:releaseRuntimeClasspath;main:shared:androidCompileClasspath;main:shared:androidHostTestCompileClasspath;main:shared:androidHostTestRuntimeClasspath;main:shared:androidRuntimeClasspath
androidx.lifecycle:lifecycle-viewmodel-savedstate-desktop	2.11.0	main:shared:composeHotReloadDevJvmDevRuntimeClasspath;main:shared:composeHotReloadDevJvmRuntimeClasspath;main:shared:composeHotReloadDevJvmTestRuntimeClasspath;main:shared:jvmDevRuntimeClasspath;main:shared:jvmMainRuntimeClasspath;main:shared:jvmRuntimeClasspath;main:shared:jvmTestRuntimeClasspath
androidx.lifecycle:lifecycle-viewmodel-savedstate-iosarm64	2.11.0	main:shared:iosArm64CompileKlibraries
androidx.lifecycle:lifecycle-viewmodel-savedstate-iossimulatorarm64	2.11.0	main:shared:iosSimulatorArm64TestCompileKlibraries
androidx.loader:loader	1.0.0	main:app-android:benchmarkReleaseCompileClasspath;main:app-android:benchmarkReleaseRuntimeClasspath;main:app-android:debugAndroidTestCompileClasspath;main:app-android:debugCompileClasspath;main:app-android:debugRuntimeClasspath;main:app-android:debugUnitTestCompileClasspath;main:app-android:debugUnitTestRuntimeClasspath;main:app-android:nonMinifiedReleaseCompileClasspath;main:app-android:nonMinifiedReleaseRuntimeClasspath;main:app-android:releaseCompileClasspath;main:app-android:releaseRuntimeClasspath;main:app-wear:debugAndroidTestCompileClasspath;main:app-wear:debugCompileClasspath;main:app-wear:debugRuntimeClasspath;main:app-wear:debugUnitTestCompileClasspath;main:app-wear:debugUnitTestRuntimeClasspath;main:app-wear:releaseCompileClasspath;main:app-wear:releaseRuntimeClasspath;main:shared:androidCompileClasspath;main:shared:androidHostTestCompileClasspath;main:shared:androidHostTestRuntimeClasspath;main:shared:androidRuntimeClasspath
androidx.localbroadcastmanager:localbroadcastmanager	1.0.0	main:app-android:benchmarkReleaseCompileClasspath;main:app-android:benchmarkReleaseRuntimeClasspath;main:app-android:debugAndroidTestCompileClasspath;main:app-android:debugCompileClasspath;main:app-android:debugRuntimeClasspath;main:app-android:debugUnitTestCompileClasspath;main:app-android:debugUnitTestRuntimeClasspath;main:app-android:nonMinifiedReleaseCompileClasspath;main:app-android:nonMinifiedReleaseRuntimeClasspath;main:app-android:releaseCompileClasspath;main:app-android:releaseRuntimeClasspath;main:app-wear:debugRuntimeClasspath;main:app-wear:debugUnitTestRuntimeClasspath;main:app-wear:releaseRuntimeClasspath;main:shared:androidCompileClasspath;main:shared:androidHostTestCompileClasspath;main:shared:androidHostTestRuntimeClasspath;main:shared:androidRuntimeClasspath
androidx.media3:media3-common	1.11.0	main:app-android:benchmarkReleaseRuntimeClasspath;main:app-android:debugAndroidTestCompileClasspath;main:app-android:debugAndroidTestRuntimeClasspath;main:app-android:debugRuntimeClasspath;main:app-android:debugUnitTestRuntimeClasspath;main:app-android:nonMinifiedReleaseRuntimeClasspath;main:app-android:releaseRuntimeClasspath;main:app-wear:debugRuntimeClasspath;main:app-wear:debugUnitTestRuntimeClasspath;main:app-wear:releaseRuntimeClasspath;main:shared:androidCompileClasspath;main:shared:androidHostTestCompileClasspath;main:shared:androidHostTestRuntimeClasspath;main:shared:androidRuntimeClasspath
androidx.media3:media3-container	1.11.0	main:app-android:benchmarkReleaseRuntimeClasspath;main:app-android:debugAndroidTestCompileClasspath;main:app-android:debugAndroidTestRuntimeClasspath;main:app-android:debugRuntimeClasspath;main:app-android:debugUnitTestRuntimeClasspath;main:app-android:nonMinifiedReleaseRuntimeClasspath;main:app-android:releaseRuntimeClasspath;main:app-wear:debugRuntimeClasspath;main:app-wear:debugUnitTestRuntimeClasspath;main:app-wear:releaseRuntimeClasspath;main:shared:androidCompileClasspath;main:shared:androidHostTestCompileClasspath;main:shared:androidHostTestRuntimeClasspath;main:shared:androidRuntimeClasspath
androidx.media3:media3-database	1.11.0	main:app-android:benchmarkReleaseRuntimeClasspath;main:app-android:debugAndroidTestCompileClasspath;main:app-android:debugAndroidTestRuntimeClasspath;main:app-android:debugRuntimeClasspath;main:app-android:debugUnitTestRuntimeClasspath;main:app-android:nonMinifiedReleaseRuntimeClasspath;main:app-android:releaseRuntimeClasspath;main:app-wear:debugRuntimeClasspath;main:app-wear:debugUnitTestRuntimeClasspath;main:app-wear:releaseRuntimeClasspath;main:shared:androidCompileClasspath;main:shared:androidHostTestCompileClasspath;main:shared:androidHostTestRuntimeClasspath;main:shared:androidRuntimeClasspath
androidx.media3:media3-datasource	1.11.0	main:app-android:benchmarkReleaseRuntimeClasspath;main:app-android:debugAndroidTestCompileClasspath;main:app-android:debugAndroidTestRuntimeClasspath;main:app-android:debugRuntimeClasspath;main:app-android:debugUnitTestRuntimeClasspath;main:app-android:nonMinifiedReleaseRuntimeClasspath;main:app-android:releaseRuntimeClasspath;main:app-wear:debugRuntimeClasspath;main:app-wear:debugUnitTestRuntimeClasspath;main:app-wear:releaseRuntimeClasspath;main:shared:androidCompileClasspath;main:shared:androidHostTestCompileClasspath;main:shared:androidHostTestRuntimeClasspath;main:shared:androidRuntimeClasspath
androidx.media3:media3-decoder	1.11.0	main:app-android:benchmarkReleaseRuntimeClasspath;main:app-android:debugAndroidTestCompileClasspath;main:app-android:debugAndroidTestRuntimeClasspath;main:app-android:debugRuntimeClasspath;main:app-android:debugUnitTestRuntimeClasspath;main:app-android:nonMinifiedReleaseRuntimeClasspath;main:app-android:releaseRuntimeClasspath;main:app-wear:debugRuntimeClasspath;main:app-wear:debugUnitTestRuntimeClasspath;main:app-wear:releaseRuntimeClasspath;main:shared:androidCompileClasspath;main:shared:androidHostTestCompileClasspath;main:shared:androidHostTestRuntimeClasspath;main:shared:androidRuntimeClasspath
androidx.media3:media3-exoplayer	1.11.0	main:app-android:benchmarkReleaseRuntimeClasspath;main:app-android:debugAndroidTestCompileClasspath;main:app-android:debugAndroidTestRuntimeClasspath;main:app-android:debugRuntimeClasspath;main:app-android:debugUnitTestRuntimeClasspath;main:app-android:nonMinifiedReleaseRuntimeClasspath;main:app-android:releaseRuntimeClasspath;main:app-wear:debugRuntimeClasspath;main:app-wear:debugUnitTestRuntimeClasspath;main:app-wear:releaseRuntimeClasspath;main:shared:androidCompileClasspath;main:shared:androidHostTestCompileClasspath;main:shared:androidHostTestRuntimeClasspath;main:shared:androidRuntimeClasspath
androidx.media3:media3-extractor	1.11.0	main:app-android:benchmarkReleaseRuntimeClasspath;main:app-android:debugAndroidTestCompileClasspath;main:app-android:debugAndroidTestRuntimeClasspath;main:app-android:debugRuntimeClasspath;main:app-android:debugUnitTestRuntimeClasspath;main:app-android:nonMinifiedReleaseRuntimeClasspath;main:app-android:releaseRuntimeClasspath;main:app-wear:debugRuntimeClasspath;main:app-wear:debugUnitTestRuntimeClasspath;main:app-wear:releaseRuntimeClasspath;main:shared:androidCompileClasspath;main:shared:androidHostTestCompileClasspath;main:shared:androidHostTestRuntimeClasspath;main:shared:androidRuntimeClasspath
androidx.media3:media3-ui	1.11.0	main:app-android:benchmarkReleaseRuntimeClasspath;main:app-android:debugRuntimeClasspath;main:app-android:debugUnitTestRuntimeClasspath;main:app-android:nonMinifiedReleaseRuntimeClasspath;main:app-android:releaseRuntimeClasspath;main:app-wear:debugRuntimeClasspath;main:app-wear:debugUnitTestRuntimeClasspath;main:app-wear:releaseRuntimeClasspath;main:shared:androidCompileClasspath;main:shared:androidHostTestCompileClasspath;main:shared:androidHostTestRuntimeClasspath;main:shared:androidRuntimeClasspath
androidx.navigationevent:navigationevent	1.0.0	main:app-android:benchmarkReleaseCompileClasspath;main:app-android:benchmarkReleaseRuntimeClasspath;main:app-android:debugAndroidTestCompileClasspath;main:app-android:debugAndroidTestRuntimeClasspath;main:app-android:debugCompileClasspath;main:app-android:debugRuntimeClasspath;main:app-android:debugUnitTestCompileClasspath;main:app-android:debugUnitTestRuntimeClasspath;main:app-android:nonMinifiedReleaseCompileClasspath;main:app-android:nonMinifiedReleaseRuntimeClasspath;main:app-android:releaseCompileClasspath;main:app-android:releaseRuntimeClasspath;main:app-wear:debugAndroidTestCompileClasspath;main:app-wear:debugCompileClasspath;main:app-wear:debugRuntimeClasspath;main:app-wear:debugUnitTestCompileClasspath;main:app-wear:debugUnitTestRuntimeClasspath;main:app-wear:releaseCompileClasspath;main:app-wear:releaseRuntimeClasspath;main:shared:androidCompileClasspath;main:shared:androidHostTestCompileClasspath;main:shared:androidHostTestRuntimeClasspath;main:shared:androidRuntimeClasspath
androidx.navigationevent:navigationevent	1.1.1	main:shared:commonMainResolvableDependenciesMetadata;main:shared:commonTestResolvableDependenciesMetadata;main:shared:composeHotReloadDevJvmDevRuntimeClasspath;main:shared:composeHotReloadDevJvmRuntimeClasspath;main:shared:composeHotReloadDevJvmTestRuntimeClasspath;main:shared:iosArm64CompileKlibraries;main:shared:iosSimulatorArm64TestCompileKlibraries;main:shared:jvmDevRuntimeClasspath;main:shared:jvmMainRuntimeClasspath;main:shared:jvmRuntimeClasspath;main:shared:jvmTestRuntimeClasspath;main:shared:metadataAppleMainCompileClasspath;main:shared:metadataCommonMainCompileClasspath;main:shared:metadataCompileClasspath;main:shared:metadataIosMainCompileClasspath;main:shared:metadataNativeMainCompileClasspath
androidx.navigationevent:navigationevent-android	1.0.0	main:app-android:benchmarkReleaseCompileClasspath;main:app-android:benchmarkReleaseRuntimeClasspath;main:app-android:debugAndroidTestCompileClasspath;main:app-android:debugAndroidTestRuntimeClasspath;main:app-android:debugCompileClasspath;main:app-android:debugRuntimeClasspath;main:app-android:debugUnitTestCompileClasspath;main:app-android:debugUnitTestRuntimeClasspath;main:app-android:nonMinifiedReleaseCompileClasspath;main:app-android:nonMinifiedReleaseRuntimeClasspath;main:app-android:releaseCompileClasspath;main:app-android:releaseRuntimeClasspath;main:app-wear:debugAndroidTestCompileClasspath;main:app-wear:debugCompileClasspath;main:app-wear:debugRuntimeClasspath;main:app-wear:debugUnitTestCompileClasspath;main:app-wear:debugUnitTestRuntimeClasspath;main:app-wear:releaseCompileClasspath;main:app-wear:releaseRuntimeClasspath;main:shared:androidCompileClasspath;main:shared:androidHostTestCompileClasspath;main:shared:androidHostTestRuntimeClasspath;main:shared:androidRuntimeClasspath
androidx.navigationevent:navigationevent-compose	1.0.0	main:app-android:benchmarkReleaseCompileClasspath;main:app-android:benchmarkReleaseRuntimeClasspath;main:app-android:debugAndroidTestCompileClasspath;main:app-android:debugAndroidTestRuntimeClasspath;main:app-android:debugCompileClasspath;main:app-android:debugRuntimeClasspath;main:app-android:debugUnitTestCompileClasspath;main:app-android:debugUnitTestRuntimeClasspath;main:app-android:nonMinifiedReleaseCompileClasspath;main:app-android:nonMinifiedReleaseRuntimeClasspath;main:app-android:releaseCompileClasspath;main:app-android:releaseRuntimeClasspath;main:app-wear:debugAndroidTestCompileClasspath;main:app-wear:debugCompileClasspath;main:app-wear:debugRuntimeClasspath;main:app-wear:debugUnitTestCompileClasspath;main:app-wear:debugUnitTestRuntimeClasspath;main:app-wear:releaseCompileClasspath;main:app-wear:releaseRuntimeClasspath;main:shared:androidCompileClasspath;main:shared:androidHostTestCompileClasspath;main:shared:androidHostTestRuntimeClasspath;main:shared:androidRuntimeClasspath
androidx.navigationevent:navigationevent-compose	1.1.1	main:shared:commonMainResolvableDependenciesMetadata;main:shared:commonTestResolvableDependenciesMetadata;main:shared:composeHotReloadDevJvmDevRuntimeClasspath;main:shared:composeHotReloadDevJvmRuntimeClasspath;main:shared:composeHotReloadDevJvmTestRuntimeClasspath;main:shared:iosArm64CompileKlibraries;main:shared:iosSimulatorArm64TestCompileKlibraries;main:shared:jvmDevRuntimeClasspath;main:shared:jvmMainRuntimeClasspath;main:shared:jvmRuntimeClasspath;main:shared:jvmTestRuntimeClasspath;main:shared:metadataAppleMainCompileClasspath;main:shared:metadataCommonMainCompileClasspath;main:shared:metadataCompileClasspath;main:shared:metadataIosMainCompileClasspath;main:shared:metadataNativeMainCompileClasspath
androidx.navigationevent:navigationevent-compose-android	1.0.0	main:app-android:benchmarkReleaseCompileClasspath;main:app-android:benchmarkReleaseRuntimeClasspath;main:app-android:debugAndroidTestCompileClasspath;main:app-android:debugAndroidTestRuntimeClasspath;main:app-android:debugCompileClasspath;main:app-android:debugRuntimeClasspath;main:app-android:debugUnitTestCompileClasspath;main:app-android:debugUnitTestRuntimeClasspath;main:app-android:nonMinifiedReleaseCompileClasspath;main:app-android:nonMinifiedReleaseRuntimeClasspath;main:app-android:releaseCompileClasspath;main:app-android:releaseRuntimeClasspath;main:app-wear:debugAndroidTestCompileClasspath;main:app-wear:debugCompileClasspath;main:app-wear:debugRuntimeClasspath;main:app-wear:debugUnitTestCompileClasspath;main:app-wear:debugUnitTestRuntimeClasspath;main:app-wear:releaseCompileClasspath;main:app-wear:releaseRuntimeClasspath;main:shared:androidCompileClasspath;main:shared:androidHostTestCompileClasspath;main:shared:androidHostTestRuntimeClasspath;main:shared:androidRuntimeClasspath
androidx.navigationevent:navigationevent-compose-desktop	1.1.1	main:shared:composeHotReloadDevJvmDevRuntimeClasspath;main:shared:composeHotReloadDevJvmRuntimeClasspath;main:shared:composeHotReloadDevJvmTestRuntimeClasspath;main:shared:jvmDevRuntimeClasspath;main:shared:jvmMainRuntimeClasspath;main:shared:jvmRuntimeClasspath;main:shared:jvmTestRuntimeClasspath
androidx.navigationevent:navigationevent-compose-iosarm64	1.1.1	main:shared:iosArm64CompileKlibraries
androidx.navigationevent:navigationevent-compose-iossimulatorarm64	1.1.1	main:shared:iosSimulatorArm64TestCompileKlibraries
androidx.navigationevent:navigationevent-desktop	1.1.1	main:shared:composeHotReloadDevJvmDevRuntimeClasspath;main:shared:composeHotReloadDevJvmRuntimeClasspath;main:shared:composeHotReloadDevJvmTestRuntimeClasspath;main:shared:jvmDevRuntimeClasspath;main:shared:jvmMainRuntimeClasspath;main:shared:jvmRuntimeClasspath;main:shared:jvmTestRuntimeClasspath
androidx.navigationevent:navigationevent-iosarm64	1.1.1	main:shared:iosArm64CompileKlibraries
androidx.navigationevent:navigationevent-iossimulatorarm64	1.1.1	main:shared:iosSimulatorArm64TestCompileKlibraries
androidx.print:print	1.0.0	main:app-android:benchmarkReleaseCompileClasspath;main:app-android:benchmarkReleaseRuntimeClasspath;main:app-android:debugAndroidTestCompileClasspath;main:app-android:debugCompileClasspath;main:app-android:debugRuntimeClasspath;main:app-android:debugUnitTestCompileClasspath;main:app-android:debugUnitTestRuntimeClasspath;main:app-android:nonMinifiedReleaseCompileClasspath;main:app-android:nonMinifiedReleaseRuntimeClasspath;main:app-android:releaseCompileClasspath;main:app-android:releaseRuntimeClasspath;main:app-wear:debugRuntimeClasspath;main:app-wear:debugUnitTestRuntimeClasspath;main:app-wear:releaseRuntimeClasspath;main:shared:androidCompileClasspath;main:shared:androidHostTestCompileClasspath;main:shared:androidHostTestRuntimeClasspath;main:shared:androidRuntimeClasspath
androidx.privacysandbox.ads:ads-adservices	1.1.0-beta11	main:shared:androidCompileClasspath;main:shared:androidHostTestCompileClasspath;main:shared:androidHostTestRuntimeClasspath;main:shared:androidRuntimeClasspath
androidx.privacysandbox.ads:ads-adservices-java	1.1.0-beta11	main:shared:androidCompileClasspath;main:shared:androidHostTestCompileClasspath;main:shared:androidHostTestRuntimeClasspath;main:shared:androidRuntimeClasspath
androidx.profileinstaller:profileinstaller	1.4.1	main:app-android:benchmarkReleaseCompileClasspath;main:app-android:benchmarkReleaseRuntimeClasspath;main:app-android:debugAndroidTestCompileClasspath;main:app-android:debugAndroidTestRuntimeClasspath;main:app-android:debugCompileClasspath;main:app-android:debugRuntimeClasspath;main:app-android:debugUnitTestCompileClasspath;main:app-android:debugUnitTestRuntimeClasspath;main:app-android:nonMinifiedReleaseCompileClasspath;main:app-android:nonMinifiedReleaseRuntimeClasspath;main:app-android:releaseCompileClasspath;main:app-android:releaseRuntimeClasspath;main:app-wear:debugRuntimeClasspath;main:app-wear:debugUnitTestRuntimeClasspath;main:app-wear:releaseRuntimeClasspath;main:baselineprofile:benchmarkReleaseRuntimeClasspath;main:baselineprofile:nonMinifiedReleaseRuntimeClasspath;main:shared:androidHostTestRuntimeClasspath;main:shared:androidRuntimeClasspath
androidx.recyclerview:recyclerview	1.2.1	main:app-android:debugAndroidTestCompileClasspath
androidx.recyclerview:recyclerview	1.3.0	main:app-android:benchmarkReleaseCompileClasspath;main:app-android:benchmarkReleaseRuntimeClasspath;main:app-android:debugCompileClasspath;main:app-android:debugRuntimeClasspath;main:app-android:debugUnitTestCompileClasspath;main:app-android:debugUnitTestRuntimeClasspath;main:app-android:nonMinifiedReleaseCompileClasspath;main:app-android:nonMinifiedReleaseRuntimeClasspath;main:app-android:releaseCompileClasspath;main:app-android:releaseRuntimeClasspath;main:app-wear:debugRuntimeClasspath;main:app-wear:debugUnitTestRuntimeClasspath;main:app-wear:releaseRuntimeClasspath;main:shared:androidHostTestRuntimeClasspath;main:shared:androidRuntimeClasspath
androidx.resourceinspection:resourceinspection-annotation	1.0.1	main:app-android:benchmarkReleaseCompileClasspath;main:app-android:benchmarkReleaseRuntimeClasspath;main:app-android:debugAndroidTestCompileClasspath;main:app-android:debugCompileClasspath;main:app-android:debugRuntimeClasspath;main:app-android:debugUnitTestCompileClasspath;main:app-android:debugUnitTestRuntimeClasspath;main:app-android:nonMinifiedReleaseCompileClasspath;main:app-android:nonMinifiedReleaseRuntimeClasspath;main:app-android:releaseCompileClasspath;main:app-android:releaseRuntimeClasspath;main:app-wear:debugRuntimeClasspath;main:app-wear:debugUnitTestRuntimeClasspath;main:app-wear:releaseRuntimeClasspath;main:shared:androidHostTestRuntimeClasspath;main:shared:androidRuntimeClasspath
androidx.room:room-common	2.7.0	main:app-android:benchmarkReleaseRuntimeClasspath;main:app-android:debugRuntimeClasspath;main:app-android:debugUnitTestRuntimeClasspath;main:app-android:nonMinifiedReleaseRuntimeClasspath;main:app-android:releaseRuntimeClasspath
androidx.room:room-common-jvm	2.7.0	main:app-android:benchmarkReleaseRuntimeClasspath;main:app-android:debugRuntimeClasspath;main:app-android:debugUnitTestRuntimeClasspath;main:app-android:nonMinifiedReleaseRuntimeClasspath;main:app-android:releaseRuntimeClasspath
androidx.room:room-runtime	2.7.0	main:app-android:benchmarkReleaseRuntimeClasspath;main:app-android:debugRuntimeClasspath;main:app-android:debugUnitTestRuntimeClasspath;main:app-android:nonMinifiedReleaseRuntimeClasspath;main:app-android:releaseRuntimeClasspath
androidx.room:room-runtime-android	2.7.0	main:app-android:benchmarkReleaseRuntimeClasspath;main:app-android:debugRuntimeClasspath;main:app-android:debugUnitTestRuntimeClasspath;main:app-android:nonMinifiedReleaseRuntimeClasspath;main:app-android:releaseRuntimeClasspath
androidx.savedstate:savedstate	1.3.3	main:app-wear:debugAndroidTestCompileClasspath
androidx.savedstate:savedstate	1.4.0	main:app-android:benchmarkReleaseCompileClasspath;main:app-android:benchmarkReleaseRuntimeClasspath;main:app-android:debugAndroidTestCompileClasspath;main:app-android:debugAndroidTestRuntimeClasspath;main:app-android:debugCompileClasspath;main:app-android:debugRuntimeClasspath;main:app-android:debugUnitTestCompileClasspath;main:app-android:debugUnitTestRuntimeClasspath;main:app-android:nonMinifiedReleaseCompileClasspath;main:app-android:nonMinifiedReleaseRuntimeClasspath;main:app-android:releaseCompileClasspath;main:app-android:releaseRuntimeClasspath;main:app-wear:debugCompileClasspath;main:app-wear:debugRuntimeClasspath;main:app-wear:debugUnitTestCompileClasspath;main:app-wear:debugUnitTestRuntimeClasspath;main:app-wear:releaseCompileClasspath;main:app-wear:releaseRuntimeClasspath;main:shared:androidCompileClasspath;main:shared:androidHostTestCompileClasspath;main:shared:androidHostTestRuntimeClasspath;main:shared:androidRuntimeClasspath;main:shared:commonMainResolvableDependenciesMetadata;main:shared:commonTestResolvableDependenciesMetadata;main:shared:composeHotReloadDevJvmDevRuntimeClasspath;main:shared:composeHotReloadDevJvmRuntimeClasspath;main:shared:composeHotReloadDevJvmTestRuntimeClasspath;main:shared:iosArm64CompileKlibraries;main:shared:iosSimulatorArm64TestCompileKlibraries;main:shared:jvmCompileClasspath;main:shared:jvmDevCompileClasspath;main:shared:jvmDevRuntimeClasspath;main:shared:jvmMainCompileClasspath;main:shared:jvmMainRuntimeClasspath;main:shared:jvmRuntimeClasspath;main:shared:jvmTestCompileClasspath;main:shared:jvmTestRuntimeClasspath;main:shared:metadataAppleMainCompileClasspath;main:shared:metadataCommonMainCompileClasspath;main:shared:metadataCompileClasspath;main:shared:metadataIosMainCompileClasspath;main:shared:metadataNativeMainCompileClasspath
androidx.savedstate:savedstate-android	1.3.3	main:app-wear:debugAndroidTestCompileClasspath
androidx.savedstate:savedstate-android	1.4.0	main:app-android:benchmarkReleaseCompileClasspath;main:app-android:benchmarkReleaseRuntimeClasspath;main:app-android:debugAndroidTestCompileClasspath;main:app-android:debugAndroidTestRuntimeClasspath;main:app-android:debugCompileClasspath;main:app-android:debugRuntimeClasspath;main:app-android:debugUnitTestCompileClasspath;main:app-android:debugUnitTestRuntimeClasspath;main:app-android:nonMinifiedReleaseCompileClasspath;main:app-android:nonMinifiedReleaseRuntimeClasspath;main:app-android:releaseCompileClasspath;main:app-android:releaseRuntimeClasspath;main:app-wear:debugCompileClasspath;main:app-wear:debugRuntimeClasspath;main:app-wear:debugUnitTestCompileClasspath;main:app-wear:debugUnitTestRuntimeClasspath;main:app-wear:releaseCompileClasspath;main:app-wear:releaseRuntimeClasspath;main:shared:androidCompileClasspath;main:shared:androidHostTestCompileClasspath;main:shared:androidHostTestRuntimeClasspath;main:shared:androidRuntimeClasspath
androidx.savedstate:savedstate-compose	1.3.3	main:app-wear:debugAndroidTestCompileClasspath
androidx.savedstate:savedstate-compose	1.4.0	main:app-android:benchmarkReleaseCompileClasspath;main:app-android:benchmarkReleaseRuntimeClasspath;main:app-android:debugAndroidTestCompileClasspath;main:app-android:debugAndroidTestRuntimeClasspath;main:app-android:debugCompileClasspath;main:app-android:debugRuntimeClasspath;main:app-android:debugUnitTestCompileClasspath;main:app-android:debugUnitTestRuntimeClasspath;main:app-android:nonMinifiedReleaseCompileClasspath;main:app-android:nonMinifiedReleaseRuntimeClasspath;main:app-android:releaseCompileClasspath;main:app-android:releaseRuntimeClasspath;main:app-wear:debugCompileClasspath;main:app-wear:debugRuntimeClasspath;main:app-wear:debugUnitTestCompileClasspath;main:app-wear:debugUnitTestRuntimeClasspath;main:app-wear:releaseCompileClasspath;main:app-wear:releaseRuntimeClasspath;main:shared:androidCompileClasspath;main:shared:androidHostTestCompileClasspath;main:shared:androidHostTestRuntimeClasspath;main:shared:androidRuntimeClasspath;main:shared:commonMainResolvableDependenciesMetadata;main:shared:commonTestResolvableDependenciesMetadata;main:shared:composeHotReloadDevJvmDevRuntimeClasspath;main:shared:composeHotReloadDevJvmRuntimeClasspath;main:shared:composeHotReloadDevJvmTestRuntimeClasspath;main:shared:iosArm64CompileKlibraries;main:shared:iosSimulatorArm64TestCompileKlibraries;main:shared:jvmCompileClasspath;main:shared:jvmDevCompileClasspath;main:shared:jvmDevRuntimeClasspath;main:shared:jvmMainCompileClasspath;main:shared:jvmMainRuntimeClasspath;main:shared:jvmRuntimeClasspath;main:shared:jvmTestCompileClasspath;main:shared:jvmTestRuntimeClasspath;main:shared:metadataAppleMainCompileClasspath;main:shared:metadataCommonMainCompileClasspath;main:shared:metadataCompileClasspath;main:shared:metadataIosMainCompileClasspath;main:shared:metadataNativeMainCompileClasspath
androidx.savedstate:savedstate-compose-android	1.3.3	main:app-wear:debugAndroidTestCompileClasspath
androidx.savedstate:savedstate-compose-android	1.4.0	main:app-android:benchmarkReleaseCompileClasspath;main:app-android:benchmarkReleaseRuntimeClasspath;main:app-android:debugAndroidTestCompileClasspath;main:app-android:debugAndroidTestRuntimeClasspath;main:app-android:debugCompileClasspath;main:app-android:debugRuntimeClasspath;main:app-android:debugUnitTestCompileClasspath;main:app-android:debugUnitTestRuntimeClasspath;main:app-android:nonMinifiedReleaseCompileClasspath;main:app-android:nonMinifiedReleaseRuntimeClasspath;main:app-android:releaseCompileClasspath;main:app-android:releaseRuntimeClasspath;main:app-wear:debugCompileClasspath;main:app-wear:debugRuntimeClasspath;main:app-wear:debugUnitTestCompileClasspath;main:app-wear:debugUnitTestRuntimeClasspath;main:app-wear:releaseCompileClasspath;main:app-wear:releaseRuntimeClasspath;main:shared:androidCompileClasspath;main:shared:androidHostTestCompileClasspath;main:shared:androidHostTestRuntimeClasspath;main:shared:androidRuntimeClasspath
androidx.savedstate:savedstate-compose-desktop	1.4.0	main:shared:composeHotReloadDevJvmDevRuntimeClasspath;main:shared:composeHotReloadDevJvmRuntimeClasspath;main:shared:composeHotReloadDevJvmTestRuntimeClasspath;main:shared:jvmCompileClasspath;main:shared:jvmDevCompileClasspath;main:shared:jvmDevRuntimeClasspath;main:shared:jvmMainCompileClasspath;main:shared:jvmMainRuntimeClasspath;main:shared:jvmRuntimeClasspath;main:shared:jvmTestCompileClasspath;main:shared:jvmTestRuntimeClasspath
androidx.savedstate:savedstate-compose-iosarm64	1.4.0	main:shared:iosArm64CompileKlibraries
androidx.savedstate:savedstate-compose-iossimulatorarm64	1.4.0	main:shared:iosSimulatorArm64TestCompileKlibraries
androidx.savedstate:savedstate-desktop	1.4.0	main:shared:composeHotReloadDevJvmDevRuntimeClasspath;main:shared:composeHotReloadDevJvmRuntimeClasspath;main:shared:composeHotReloadDevJvmTestRuntimeClasspath;main:shared:jvmCompileClasspath;main:shared:jvmDevCompileClasspath;main:shared:jvmDevRuntimeClasspath;main:shared:jvmMainCompileClasspath;main:shared:jvmMainRuntimeClasspath;main:shared:jvmRuntimeClasspath;main:shared:jvmTestCompileClasspath;main:shared:jvmTestRuntimeClasspath
androidx.savedstate:savedstate-iosarm64	1.4.0	main:shared:iosArm64CompileKlibraries
androidx.savedstate:savedstate-iossimulatorarm64	1.4.0	main:shared:iosSimulatorArm64TestCompileKlibraries
androidx.savedstate:savedstate-ktx	1.4.0	main:app-android:benchmarkReleaseRuntimeClasspath;main:app-android:debugAndroidTestRuntimeClasspath;main:app-android:debugRuntimeClasspath;main:app-android:debugUnitTestRuntimeClasspath;main:app-android:nonMinifiedReleaseRuntimeClasspath;main:app-android:releaseRuntimeClasspath;main:app-wear:debugRuntimeClasspath;main:app-wear:debugUnitTestRuntimeClasspath;main:app-wear:releaseRuntimeClasspath;main:shared:androidHostTestRuntimeClasspath;main:shared:androidRuntimeClasspath
androidx.sqlite:sqlite	2.5.0	main:app-android:benchmarkReleaseRuntimeClasspath;main:app-android:debugRuntimeClasspath;main:app-android:debugUnitTestRuntimeClasspath;main:app-android:nonMinifiedReleaseRuntimeClasspath;main:app-android:releaseRuntimeClasspath
androidx.sqlite:sqlite-android	2.5.0	main:app-android:benchmarkReleaseRuntimeClasspath;main:app-android:debugRuntimeClasspath;main:app-android:debugUnitTestRuntimeClasspath;main:app-android:nonMinifiedReleaseRuntimeClasspath;main:app-android:releaseRuntimeClasspath
androidx.sqlite:sqlite-framework	2.5.0	main:app-android:benchmarkReleaseRuntimeClasspath;main:app-android:debugRuntimeClasspath;main:app-android:debugUnitTestRuntimeClasspath;main:app-android:nonMinifiedReleaseRuntimeClasspath;main:app-android:releaseRuntimeClasspath
androidx.sqlite:sqlite-framework-android	2.5.0	main:app-android:benchmarkReleaseRuntimeClasspath;main:app-android:debugRuntimeClasspath;main:app-android:debugUnitTestRuntimeClasspath;main:app-android:nonMinifiedReleaseRuntimeClasspath;main:app-android:releaseRuntimeClasspath
androidx.startup:startup-runtime	1.1.1	main:baselineprofile:benchmarkReleaseRuntimeClasspath;main:baselineprofile:nonMinifiedReleaseRuntimeClasspath
androidx.startup:startup-runtime	1.2.0	main:app-android:benchmarkReleaseCompileClasspath;main:app-android:benchmarkReleaseRuntimeClasspath;main:app-android:debugAndroidTestCompileClasspath;main:app-android:debugAndroidTestRuntimeClasspath;main:app-android:debugCompileClasspath;main:app-android:debugRuntimeClasspath;main:app-android:debugUnitTestCompileClasspath;main:app-android:debugUnitTestRuntimeClasspath;main:app-android:nonMinifiedReleaseCompileClasspath;main:app-android:nonMinifiedReleaseRuntimeClasspath;main:app-android:releaseCompileClasspath;main:app-android:releaseRuntimeClasspath;main:app-wear:debugRuntimeClasspath;main:app-wear:debugUnitTestRuntimeClasspath;main:app-wear:releaseRuntimeClasspath;main:shared:androidHostTestRuntimeClasspath;main:shared:androidRuntimeClasspath
androidx.swiperefreshlayout:swiperefreshlayout	1.0.0	main:app-wear:debugRuntimeClasspath;main:app-wear:debugUnitTestRuntimeClasspath
androidx.test.espresso:espresso-core	3.7.0	main:app-android:debugAndroidTestCompileClasspath;main:app-android:debugAndroidTestRuntimeClasspath
androidx.test.espresso:espresso-idling-resource	3.7.0	main:app-android:debugAndroidTestCompileClasspath;main:app-android:debugAndroidTestRuntimeClasspath
androidx.test.ext:junit	1.3.0	main:app-android:debugAndroidTestCompileClasspath;main:app-android:debugAndroidTestRuntimeClasspath;main:baselineprofile:benchmarkReleaseCompileClasspath;main:baselineprofile:benchmarkReleaseRuntimeClasspath;main:baselineprofile:nonMinifiedReleaseCompileClasspath;main:baselineprofile:nonMinifiedReleaseRuntimeClasspath
androidx.test.services:storage	1.6.0	main:app-android:debugAndroidTestCompileClasspath;main:app-android:debugAndroidTestRuntimeClasspath;main:baselineprofile:benchmarkReleaseCompileClasspath;main:baselineprofile:benchmarkReleaseRuntimeClasspath;main:baselineprofile:nonMinifiedReleaseCompileClasspath;main:baselineprofile:nonMinifiedReleaseRuntimeClasspath
androidx.test.uiautomator:uiautomator	2.4.0	main:baselineprofile:benchmarkReleaseCompileClasspath;main:baselineprofile:benchmarkReleaseRuntimeClasspath;main:baselineprofile:nonMinifiedReleaseCompileClasspath;main:baselineprofile:nonMinifiedReleaseRuntimeClasspath
androidx.test.uiautomator:uiautomator-shell	2.4.0	main:baselineprofile:benchmarkReleaseRuntimeClasspath;main:baselineprofile:nonMinifiedReleaseRuntimeClasspath
androidx.test.uiautomator:uiautomator-shell-android	2.4.0	main:baselineprofile:benchmarkReleaseRuntimeClasspath;main:baselineprofile:nonMinifiedReleaseRuntimeClasspath
androidx.test:annotation	1.0.1	main:baselineprofile:benchmarkReleaseRuntimeClasspath;main:baselineprofile:nonMinifiedReleaseRuntimeClasspath
androidx.test:core	1.7.0	main:app-android:debugAndroidTestCompileClasspath;main:app-android:debugAndroidTestRuntimeClasspath;main:baselineprofile:benchmarkReleaseCompileClasspath;main:baselineprofile:benchmarkReleaseRuntimeClasspath;main:baselineprofile:nonMinifiedReleaseCompileClasspath;main:baselineprofile:nonMinifiedReleaseRuntimeClasspath
androidx.test:monitor	1.8.0	main:app-android:debugAndroidTestCompileClasspath;main:app-android:debugAndroidTestRuntimeClasspath;main:baselineprofile:benchmarkReleaseCompileClasspath;main:baselineprofile:benchmarkReleaseRuntimeClasspath;main:baselineprofile:nonMinifiedReleaseCompileClasspath;main:baselineprofile:nonMinifiedReleaseRuntimeClasspath
androidx.test:rules	1.5.0	main:baselineprofile:benchmarkReleaseRuntimeClasspath;main:baselineprofile:nonMinifiedReleaseRuntimeClasspath
androidx.test:runner	1.5.2	main:baselineprofile:benchmarkReleaseRuntimeClasspath;main:baselineprofile:nonMinifiedReleaseRuntimeClasspath
androidx.test:runner	1.7.0	main:app-android:debugAndroidTestCompileClasspath;main:app-android:debugAndroidTestRuntimeClasspath
androidx.tracing:tracing	1.1.0	main:baselineprofile:benchmarkReleaseCompileClasspath;main:baselineprofile:benchmarkReleaseRuntimeClasspath;main:baselineprofile:nonMinifiedReleaseCompileClasspath;main:baselineprofile:nonMinifiedReleaseRuntimeClasspath
androidx.tracing:tracing	1.2.0	main:app-android:benchmarkReleaseRuntimeClasspath;main:app-android:debugAndroidTestCompileClasspath;main:app-android:debugAndroidTestRuntimeClasspath;main:app-android:debugRuntimeClasspath;main:app-android:debugUnitTestRuntimeClasspath;main:app-android:nonMinifiedReleaseRuntimeClasspath;main:app-android:releaseRuntimeClasspath;main:app-wear:debugRuntimeClasspath;main:app-wear:debugUnitTestRuntimeClasspath;main:app-wear:releaseRuntimeClasspath;main:shared:androidHostTestRuntimeClasspath;main:shared:androidRuntimeClasspath
androidx.tracing:tracing-ktx	1.1.0	main:baselineprofile:benchmarkReleaseRuntimeClasspath;main:baselineprofile:nonMinifiedReleaseRuntimeClasspath
androidx.tracing:tracing-ktx	1.2.0	main:app-android:benchmarkReleaseRuntimeClasspath;main:app-android:debugRuntimeClasspath;main:app-android:debugUnitTestRuntimeClasspath;main:app-android:nonMinifiedReleaseRuntimeClasspath;main:app-android:releaseRuntimeClasspath
androidx.tracing:tracing-perfetto	1.0.0	main:baselineprofile:benchmarkReleaseRuntimeClasspath;main:baselineprofile:nonMinifiedReleaseRuntimeClasspath
androidx.tracing:tracing-perfetto-binary	1.0.0	main:baselineprofile:benchmarkReleaseRuntimeClasspath;main:baselineprofile:nonMinifiedReleaseRuntimeClasspath
androidx.tracing:tracing-perfetto-handshake	1.0.0	main:baselineprofile:benchmarkReleaseRuntimeClasspath;main:baselineprofile:nonMinifiedReleaseRuntimeClasspath
androidx.transition:transition	1.5.0	main:app-android:benchmarkReleaseCompileClasspath;main:app-android:benchmarkReleaseRuntimeClasspath;main:app-android:debugAndroidTestCompileClasspath;main:app-android:debugCompileClasspath;main:app-android:debugRuntimeClasspath;main:app-android:debugUnitTestCompileClasspath;main:app-android:debugUnitTestRuntimeClasspath;main:app-android:nonMinifiedReleaseCompileClasspath;main:app-android:nonMinifiedReleaseRuntimeClasspath;main:app-android:releaseCompileClasspath;main:app-android:releaseRuntimeClasspath
androidx.vectordrawable:vectordrawable	1.1.0	main:shared:androidCompileClasspath;main:shared:androidHostTestCompileClasspath
androidx.vectordrawable:vectordrawable	1.2.0	main:app-android:benchmarkReleaseCompileClasspath;main:app-android:benchmarkReleaseRuntimeClasspath;main:app-android:debugAndroidTestCompileClasspath;main:app-android:debugAndroidTestRuntimeClasspath;main:app-android:debugCompileClasspath;main:app-android:debugRuntimeClasspath;main:app-android:debugUnitTestCompileClasspath;main:app-android:debugUnitTestRuntimeClasspath;main:app-android:nonMinifiedReleaseCompileClasspath;main:app-android:nonMinifiedReleaseRuntimeClasspath;main:app-android:releaseCompileClasspath;main:app-android:releaseRuntimeClasspath;main:app-wear:debugRuntimeClasspath;main:app-wear:debugUnitTestRuntimeClasspath;main:app-wear:releaseRuntimeClasspath;main:shared:androidHostTestRuntimeClasspath;main:shared:androidRuntimeClasspath
androidx.vectordrawable:vectordrawable-animated	1.1.0	main:shared:androidCompileClasspath;main:shared:androidHostTestCompileClasspath
androidx.vectordrawable:vectordrawable-animated	1.2.0	main:app-android:benchmarkReleaseCompileClasspath;main:app-android:benchmarkReleaseRuntimeClasspath;main:app-android:debugAndroidTestCompileClasspath;main:app-android:debugAndroidTestRuntimeClasspath;main:app-android:debugCompileClasspath;main:app-android:debugRuntimeClasspath;main:app-android:debugUnitTestCompileClasspath;main:app-android:debugUnitTestRuntimeClasspath;main:app-android:nonMinifiedReleaseCompileClasspath;main:app-android:nonMinifiedReleaseRuntimeClasspath;main:app-android:releaseCompileClasspath;main:app-android:releaseRuntimeClasspath;main:app-wear:debugRuntimeClasspath;main:app-wear:debugUnitTestRuntimeClasspath;main:app-wear:releaseRuntimeClasspath;main:shared:androidHostTestRuntimeClasspath;main:shared:androidRuntimeClasspath
androidx.vectordrawable:vectordrawable-seekable	1.0.0	main:app-wear:debugRuntimeClasspath;main:app-wear:debugUnitTestRuntimeClasspath
androidx.versionedparcelable:versionedparcelable	1.1.1	main:app-android:benchmarkReleaseCompileClasspath;main:app-android:benchmarkReleaseRuntimeClasspath;main:app-android:debugAndroidTestCompileClasspath;main:app-android:debugAndroidTestRuntimeClasspath;main:app-android:debugCompileClasspath;main:app-android:debugRuntimeClasspath;main:app-android:debugUnitTestCompileClasspath;main:app-android:debugUnitTestRuntimeClasspath;main:app-android:nonMinifiedReleaseCompileClasspath;main:app-android:nonMinifiedReleaseRuntimeClasspath;main:app-android:releaseCompileClasspath;main:app-android:releaseRuntimeClasspath;main:app-wear:debugAndroidTestCompileClasspath;main:app-wear:debugCompileClasspath;main:app-wear:debugRuntimeClasspath;main:app-wear:debugUnitTestCompileClasspath;main:app-wear:debugUnitTestRuntimeClasspath;main:app-wear:releaseCompileClasspath;main:app-wear:releaseRuntimeClasspath;main:baselineprofile:benchmarkReleaseRuntimeClasspath;main:baselineprofile:nonMinifiedReleaseRuntimeClasspath;main:shared:androidCompileClasspath;main:shared:androidHostTestCompileClasspath;main:shared:androidHostTestRuntimeClasspath;main:shared:androidRuntimeClasspath
androidx.viewpager2:viewpager2	1.0.0	main:app-android:benchmarkReleaseCompileClasspath;main:app-android:benchmarkReleaseRuntimeClasspath;main:app-android:debugAndroidTestCompileClasspath;main:app-android:debugCompileClasspath;main:app-android:debugRuntimeClasspath;main:app-android:debugUnitTestCompileClasspath;main:app-android:debugUnitTestRuntimeClasspath;main:app-android:nonMinifiedReleaseCompileClasspath;main:app-android:nonMinifiedReleaseRuntimeClasspath;main:app-android:releaseCompileClasspath;main:app-android:releaseRuntimeClasspath
androidx.viewpager:viewpager	1.0.0	main:app-android:benchmarkReleaseCompileClasspath;main:app-android:benchmarkReleaseRuntimeClasspath;main:app-android:debugAndroidTestCompileClasspath;main:app-android:debugCompileClasspath;main:app-android:debugRuntimeClasspath;main:app-android:debugUnitTestCompileClasspath;main:app-android:debugUnitTestRuntimeClasspath;main:app-android:nonMinifiedReleaseCompileClasspath;main:app-android:nonMinifiedReleaseRuntimeClasspath;main:app-android:releaseCompileClasspath;main:app-android:releaseRuntimeClasspath;main:app-wear:debugAndroidTestCompileClasspath;main:app-wear:debugCompileClasspath;main:app-wear:debugRuntimeClasspath;main:app-wear:debugUnitTestCompileClasspath;main:app-wear:debugUnitTestRuntimeClasspath;main:app-wear:releaseCompileClasspath;main:app-wear:releaseRuntimeClasspath;main:shared:androidCompileClasspath;main:shared:androidHostTestCompileClasspath;main:shared:androidHostTestRuntimeClasspath;main:shared:androidRuntimeClasspath
androidx.wear.compose:compose-foundation	1.6.2	main:app-wear:debugAndroidTestCompileClasspath;main:app-wear:debugCompileClasspath;main:app-wear:debugRuntimeClasspath;main:app-wear:debugUnitTestCompileClasspath;main:app-wear:debugUnitTestRuntimeClasspath;main:app-wear:releaseCompileClasspath;main:app-wear:releaseRuntimeClasspath
androidx.wear.compose:compose-material-core	1.6.2	main:app-wear:debugRuntimeClasspath;main:app-wear:debugUnitTestRuntimeClasspath;main:app-wear:releaseRuntimeClasspath
androidx.wear.compose:compose-material3	1.6.2	main:app-wear:debugAndroidTestCompileClasspath;main:app-wear:debugCompileClasspath;main:app-wear:debugRuntimeClasspath;main:app-wear:debugUnitTestCompileClasspath;main:app-wear:debugUnitTestRuntimeClasspath;main:app-wear:releaseCompileClasspath;main:app-wear:releaseRuntimeClasspath
androidx.wear.compose:compose-ui-tooling	1.6.2	main:app-wear:debugAndroidTestCompileClasspath;main:app-wear:debugCompileClasspath;main:app-wear:debugRuntimeClasspath;main:app-wear:debugUnitTestCompileClasspath;main:app-wear:debugUnitTestRuntimeClasspath
androidx.wear.protolayout:protolayout	1.4.2	main:app-wear:debugAndroidTestCompileClasspath;main:app-wear:debugCompileClasspath;main:app-wear:debugRuntimeClasspath;main:app-wear:debugUnitTestCompileClasspath;main:app-wear:debugUnitTestRuntimeClasspath;main:app-wear:releaseCompileClasspath;main:app-wear:releaseRuntimeClasspath
androidx.wear.protolayout:protolayout-expression	1.4.2	main:app-wear:debugAndroidTestCompileClasspath;main:app-wear:debugCompileClasspath;main:app-wear:debugRuntimeClasspath;main:app-wear:debugUnitTestCompileClasspath;main:app-wear:debugUnitTestRuntimeClasspath;main:app-wear:releaseCompileClasspath;main:app-wear:releaseRuntimeClasspath
androidx.wear.protolayout:protolayout-expression-pipeline	1.4.2	main:app-wear:debugRuntimeClasspath;main:app-wear:debugUnitTestRuntimeClasspath;main:app-wear:releaseRuntimeClasspath
androidx.wear.protolayout:protolayout-external-protobuf	1.4.2	main:app-wear:debugRuntimeClasspath;main:app-wear:debugUnitTestRuntimeClasspath;main:app-wear:releaseRuntimeClasspath
androidx.wear.protolayout:protolayout-material	1.4.2	main:app-wear:debugAndroidTestCompileClasspath;main:app-wear:debugCompileClasspath;main:app-wear:debugRuntimeClasspath;main:app-wear:debugUnitTestCompileClasspath;main:app-wear:debugUnitTestRuntimeClasspath;main:app-wear:releaseCompileClasspath;main:app-wear:releaseRuntimeClasspath
androidx.wear.protolayout:protolayout-material-core	1.4.2	main:app-wear:debugRuntimeClasspath;main:app-wear:debugUnitTestRuntimeClasspath;main:app-wear:releaseRuntimeClasspath
androidx.wear.protolayout:protolayout-material3	1.4.2	main:app-wear:debugRuntimeClasspath;main:app-wear:debugUnitTestRuntimeClasspath;main:app-wear:releaseRuntimeClasspath
androidx.wear.protolayout:protolayout-proto	1.4.2	main:app-wear:debugRuntimeClasspath;main:app-wear:debugUnitTestRuntimeClasspath;main:app-wear:releaseRuntimeClasspath
androidx.wear.protolayout:protolayout-renderer	1.4.2	main:app-wear:debugRuntimeClasspath;main:app-wear:debugUnitTestRuntimeClasspath
androidx.wear.tiles:tiles	1.6.2	main:app-wear:debugAndroidTestCompileClasspath;main:app-wear:debugCompileClasspath;main:app-wear:debugRuntimeClasspath;main:app-wear:debugUnitTestCompileClasspath;main:app-wear:debugUnitTestRuntimeClasspath;main:app-wear:releaseCompileClasspath;main:app-wear:releaseRuntimeClasspath
androidx.wear.tiles:tiles-proto	1.6.2	main:app-wear:debugRuntimeClasspath;main:app-wear:debugUnitTestRuntimeClasspath;main:app-wear:releaseRuntimeClasspath
androidx.wear.tiles:tiles-renderer	1.6.2	main:app-wear:debugAndroidTestCompileClasspath;main:app-wear:debugCompileClasspath;main:app-wear:debugRuntimeClasspath;main:app-wear:debugUnitTestCompileClasspath;main:app-wear:debugUnitTestRuntimeClasspath
androidx.wear:wear	1.3.0	main:app-wear:debugRuntimeClasspath;main:app-wear:debugUnitTestRuntimeClasspath
androidx.wear:wear-core	1.0.0	main:app-wear:debugAndroidTestCompileClasspath;main:app-wear:debugCompileClasspath;main:app-wear:debugRuntimeClasspath;main:app-wear:debugUnitTestCompileClasspath;main:app-wear:debugUnitTestRuntimeClasspath;main:app-wear:releaseCompileClasspath;main:app-wear:releaseRuntimeClasspath
androidx.wear:wear-remote-interactions	1.2.0	main:app-wear:debugAndroidTestCompileClasspath;main:app-wear:debugCompileClasspath;main:app-wear:debugRuntimeClasspath;main:app-wear:debugUnitTestCompileClasspath;main:app-wear:debugUnitTestRuntimeClasspath;main:app-wear:releaseCompileClasspath;main:app-wear:releaseRuntimeClasspath
androidx.wear:wear-tooling-preview	1.0.0	main:app-wear:debugRuntimeClasspath;main:app-wear:debugUnitTestRuntimeClasspath
androidx.window:window	1.5.0	main:app-android:benchmarkReleaseRuntimeClasspath;main:app-android:debugAndroidTestRuntimeClasspath;main:app-android:debugRuntimeClasspath;main:app-android:debugUnitTestRuntimeClasspath;main:app-android:nonMinifiedReleaseRuntimeClasspath;main:app-android:releaseRuntimeClasspath;main:app-wear:debugRuntimeClasspath;main:app-wear:debugUnitTestRuntimeClasspath;main:app-wear:releaseRuntimeClasspath;main:shared:androidHostTestRuntimeClasspath;main:shared:androidRuntimeClasspath
androidx.window:window-core	1.5.0	main:app-android:benchmarkReleaseRuntimeClasspath;main:app-android:debugAndroidTestRuntimeClasspath;main:app-android:debugRuntimeClasspath;main:app-android:debugUnitTestRuntimeClasspath;main:app-android:nonMinifiedReleaseRuntimeClasspath;main:app-android:releaseRuntimeClasspath;main:app-wear:debugRuntimeClasspath;main:app-wear:debugUnitTestRuntimeClasspath;main:app-wear:releaseRuntimeClasspath;main:shared:androidHostTestRuntimeClasspath;main:shared:androidRuntimeClasspath
androidx.window:window-core-android	1.5.0	main:app-android:benchmarkReleaseRuntimeClasspath;main:app-android:debugAndroidTestRuntimeClasspath;main:app-android:debugRuntimeClasspath;main:app-android:debugUnitTestRuntimeClasspath;main:app-android:nonMinifiedReleaseRuntimeClasspath;main:app-android:releaseRuntimeClasspath;main:app-wear:debugRuntimeClasspath;main:app-wear:debugUnitTestRuntimeClasspath;main:app-wear:releaseRuntimeClasspath;main:shared:androidHostTestRuntimeClasspath;main:shared:androidRuntimeClasspath
androidx.work:work-runtime	2.11.2	main:app-android:benchmarkReleaseCompileClasspath;main:app-android:benchmarkReleaseRuntimeClasspath;main:app-android:debugAndroidTestCompileClasspath;main:app-android:debugCompileClasspath;main:app-android:debugRuntimeClasspath;main:app-android:debugUnitTestCompileClasspath;main:app-android:debugUnitTestRuntimeClasspath;main:app-android:nonMinifiedReleaseCompileClasspath;main:app-android:nonMinifiedReleaseRuntimeClasspath;main:app-android:releaseCompileClasspath;main:app-android:releaseRuntimeClasspath
androidx.work:work-runtime-ktx	2.11.2	main:app-android:benchmarkReleaseCompileClasspath;main:app-android:benchmarkReleaseRuntimeClasspath;main:app-android:debugAndroidTestCompileClasspath;main:app-android:debugCompileClasspath;main:app-android:debugRuntimeClasspath;main:app-android:debugUnitTestCompileClasspath;main:app-android:debugUnitTestRuntimeClasspath;main:app-android:nonMinifiedReleaseCompileClasspath;main:app-android:nonMinifiedReleaseRuntimeClasspath;main:app-android:releaseCompileClasspath;main:app-android:releaseRuntimeClasspath
com.android.billingclient:billing	9.1.0	main:app-android:benchmarkReleaseRuntimeClasspath;main:app-android:debugRuntimeClasspath;main:app-android:debugUnitTestRuntimeClasspath;main:app-android:nonMinifiedReleaseRuntimeClasspath;main:app-android:releaseRuntimeClasspath;main:app-wear:debugRuntimeClasspath;main:app-wear:debugUnitTestRuntimeClasspath;main:app-wear:releaseRuntimeClasspath;main:shared:androidCompileClasspath;main:shared:androidHostTestCompileClasspath;main:shared:androidHostTestRuntimeClasspath;main:shared:androidRuntimeClasspath
com.android.tools.build:builder-test-api	9.4.0	buildSrc::runtimeClasspath
com.android.tools.build:gradle-api	9.4.0	buildSrc::compileClasspath;buildSrc::runtimeClasspath
com.android.tools.build:gradle-common-api	9.4.0	buildSrc::compileClasspath;buildSrc::runtimeClasspath
com.android.tools.ddms:ddmlib	32.4.0	buildSrc::runtimeClasspath
com.android.tools:annotations	32.4.0	buildSrc::runtimeClasspath
com.android.tools:common	32.4.0	buildSrc::runtimeClasspath
com.github.penfeizhou.android.animation:apng	3.0.5	main:app-android:benchmarkReleaseRuntimeClasspath;main:app-android:debugRuntimeClasspath;main:app-android:debugUnitTestRuntimeClasspath;main:app-android:nonMinifiedReleaseRuntimeClasspath;main:app-android:releaseRuntimeClasspath;main:app-wear:debugRuntimeClasspath;main:app-wear:debugUnitTestRuntimeClasspath;main:app-wear:releaseRuntimeClasspath;main:shared:androidCompileClasspath;main:shared:androidHostTestCompileClasspath;main:shared:androidHostTestRuntimeClasspath;main:shared:androidRuntimeClasspath
com.github.penfeizhou.android.animation:awebp	3.0.5	main:app-android:benchmarkReleaseRuntimeClasspath;main:app-android:debugRuntimeClasspath;main:app-android:debugUnitTestRuntimeClasspath;main:app-android:nonMinifiedReleaseRuntimeClasspath;main:app-android:releaseRuntimeClasspath;main:app-wear:debugRuntimeClasspath;main:app-wear:debugUnitTestRuntimeClasspath;main:app-wear:releaseRuntimeClasspath;main:shared:androidCompileClasspath;main:shared:androidHostTestCompileClasspath;main:shared:androidHostTestRuntimeClasspath;main:shared:androidRuntimeClasspath
com.github.penfeizhou.android.animation:frameanimation	3.0.5	main:app-android:benchmarkReleaseRuntimeClasspath;main:app-android:debugRuntimeClasspath;main:app-android:debugUnitTestRuntimeClasspath;main:app-android:nonMinifiedReleaseRuntimeClasspath;main:app-android:releaseRuntimeClasspath;main:app-wear:debugRuntimeClasspath;main:app-wear:debugUnitTestRuntimeClasspath;main:app-wear:releaseRuntimeClasspath;main:shared:androidCompileClasspath;main:shared:androidHostTestCompileClasspath;main:shared:androidHostTestRuntimeClasspath;main:shared:androidRuntimeClasspath
com.google.accompanist:accompanist-drawablepainter	0.37.3	main:app-android:benchmarkReleaseRuntimeClasspath;main:app-android:debugAndroidTestRuntimeClasspath;main:app-android:debugRuntimeClasspath;main:app-android:debugUnitTestRuntimeClasspath;main:app-android:nonMinifiedReleaseRuntimeClasspath;main:app-android:releaseRuntimeClasspath;main:app-wear:debugRuntimeClasspath;main:app-wear:debugUnitTestRuntimeClasspath;main:app-wear:releaseRuntimeClasspath;main:shared:androidHostTestRuntimeClasspath;main:shared:androidRuntimeClasspath
com.google.android.datatransport:transport-api	3.0.0	main:shared:androidCompileClasspath;main:shared:androidHostTestCompileClasspath
com.google.android.datatransport:transport-api	3.2.0	main:app-android:benchmarkReleaseRuntimeClasspath;main:app-android:debugRuntimeClasspath;main:app-android:debugUnitTestRuntimeClasspath;main:app-android:nonMinifiedReleaseRuntimeClasspath;main:app-android:releaseRuntimeClasspath;main:app-wear:debugRuntimeClasspath;main:app-wear:debugUnitTestRuntimeClasspath;main:app-wear:releaseRuntimeClasspath;main:shared:androidHostTestRuntimeClasspath;main:shared:androidRuntimeClasspath
com.google.android.datatransport:transport-backend-cct	3.1.8	main:shared:androidCompileClasspath;main:shared:androidHostTestCompileClasspath
com.google.android.datatransport:transport-backend-cct	3.3.0	main:app-android:benchmarkReleaseRuntimeClasspath;main:app-android:debugRuntimeClasspath;main:app-android:debugUnitTestRuntimeClasspath;main:app-android:nonMinifiedReleaseRuntimeClasspath;main:app-android:releaseRuntimeClasspath;main:app-wear:debugRuntimeClasspath;main:app-wear:debugUnitTestRuntimeClasspath;main:app-wear:releaseRuntimeClasspath;main:shared:androidHostTestRuntimeClasspath;main:shared:androidRuntimeClasspath
com.google.android.datatransport:transport-runtime	3.1.8	main:shared:androidCompileClasspath;main:shared:androidHostTestCompileClasspath
com.google.android.datatransport:transport-runtime	3.3.0	main:app-android:benchmarkReleaseRuntimeClasspath;main:app-android:debugRuntimeClasspath;main:app-android:debugUnitTestRuntimeClasspath;main:app-android:nonMinifiedReleaseRuntimeClasspath;main:app-android:releaseRuntimeClasspath;main:app-wear:debugRuntimeClasspath;main:app-wear:debugUnitTestRuntimeClasspath;main:app-wear:releaseRuntimeClasspath;main:shared:androidHostTestRuntimeClasspath;main:shared:androidRuntimeClasspath
com.google.android.gms:play-services-ads-identifier	18.0.0	main:shared:androidCompileClasspath;main:shared:androidHostTestCompileClasspath;main:shared:androidHostTestRuntimeClasspath;main:shared:androidRuntimeClasspath
com.google.android.gms:play-services-base	18.5.0	main:app-android:benchmarkReleaseCompileClasspath;main:app-android:benchmarkReleaseRuntimeClasspath;main:app-android:debugAndroidTestCompileClasspath;main:app-android:debugCompileClasspath;main:app-android:debugRuntimeClasspath;main:app-android:debugUnitTestCompileClasspath;main:app-android:debugUnitTestRuntimeClasspath;main:app-android:nonMinifiedReleaseCompileClasspath;main:app-android:nonMinifiedReleaseRuntimeClasspath;main:app-android:releaseCompileClasspath;main:app-android:releaseRuntimeClasspath;main:app-wear:debugAndroidTestCompileClasspath;main:app-wear:debugCompileClasspath;main:app-wear:debugRuntimeClasspath;main:app-wear:debugUnitTestCompileClasspath;main:app-wear:debugUnitTestRuntimeClasspath;main:app-wear:releaseCompileClasspath;main:app-wear:releaseRuntimeClasspath;main:shared:androidCompileClasspath;main:shared:androidHostTestCompileClasspath;main:shared:androidHostTestRuntimeClasspath;main:shared:androidRuntimeClasspath
com.google.android.gms:play-services-basement	18.10.0	main:app-wear:debugCompileClasspath;main:app-wear:debugRuntimeClasspath;main:app-wear:debugUnitTestCompileClasspath;main:app-wear:debugUnitTestRuntimeClasspath;main:app-wear:releaseCompileClasspath;main:app-wear:releaseRuntimeClasspath
com.google.android.gms:play-services-basement	18.9.0	main:app-android:benchmarkReleaseCompileClasspath;main:app-android:benchmarkReleaseRuntimeClasspath;main:app-android:debugAndroidTestCompileClasspath;main:app-android:debugCompileClasspath;main:app-android:debugRuntimeClasspath;main:app-android:debugUnitTestCompileClasspath;main:app-android:debugUnitTestRuntimeClasspath;main:app-android:nonMinifiedReleaseCompileClasspath;main:app-android:nonMinifiedReleaseRuntimeClasspath;main:app-android:releaseCompileClasspath;main:app-android:releaseRuntimeClasspath;main:app-wear:debugAndroidTestCompileClasspath;main:shared:androidCompileClasspath;main:shared:androidHostTestCompileClasspath;main:shared:androidHostTestRuntimeClasspath;main:shared:androidRuntimeClasspath
com.google.android.gms:play-services-location	19.0.0	main:app-android:benchmarkReleaseRuntimeClasspath;main:app-android:debugRuntimeClasspath;main:app-android:debugUnitTestRuntimeClasspath;main:app-android:nonMinifiedReleaseRuntimeClasspath;main:app-android:releaseRuntimeClasspath;main:app-wear:debugRuntimeClasspath;main:app-wear:debugUnitTestRuntimeClasspath;main:app-wear:releaseRuntimeClasspath;main:shared:androidCompileClasspath;main:shared:androidHostTestCompileClasspath;main:shared:androidHostTestRuntimeClasspath;main:shared:androidRuntimeClasspath
com.google.android.gms:play-services-measurement	23.2.0	main:app-android:benchmarkReleaseCompileClasspath;main:app-android:benchmarkReleaseRuntimeClasspath;main:app-android:debugAndroidTestCompileClasspath;main:app-android:debugCompileClasspath;main:app-android:debugRuntimeClasspath;main:app-android:debugUnitTestCompileClasspath;main:app-android:debugUnitTestRuntimeClasspath;main:app-android:nonMinifiedReleaseCompileClasspath;main:app-android:nonMinifiedReleaseRuntimeClasspath;main:app-android:releaseCompileClasspath;main:app-android:releaseRuntimeClasspath;main:app-wear:debugRuntimeClasspath;main:app-wear:debugUnitTestRuntimeClasspath;main:app-wear:releaseRuntimeClasspath;main:shared:androidCompileClasspath;main:shared:androidHostTestCompileClasspath;main:shared:androidHostTestRuntimeClasspath;main:shared:androidRuntimeClasspath
com.google.android.gms:play-services-measurement-api	23.2.0	main:app-android:benchmarkReleaseCompileClasspath;main:app-android:benchmarkReleaseRuntimeClasspath;main:app-android:debugAndroidTestCompileClasspath;main:app-android:debugCompileClasspath;main:app-android:debugRuntimeClasspath;main:app-android:debugUnitTestCompileClasspath;main:app-android:debugUnitTestRuntimeClasspath;main:app-android:nonMinifiedReleaseCompileClasspath;main:app-android:nonMinifiedReleaseRuntimeClasspath;main:app-android:releaseCompileClasspath;main:app-android:releaseRuntimeClasspath;main:app-wear:debugRuntimeClasspath;main:app-wear:debugUnitTestRuntimeClasspath;main:app-wear:releaseRuntimeClasspath;main:shared:androidCompileClasspath;main:shared:androidHostTestCompileClasspath;main:shared:androidHostTestRuntimeClasspath;main:shared:androidRuntimeClasspath
com.google.android.gms:play-services-measurement-base	23.2.0	main:app-android:benchmarkReleaseCompileClasspath;main:app-android:benchmarkReleaseRuntimeClasspath;main:app-android:debugAndroidTestCompileClasspath;main:app-android:debugCompileClasspath;main:app-android:debugRuntimeClasspath;main:app-android:debugUnitTestCompileClasspath;main:app-android:debugUnitTestRuntimeClasspath;main:app-android:nonMinifiedReleaseCompileClasspath;main:app-android:nonMinifiedReleaseRuntimeClasspath;main:app-android:releaseCompileClasspath;main:app-android:releaseRuntimeClasspath;main:app-wear:debugRuntimeClasspath;main:app-wear:debugUnitTestRuntimeClasspath;main:app-wear:releaseRuntimeClasspath;main:shared:androidCompileClasspath;main:shared:androidHostTestCompileClasspath;main:shared:androidHostTestRuntimeClasspath;main:shared:androidRuntimeClasspath
com.google.android.gms:play-services-measurement-impl	23.2.0	main:app-android:benchmarkReleaseCompileClasspath;main:app-android:benchmarkReleaseRuntimeClasspath;main:app-android:debugAndroidTestCompileClasspath;main:app-android:debugCompileClasspath;main:app-android:debugRuntimeClasspath;main:app-android:debugUnitTestCompileClasspath;main:app-android:debugUnitTestRuntimeClasspath;main:app-android:nonMinifiedReleaseCompileClasspath;main:app-android:nonMinifiedReleaseRuntimeClasspath;main:app-android:releaseCompileClasspath;main:app-android:releaseRuntimeClasspath;main:app-wear:debugRuntimeClasspath;main:app-wear:debugUnitTestRuntimeClasspath;main:app-wear:releaseRuntimeClasspath;main:shared:androidCompileClasspath;main:shared:androidHostTestCompileClasspath;main:shared:androidHostTestRuntimeClasspath;main:shared:androidRuntimeClasspath
com.google.android.gms:play-services-measurement-sdk	23.2.0	main:app-android:benchmarkReleaseCompileClasspath;main:app-android:benchmarkReleaseRuntimeClasspath;main:app-android:debugAndroidTestCompileClasspath;main:app-android:debugCompileClasspath;main:app-android:debugRuntimeClasspath;main:app-android:debugUnitTestCompileClasspath;main:app-android:debugUnitTestRuntimeClasspath;main:app-android:nonMinifiedReleaseCompileClasspath;main:app-android:nonMinifiedReleaseRuntimeClasspath;main:app-android:releaseCompileClasspath;main:app-android:releaseRuntimeClasspath;main:app-wear:debugRuntimeClasspath;main:app-wear:debugUnitTestRuntimeClasspath;main:app-wear:releaseRuntimeClasspath;main:shared:androidCompileClasspath;main:shared:androidHostTestCompileClasspath;main:shared:androidHostTestRuntimeClasspath;main:shared:androidRuntimeClasspath
com.google.android.gms:play-services-measurement-sdk-api	23.2.0	main:app-android:benchmarkReleaseCompileClasspath;main:app-android:benchmarkReleaseRuntimeClasspath;main:app-android:debugAndroidTestCompileClasspath;main:app-android:debugCompileClasspath;main:app-android:debugRuntimeClasspath;main:app-android:debugUnitTestCompileClasspath;main:app-android:debugUnitTestRuntimeClasspath;main:app-android:nonMinifiedReleaseCompileClasspath;main:app-android:nonMinifiedReleaseRuntimeClasspath;main:app-android:releaseCompileClasspath;main:app-android:releaseRuntimeClasspath;main:app-wear:debugRuntimeClasspath;main:app-wear:debugUnitTestRuntimeClasspath;main:app-wear:releaseRuntimeClasspath;main:shared:androidCompileClasspath;main:shared:androidHostTestCompileClasspath;main:shared:androidHostTestRuntimeClasspath;main:shared:androidRuntimeClasspath
com.google.android.gms:play-services-places-placereport	17.0.0	main:app-android:benchmarkReleaseRuntimeClasspath;main:app-android:debugRuntimeClasspath;main:app-android:debugUnitTestRuntimeClasspath;main:app-android:nonMinifiedReleaseRuntimeClasspath;main:app-android:releaseRuntimeClasspath;main:app-wear:debugRuntimeClasspath;main:app-wear:debugUnitTestRuntimeClasspath;main:app-wear:releaseRuntimeClasspath;main:shared:androidCompileClasspath;main:shared:androidHostTestCompileClasspath;main:shared:androidHostTestRuntimeClasspath;main:shared:androidRuntimeClasspath
com.google.android.gms:play-services-stats	17.0.2	main:app-android:benchmarkReleaseCompileClasspath;main:app-android:benchmarkReleaseRuntimeClasspath;main:app-android:debugAndroidTestCompileClasspath;main:app-android:debugCompileClasspath;main:app-android:debugRuntimeClasspath;main:app-android:debugUnitTestCompileClasspath;main:app-android:debugUnitTestRuntimeClasspath;main:app-android:nonMinifiedReleaseCompileClasspath;main:app-android:nonMinifiedReleaseRuntimeClasspath;main:app-android:releaseCompileClasspath;main:app-android:releaseRuntimeClasspath;main:app-wear:debugRuntimeClasspath;main:app-wear:debugUnitTestRuntimeClasspath;main:app-wear:releaseRuntimeClasspath;main:shared:androidCompileClasspath;main:shared:androidHostTestCompileClasspath;main:shared:androidHostTestRuntimeClasspath;main:shared:androidRuntimeClasspath
com.google.android.gms:play-services-tasks	18.2.0	main:app-wear:debugAndroidTestCompileClasspath
com.google.android.gms:play-services-tasks	18.4.0	main:app-android:benchmarkReleaseCompileClasspath;main:app-android:benchmarkReleaseRuntimeClasspath;main:app-android:debugAndroidTestCompileClasspath;main:app-android:debugCompileClasspath;main:app-android:debugRuntimeClasspath;main:app-android:debugUnitTestCompileClasspath;main:app-android:debugUnitTestRuntimeClasspath;main:app-android:nonMinifiedReleaseCompileClasspath;main:app-android:nonMinifiedReleaseRuntimeClasspath;main:app-android:releaseCompileClasspath;main:app-android:releaseRuntimeClasspath;main:app-wear:debugCompileClasspath;main:app-wear:debugRuntimeClasspath;main:app-wear:debugUnitTestCompileClasspath;main:app-wear:debugUnitTestRuntimeClasspath;main:app-wear:releaseCompileClasspath;main:app-wear:releaseRuntimeClasspath;main:shared:androidCompileClasspath;main:shared:androidHostTestCompileClasspath;main:shared:androidHostTestRuntimeClasspath;main:shared:androidRuntimeClasspath
com.google.android.gms:play-services-wearable	20.0.1	main:app-android:benchmarkReleaseCompileClasspath;main:app-android:benchmarkReleaseRuntimeClasspath;main:app-android:debugAndroidTestCompileClasspath;main:app-android:debugCompileClasspath;main:app-android:debugRuntimeClasspath;main:app-android:debugUnitTestCompileClasspath;main:app-android:debugUnitTestRuntimeClasspath;main:app-android:nonMinifiedReleaseCompileClasspath;main:app-android:nonMinifiedReleaseRuntimeClasspath;main:app-android:releaseCompileClasspath;main:app-android:releaseRuntimeClasspath;main:app-wear:debugAndroidTestCompileClasspath;main:app-wear:debugCompileClasspath;main:app-wear:debugRuntimeClasspath;main:app-wear:debugUnitTestCompileClasspath;main:app-wear:debugUnitTestRuntimeClasspath;main:app-wear:releaseCompileClasspath;main:app-wear:releaseRuntimeClasspath
com.google.android.material:material	1.14.0	main:app-android:benchmarkReleaseCompileClasspath;main:app-android:benchmarkReleaseRuntimeClasspath;main:app-android:debugAndroidTestCompileClasspath;main:app-android:debugCompileClasspath;main:app-android:debugRuntimeClasspath;main:app-android:debugUnitTestCompileClasspath;main:app-android:debugUnitTestRuntimeClasspath;main:app-android:nonMinifiedReleaseCompileClasspath;main:app-android:nonMinifiedReleaseRuntimeClasspath;main:app-android:releaseCompileClasspath;main:app-android:releaseRuntimeClasspath
com.google.android.play:app-update	2.1.0	main:app-android:benchmarkReleaseCompileClasspath;main:app-android:benchmarkReleaseRuntimeClasspath;main:app-android:debugAndroidTestCompileClasspath;main:app-android:debugCompileClasspath;main:app-android:debugRuntimeClasspath;main:app-android:debugUnitTestCompileClasspath;main:app-android:debugUnitTestRuntimeClasspath;main:app-android:nonMinifiedReleaseCompileClasspath;main:app-android:nonMinifiedReleaseRuntimeClasspath;main:app-android:releaseCompileClasspath;main:app-android:releaseRuntimeClasspath
com.google.android.play:app-update-ktx	2.1.0	main:app-android:benchmarkReleaseCompileClasspath;main:app-android:benchmarkReleaseRuntimeClasspath;main:app-android:debugAndroidTestCompileClasspath;main:app-android:debugCompileClasspath;main:app-android:debugRuntimeClasspath;main:app-android:debugUnitTestCompileClasspath;main:app-android:debugUnitTestRuntimeClasspath;main:app-android:nonMinifiedReleaseCompileClasspath;main:app-android:nonMinifiedReleaseRuntimeClasspath;main:app-android:releaseCompileClasspath;main:app-android:releaseRuntimeClasspath
com.google.android.play:core-common	2.0.3	main:app-android:benchmarkReleaseCompileClasspath;main:app-android:benchmarkReleaseRuntimeClasspath;main:app-android:debugAndroidTestCompileClasspath;main:app-android:debugCompileClasspath;main:app-android:debugRuntimeClasspath;main:app-android:debugUnitTestCompileClasspath;main:app-android:debugUnitTestRuntimeClasspath;main:app-android:nonMinifiedReleaseCompileClasspath;main:app-android:nonMinifiedReleaseRuntimeClasspath;main:app-android:releaseCompileClasspath;main:app-android:releaseRuntimeClasspath
com.google.code.findbugs:jsr305	3.0.2	buildSrc::runtimeClasspath;main:app-android:benchmarkReleaseCompileClasspath;main:app-android:benchmarkReleaseRuntimeClasspath;main:app-android:debugAndroidTestCompileClasspath;main:app-android:debugAndroidTestRuntimeClasspath;main:app-android:debugCompileClasspath;main:app-android:debugRuntimeClasspath;main:app-android:debugUnitTestCompileClasspath;main:app-android:debugUnitTestRuntimeClasspath;main:app-android:nonMinifiedReleaseCompileClasspath;main:app-android:nonMinifiedReleaseRuntimeClasspath;main:app-android:releaseCompileClasspath;main:app-android:releaseRuntimeClasspath;main:shared:androidCompileClasspath;main:shared:androidHostTestCompileClasspath;main:shared:androidHostTestRuntimeClasspath;main:shared:androidRuntimeClasspath
com.google.dagger:dagger	2.57.2	main:app-android:benchmarkReleaseRuntimeClasspath;main:app-android:debugRuntimeClasspath;main:app-android:debugUnitTestRuntimeClasspath;main:app-android:nonMinifiedReleaseRuntimeClasspath;main:app-android:releaseRuntimeClasspath;main:app-wear:debugRuntimeClasspath;main:app-wear:debugUnitTestRuntimeClasspath;main:app-wear:releaseRuntimeClasspath;main:shared:androidHostTestRuntimeClasspath;main:shared:androidRuntimeClasspath
com.google.errorprone:error_prone_annotations	2.28.0	main:app-android:benchmarkReleaseCompileClasspath;main:app-android:benchmarkReleaseRuntimeClasspath;main:app-android:debugAndroidTestCompileClasspath;main:app-android:debugAndroidTestRuntimeClasspath;main:app-android:debugCompileClasspath;main:app-android:debugRuntimeClasspath;main:app-android:debugUnitTestCompileClasspath;main:app-android:debugUnitTestRuntimeClasspath;main:app-android:nonMinifiedReleaseCompileClasspath;main:app-android:nonMinifiedReleaseRuntimeClasspath;main:app-android:releaseCompileClasspath;main:app-android:releaseRuntimeClasspath;main:shared:androidCompileClasspath;main:shared:androidHostTestCompileClasspath;main:shared:androidHostTestRuntimeClasspath;main:shared:androidRuntimeClasspath
com.google.errorprone:error_prone_annotations	2.36.0	buildSrc::runtimeClasspath
com.google.errorprone:error_prone_annotations	2.50.0	main:app-wear:debugAndroidTestCompileClasspath;main:app-wear:debugCompileClasspath;main:app-wear:debugRuntimeClasspath;main:app-wear:debugUnitTestCompileClasspath;main:app-wear:debugUnitTestRuntimeClasspath;main:app-wear:releaseCompileClasspath;main:app-wear:releaseRuntimeClasspath
com.google.firebase:firebase-abt	21.1.1	main:app-android:benchmarkReleaseCompileClasspath;main:app-android:benchmarkReleaseRuntimeClasspath;main:app-android:debugAndroidTestCompileClasspath;main:app-android:debugCompileClasspath;main:app-android:debugRuntimeClasspath;main:app-android:debugUnitTestCompileClasspath;main:app-android:debugUnitTestRuntimeClasspath;main:app-android:nonMinifiedReleaseCompileClasspath;main:app-android:nonMinifiedReleaseRuntimeClasspath;main:app-android:releaseCompileClasspath;main:app-android:releaseRuntimeClasspath;main:app-wear:debugRuntimeClasspath;main:app-wear:debugUnitTestRuntimeClasspath;main:app-wear:releaseRuntimeClasspath;main:shared:androidCompileClasspath;main:shared:androidHostTestCompileClasspath;main:shared:androidHostTestRuntimeClasspath;main:shared:androidRuntimeClasspath
com.google.firebase:firebase-analytics	23.2.0	main:app-android:benchmarkReleaseCompileClasspath;main:app-android:benchmarkReleaseRuntimeClasspath;main:app-android:debugAndroidTestCompileClasspath;main:app-android:debugCompileClasspath;main:app-android:debugRuntimeClasspath;main:app-android:debugUnitTestCompileClasspath;main:app-android:debugUnitTestRuntimeClasspath;main:app-android:nonMinifiedReleaseCompileClasspath;main:app-android:nonMinifiedReleaseRuntimeClasspath;main:app-android:releaseCompileClasspath;main:app-android:releaseRuntimeClasspath;main:app-wear:debugRuntimeClasspath;main:app-wear:debugUnitTestRuntimeClasspath;main:app-wear:releaseRuntimeClasspath;main:shared:androidCompileClasspath;main:shared:androidHostTestCompileClasspath;main:shared:androidHostTestRuntimeClasspath;main:shared:androidRuntimeClasspath
com.google.firebase:firebase-annotations	17.0.0	main:app-android:benchmarkReleaseCompileClasspath;main:app-android:benchmarkReleaseRuntimeClasspath;main:app-android:debugAndroidTestCompileClasspath;main:app-android:debugCompileClasspath;main:app-android:debugRuntimeClasspath;main:app-android:debugUnitTestCompileClasspath;main:app-android:debugUnitTestRuntimeClasspath;main:app-android:nonMinifiedReleaseCompileClasspath;main:app-android:nonMinifiedReleaseRuntimeClasspath;main:app-android:releaseCompileClasspath;main:app-android:releaseRuntimeClasspath;main:app-wear:debugRuntimeClasspath;main:app-wear:debugUnitTestRuntimeClasspath;main:app-wear:releaseRuntimeClasspath;main:shared:androidCompileClasspath;main:shared:androidHostTestCompileClasspath;main:shared:androidHostTestRuntimeClasspath;main:shared:androidRuntimeClasspath
com.google.firebase:firebase-bom	34.18.0	main:app-android:benchmarkReleaseCompileClasspath;main:app-android:benchmarkReleaseRuntimeClasspath;main:app-android:debugAndroidTestCompileClasspath;main:app-android:debugCompileClasspath;main:app-android:debugRuntimeClasspath;main:app-android:debugUnitTestCompileClasspath;main:app-android:debugUnitTestRuntimeClasspath;main:app-android:nonMinifiedReleaseCompileClasspath;main:app-android:nonMinifiedReleaseRuntimeClasspath;main:app-android:releaseCompileClasspath;main:app-android:releaseRuntimeClasspath;main:app-wear:debugRuntimeClasspath;main:app-wear:debugUnitTestRuntimeClasspath;main:app-wear:releaseRuntimeClasspath;main:shared:androidCompileClasspath;main:shared:androidHostTestCompileClasspath;main:shared:androidHostTestRuntimeClasspath;main:shared:androidRuntimeClasspath
com.google.firebase:firebase-common	22.2.0	main:app-android:benchmarkReleaseCompileClasspath;main:app-android:benchmarkReleaseRuntimeClasspath;main:app-android:debugAndroidTestCompileClasspath;main:app-android:debugCompileClasspath;main:app-android:debugRuntimeClasspath;main:app-android:debugUnitTestCompileClasspath;main:app-android:debugUnitTestRuntimeClasspath;main:app-android:nonMinifiedReleaseCompileClasspath;main:app-android:nonMinifiedReleaseRuntimeClasspath;main:app-android:releaseCompileClasspath;main:app-android:releaseRuntimeClasspath;main:app-wear:debugRuntimeClasspath;main:app-wear:debugUnitTestRuntimeClasspath;main:app-wear:releaseRuntimeClasspath;main:shared:androidCompileClasspath;main:shared:androidHostTestCompileClasspath;main:shared:androidHostTestRuntimeClasspath;main:shared:androidRuntimeClasspath
com.google.firebase:firebase-components	19.0.0	main:app-android:benchmarkReleaseCompileClasspath;main:app-android:benchmarkReleaseRuntimeClasspath;main:app-android:debugAndroidTestCompileClasspath;main:app-android:debugCompileClasspath;main:app-android:debugRuntimeClasspath;main:app-android:debugUnitTestCompileClasspath;main:app-android:debugUnitTestRuntimeClasspath;main:app-android:nonMinifiedReleaseCompileClasspath;main:app-android:nonMinifiedReleaseRuntimeClasspath;main:app-android:releaseCompileClasspath;main:app-android:releaseRuntimeClasspath;main:app-wear:debugRuntimeClasspath;main:app-wear:debugUnitTestRuntimeClasspath;main:app-wear:releaseRuntimeClasspath;main:shared:androidCompileClasspath;main:shared:androidHostTestCompileClasspath;main:shared:androidHostTestRuntimeClasspath;main:shared:androidRuntimeClasspath
com.google.firebase:firebase-config	23.1.0	main:app-android:benchmarkReleaseCompileClasspath;main:app-android:benchmarkReleaseRuntimeClasspath;main:app-android:debugAndroidTestCompileClasspath;main:app-android:debugCompileClasspath;main:app-android:debugRuntimeClasspath;main:app-android:debugUnitTestCompileClasspath;main:app-android:debugUnitTestRuntimeClasspath;main:app-android:nonMinifiedReleaseCompileClasspath;main:app-android:nonMinifiedReleaseRuntimeClasspath;main:app-android:releaseCompileClasspath;main:app-android:releaseRuntimeClasspath;main:app-wear:debugRuntimeClasspath;main:app-wear:debugUnitTestRuntimeClasspath;main:app-wear:releaseRuntimeClasspath;main:shared:androidCompileClasspath;main:shared:androidHostTestCompileClasspath;main:shared:androidHostTestRuntimeClasspath;main:shared:androidRuntimeClasspath
com.google.firebase:firebase-config-interop	16.0.1	main:app-android:benchmarkReleaseCompileClasspath;main:app-android:benchmarkReleaseRuntimeClasspath;main:app-android:debugAndroidTestCompileClasspath;main:app-android:debugCompileClasspath;main:app-android:debugRuntimeClasspath;main:app-android:debugUnitTestCompileClasspath;main:app-android:debugUnitTestRuntimeClasspath;main:app-android:nonMinifiedReleaseCompileClasspath;main:app-android:nonMinifiedReleaseRuntimeClasspath;main:app-android:releaseCompileClasspath;main:app-android:releaseRuntimeClasspath;main:app-wear:debugRuntimeClasspath;main:app-wear:debugUnitTestRuntimeClasspath;main:app-wear:releaseRuntimeClasspath;main:shared:androidCompileClasspath;main:shared:androidHostTestCompileClasspath;main:shared:androidHostTestRuntimeClasspath;main:shared:androidRuntimeClasspath
com.google.firebase:firebase-crashlytics	20.1.0	main:app-android:benchmarkReleaseCompileClasspath;main:app-android:benchmarkReleaseRuntimeClasspath;main:app-android:debugAndroidTestCompileClasspath;main:app-android:debugCompileClasspath;main:app-android:debugRuntimeClasspath;main:app-android:debugUnitTestCompileClasspath;main:app-android:debugUnitTestRuntimeClasspath;main:app-android:nonMinifiedReleaseCompileClasspath;main:app-android:nonMinifiedReleaseRuntimeClasspath;main:app-android:releaseCompileClasspath;main:app-android:releaseRuntimeClasspath;main:app-wear:debugRuntimeClasspath;main:app-wear:debugUnitTestRuntimeClasspath;main:app-wear:releaseRuntimeClasspath;main:shared:androidCompileClasspath;main:shared:androidHostTestCompileClasspath;main:shared:androidHostTestRuntimeClasspath;main:shared:androidRuntimeClasspath
com.google.firebase:firebase-datatransport	19.0.0	main:app-android:benchmarkReleaseRuntimeClasspath;main:app-android:debugRuntimeClasspath;main:app-android:debugUnitTestRuntimeClasspath;main:app-android:nonMinifiedReleaseRuntimeClasspath;main:app-android:releaseRuntimeClasspath;main:app-wear:debugRuntimeClasspath;main:app-wear:debugUnitTestRuntimeClasspath;main:app-wear:releaseRuntimeClasspath;main:shared:androidHostTestRuntimeClasspath;main:shared:androidRuntimeClasspath
com.google.firebase:firebase-encoders	17.0.0	main:app-android:benchmarkReleaseCompileClasspath;main:app-android:benchmarkReleaseRuntimeClasspath;main:app-android:debugAndroidTestCompileClasspath;main:app-android:debugCompileClasspath;main:app-android:debugRuntimeClasspath;main:app-android:debugUnitTestCompileClasspath;main:app-android:debugUnitTestRuntimeClasspath;main:app-android:nonMinifiedReleaseCompileClasspath;main:app-android:nonMinifiedReleaseRuntimeClasspath;main:app-android:releaseCompileClasspath;main:app-android:releaseRuntimeClasspath;main:app-wear:debugRuntimeClasspath;main:app-wear:debugUnitTestRuntimeClasspath;main:app-wear:releaseRuntimeClasspath;main:shared:androidCompileClasspath;main:shared:androidHostTestCompileClasspath;main:shared:androidHostTestRuntimeClasspath;main:shared:androidRuntimeClasspath
com.google.firebase:firebase-encoders-json	18.0.1	main:app-android:benchmarkReleaseCompileClasspath;main:app-android:benchmarkReleaseRuntimeClasspath;main:app-android:debugAndroidTestCompileClasspath;main:app-android:debugCompileClasspath;main:app-android:debugRuntimeClasspath;main:app-android:debugUnitTestCompileClasspath;main:app-android:debugUnitTestRuntimeClasspath;main:app-android:nonMinifiedReleaseCompileClasspath;main:app-android:nonMinifiedReleaseRuntimeClasspath;main:app-android:releaseCompileClasspath;main:app-android:releaseRuntimeClasspath;main:app-wear:debugRuntimeClasspath;main:app-wear:debugUnitTestRuntimeClasspath;main:app-wear:releaseRuntimeClasspath;main:shared:androidCompileClasspath;main:shared:androidHostTestCompileClasspath;main:shared:androidHostTestRuntimeClasspath;main:shared:androidRuntimeClasspath
com.google.firebase:firebase-encoders-proto	16.0.0	main:app-android:benchmarkReleaseRuntimeClasspath;main:app-android:debugRuntimeClasspath;main:app-android:debugUnitTestRuntimeClasspath;main:app-android:nonMinifiedReleaseRuntimeClasspath;main:app-android:releaseRuntimeClasspath;main:app-wear:debugRuntimeClasspath;main:app-wear:debugUnitTestRuntimeClasspath;main:app-wear:releaseRuntimeClasspath;main:shared:androidCompileClasspath;main:shared:androidHostTestCompileClasspath;main:shared:androidHostTestRuntimeClasspath;main:shared:androidRuntimeClasspath
com.google.firebase:firebase-installations	19.1.2	main:app-android:benchmarkReleaseCompileClasspath;main:app-android:benchmarkReleaseRuntimeClasspath;main:app-android:debugAndroidTestCompileClasspath;main:app-android:debugCompileClasspath;main:app-android:debugRuntimeClasspath;main:app-android:debugUnitTestCompileClasspath;main:app-android:debugUnitTestRuntimeClasspath;main:app-android:nonMinifiedReleaseCompileClasspath;main:app-android:nonMinifiedReleaseRuntimeClasspath;main:app-android:releaseCompileClasspath;main:app-android:releaseRuntimeClasspath;main:app-wear:debugRuntimeClasspath;main:app-wear:debugUnitTestRuntimeClasspath;main:app-wear:releaseRuntimeClasspath;main:shared:androidCompileClasspath;main:shared:androidHostTestCompileClasspath;main:shared:androidHostTestRuntimeClasspath;main:shared:androidRuntimeClasspath
com.google.firebase:firebase-installations-interop	17.3.0	main:app-android:benchmarkReleaseCompileClasspath;main:app-android:benchmarkReleaseRuntimeClasspath;main:app-android:debugAndroidTestCompileClasspath;main:app-android:debugCompileClasspath;main:app-android:debugRuntimeClasspath;main:app-android:debugUnitTestCompileClasspath;main:app-android:debugUnitTestRuntimeClasspath;main:app-android:nonMinifiedReleaseCompileClasspath;main:app-android:nonMinifiedReleaseRuntimeClasspath;main:app-android:releaseCompileClasspath;main:app-android:releaseRuntimeClasspath;main:app-wear:debugRuntimeClasspath;main:app-wear:debugUnitTestRuntimeClasspath;main:app-wear:releaseRuntimeClasspath;main:shared:androidCompileClasspath;main:shared:androidHostTestCompileClasspath;main:shared:androidHostTestRuntimeClasspath;main:shared:androidRuntimeClasspath
com.google.firebase:firebase-measurement-connector	20.0.1	main:app-android:benchmarkReleaseCompileClasspath;main:app-android:benchmarkReleaseRuntimeClasspath;main:app-android:debugAndroidTestCompileClasspath;main:app-android:debugCompileClasspath;main:app-android:debugRuntimeClasspath;main:app-android:debugUnitTestCompileClasspath;main:app-android:debugUnitTestRuntimeClasspath;main:app-android:nonMinifiedReleaseCompileClasspath;main:app-android:nonMinifiedReleaseRuntimeClasspath;main:app-android:releaseCompileClasspath;main:app-android:releaseRuntimeClasspath;main:app-wear:debugRuntimeClasspath;main:app-wear:debugUnitTestRuntimeClasspath;main:app-wear:releaseRuntimeClasspath;main:shared:androidCompileClasspath;main:shared:androidHostTestCompileClasspath;main:shared:androidHostTestRuntimeClasspath;main:shared:androidRuntimeClasspath
com.google.firebase:firebase-perf	22.0.6	main:app-android:benchmarkReleaseCompileClasspath;main:app-android:benchmarkReleaseRuntimeClasspath;main:app-android:debugAndroidTestCompileClasspath;main:app-android:debugCompileClasspath;main:app-android:debugRuntimeClasspath;main:app-android:debugUnitTestCompileClasspath;main:app-android:debugUnitTestRuntimeClasspath;main:app-android:nonMinifiedReleaseCompileClasspath;main:app-android:nonMinifiedReleaseRuntimeClasspath;main:app-android:releaseCompileClasspath;main:app-android:releaseRuntimeClasspath;main:app-wear:debugRuntimeClasspath;main:app-wear:debugUnitTestRuntimeClasspath;main:app-wear:releaseRuntimeClasspath;main:shared:androidCompileClasspath;main:shared:androidHostTestCompileClasspath;main:shared:androidHostTestRuntimeClasspath;main:shared:androidRuntimeClasspath
com.google.firebase:firebase-sessions	3.0.7	main:app-android:benchmarkReleaseCompileClasspath;main:app-android:benchmarkReleaseRuntimeClasspath;main:app-android:debugAndroidTestCompileClasspath;main:app-android:debugCompileClasspath;main:app-android:debugRuntimeClasspath;main:app-android:debugUnitTestCompileClasspath;main:app-android:debugUnitTestRuntimeClasspath;main:app-android:nonMinifiedReleaseCompileClasspath;main:app-android:nonMinifiedReleaseRuntimeClasspath;main:app-android:releaseCompileClasspath;main:app-android:releaseRuntimeClasspath;main:app-wear:debugRuntimeClasspath;main:app-wear:debugUnitTestRuntimeClasspath;main:app-wear:releaseRuntimeClasspath;main:shared:androidCompileClasspath;main:shared:androidHostTestCompileClasspath;main:shared:androidHostTestRuntimeClasspath;main:shared:androidRuntimeClasspath
com.google.firebase:protolite-well-known-types	18.0.1	main:app-android:benchmarkReleaseCompileClasspath;main:app-android:benchmarkReleaseRuntimeClasspath;main:app-android:debugAndroidTestCompileClasspath;main:app-android:debugCompileClasspath;main:app-android:debugRuntimeClasspath;main:app-android:debugUnitTestCompileClasspath;main:app-android:debugUnitTestRuntimeClasspath;main:app-android:nonMinifiedReleaseCompileClasspath;main:app-android:nonMinifiedReleaseRuntimeClasspath;main:app-android:releaseCompileClasspath;main:app-android:releaseRuntimeClasspath;main:app-wear:debugRuntimeClasspath;main:app-wear:debugUnitTestRuntimeClasspath;main:app-wear:releaseRuntimeClasspath;main:shared:androidCompileClasspath;main:shared:androidHostTestCompileClasspath;main:shared:androidHostTestRuntimeClasspath;main:shared:androidRuntimeClasspath
com.google.guava:failureaccess	1.0.2	buildSrc::runtimeClasspath;main:app-android:benchmarkReleaseCompileClasspath;main:app-android:benchmarkReleaseRuntimeClasspath;main:app-android:debugAndroidTestCompileClasspath;main:app-android:debugAndroidTestRuntimeClasspath;main:app-android:debugCompileClasspath;main:app-android:debugRuntimeClasspath;main:app-android:debugUnitTestCompileClasspath;main:app-android:debugUnitTestRuntimeClasspath;main:app-android:nonMinifiedReleaseCompileClasspath;main:app-android:nonMinifiedReleaseRuntimeClasspath;main:app-android:releaseCompileClasspath;main:app-android:releaseRuntimeClasspath;main:shared:androidCompileClasspath;main:shared:androidHostTestCompileClasspath;main:shared:androidHostTestRuntimeClasspath;main:shared:androidRuntimeClasspath
com.google.guava:failureaccess	1.0.3	main:app-wear:debugAndroidTestCompileClasspath;main:app-wear:debugCompileClasspath;main:app-wear:debugRuntimeClasspath;main:app-wear:debugUnitTestCompileClasspath;main:app-wear:debugUnitTestRuntimeClasspath;main:app-wear:releaseCompileClasspath;main:app-wear:releaseRuntimeClasspath
com.google.guava:guava	33.3.1-android	main:app-android:benchmarkReleaseCompileClasspath;main:app-android:benchmarkReleaseRuntimeClasspath;main:app-android:debugAndroidTestCompileClasspath;main:app-android:debugAndroidTestRuntimeClasspath;main:app-android:debugCompileClasspath;main:app-android:debugRuntimeClasspath;main:app-android:debugUnitTestCompileClasspath;main:app-android:debugUnitTestRuntimeClasspath;main:app-android:nonMinifiedReleaseCompileClasspath;main:app-android:nonMinifiedReleaseRuntimeClasspath;main:app-android:releaseCompileClasspath;main:app-android:releaseRuntimeClasspath;main:shared:androidCompileClasspath;main:shared:androidHostTestCompileClasspath;main:shared:androidHostTestRuntimeClasspath;main:shared:androidRuntimeClasspath
com.google.guava:guava	33.4.0-jre	buildSrc::runtimeClasspath
com.google.guava:guava	33.7.1-android	main:app-wear:debugAndroidTestCompileClasspath;main:app-wear:debugCompileClasspath;main:app-wear:debugRuntimeClasspath;main:app-wear:debugUnitTestCompileClasspath;main:app-wear:debugUnitTestRuntimeClasspath;main:app-wear:releaseCompileClasspath;main:app-wear:releaseRuntimeClasspath
com.google.guava:listenablefuture	1.0	main:baselineprofile:benchmarkReleaseCompileClasspath;main:baselineprofile:benchmarkReleaseRuntimeClasspath;main:baselineprofile:nonMinifiedReleaseCompileClasspath;main:baselineprofile:nonMinifiedReleaseRuntimeClasspath
com.google.guava:listenablefuture	9999.0-empty-to-avoid-conflict-with-guava	buildSrc::runtimeClasspath;main:app-android:benchmarkReleaseCompileClasspath;main:app-android:benchmarkReleaseRuntimeClasspath;main:app-android:debugAndroidTestCompileClasspath;main:app-android:debugAndroidTestRuntimeClasspath;main:app-android:debugCompileClasspath;main:app-android:debugRuntimeClasspath;main:app-android:debugUnitTestCompileClasspath;main:app-android:debugUnitTestRuntimeClasspath;main:app-android:nonMinifiedReleaseCompileClasspath;main:app-android:nonMinifiedReleaseRuntimeClasspath;main:app-android:releaseCompileClasspath;main:app-android:releaseRuntimeClasspath;main:app-wear:debugAndroidTestCompileClasspath;main:app-wear:debugCompileClasspath;main:app-wear:debugRuntimeClasspath;main:app-wear:debugUnitTestCompileClasspath;main:app-wear:debugUnitTestRuntimeClasspath;main:app-wear:releaseCompileClasspath;main:app-wear:releaseRuntimeClasspath;main:shared:androidCompileClasspath;main:shared:androidHostTestCompileClasspath;main:shared:androidHostTestRuntimeClasspath;main:shared:androidRuntimeClasspath
com.google.j2objc:j2objc-annotations	3.0.0	buildSrc::runtimeClasspath;main:app-android:benchmarkReleaseCompileClasspath;main:app-android:benchmarkReleaseRuntimeClasspath;main:app-android:debugAndroidTestCompileClasspath;main:app-android:debugCompileClasspath;main:app-android:debugRuntimeClasspath;main:app-android:debugUnitTestCompileClasspath;main:app-android:debugUnitTestRuntimeClasspath;main:app-android:nonMinifiedReleaseCompileClasspath;main:app-android:nonMinifiedReleaseRuntimeClasspath;main:app-android:releaseCompileClasspath;main:app-android:releaseRuntimeClasspath;main:shared:androidCompileClasspath;main:shared:androidHostTestCompileClasspath;main:shared:androidHostTestRuntimeClasspath;main:shared:androidRuntimeClasspath
com.google.j2objc:j2objc-annotations	3.1	main:app-wear:debugAndroidTestCompileClasspath;main:app-wear:debugCompileClasspath;main:app-wear:debugRuntimeClasspath;main:app-wear:debugUnitTestCompileClasspath;main:app-wear:debugUnitTestRuntimeClasspath;main:app-wear:releaseCompileClasspath;main:app-wear:releaseRuntimeClasspath
com.google.mlkit:common	18.11.0	main:app-android:benchmarkReleaseRuntimeClasspath;main:app-android:debugRuntimeClasspath;main:app-android:debugUnitTestRuntimeClasspath;main:app-android:nonMinifiedReleaseRuntimeClasspath;main:app-android:releaseRuntimeClasspath;main:app-wear:debugRuntimeClasspath;main:app-wear:debugUnitTestRuntimeClasspath;main:app-wear:releaseRuntimeClasspath;main:shared:androidCompileClasspath;main:shared:androidHostTestCompileClasspath;main:shared:androidHostTestRuntimeClasspath;main:shared:androidRuntimeClasspath
com.google.mlkit:genai-common	1.0.0-beta4	main:app-android:benchmarkReleaseRuntimeClasspath;main:app-android:debugRuntimeClasspath;main:app-android:debugUnitTestRuntimeClasspath;main:app-android:nonMinifiedReleaseRuntimeClasspath;main:app-android:releaseRuntimeClasspath;main:app-wear:debugRuntimeClasspath;main:app-wear:debugUnitTestRuntimeClasspath;main:app-wear:releaseRuntimeClasspath;main:shared:androidCompileClasspath;main:shared:androidHostTestCompileClasspath;main:shared:androidHostTestRuntimeClasspath;main:shared:androidRuntimeClasspath
com.google.mlkit:genai-prompt	1.0.0-beta4	main:app-android:benchmarkReleaseRuntimeClasspath;main:app-android:debugRuntimeClasspath;main:app-android:debugUnitTestRuntimeClasspath;main:app-android:nonMinifiedReleaseRuntimeClasspath;main:app-android:releaseRuntimeClasspath;main:app-wear:debugRuntimeClasspath;main:app-wear:debugUnitTestRuntimeClasspath;main:app-wear:releaseRuntimeClasspath;main:shared:androidCompileClasspath;main:shared:androidHostTestCompileClasspath;main:shared:androidHostTestRuntimeClasspath;main:shared:androidRuntimeClasspath
com.google.mlkit:genai-schema	1.0.0-alpha1	main:app-android:benchmarkReleaseRuntimeClasspath;main:app-android:debugRuntimeClasspath;main:app-android:debugUnitTestRuntimeClasspath;main:app-android:nonMinifiedReleaseRuntimeClasspath;main:app-android:releaseRuntimeClasspath;main:app-wear:debugRuntimeClasspath;main:app-wear:debugUnitTestRuntimeClasspath;main:app-wear:releaseRuntimeClasspath;main:shared:androidCompileClasspath;main:shared:androidHostTestCompileClasspath;main:shared:androidHostTestRuntimeClasspath;main:shared:androidRuntimeClasspath
com.google.mlkit:genai-summarization	1.0.0-beta1	main:app-android:benchmarkReleaseRuntimeClasspath;main:app-android:debugRuntimeClasspath;main:app-android:debugUnitTestRuntimeClasspath;main:app-android:nonMinifiedReleaseRuntimeClasspath;main:app-android:releaseRuntimeClasspath;main:app-wear:debugRuntimeClasspath;main:app-wear:debugUnitTestRuntimeClasspath;main:app-wear:releaseRuntimeClasspath;main:shared:androidCompileClasspath;main:shared:androidHostTestCompileClasspath;main:shared:androidHostTestRuntimeClasspath;main:shared:androidRuntimeClasspath
com.google.protobuf:protobuf-java	3.25.5	buildSrc::runtimeClasspath
com.google.protobuf:protobuf-javalite	3.25.5	main:app-android:benchmarkReleaseRuntimeClasspath;main:app-android:debugRuntimeClasspath;main:app-android:debugUnitTestRuntimeClasspath;main:app-android:nonMinifiedReleaseRuntimeClasspath;main:app-android:releaseRuntimeClasspath;main:app-wear:debugRuntimeClasspath;main:app-wear:debugUnitTestRuntimeClasspath;main:app-wear:releaseRuntimeClasspath;main:shared:androidHostTestRuntimeClasspath;main:shared:androidRuntimeClasspath
com.squareup.moshi:moshi	1.13.0	main:baselineprofile:benchmarkReleaseRuntimeClasspath;main:baselineprofile:nonMinifiedReleaseRuntimeClasspath
com.squareup.okhttp3:okhttp	5.3.2	main:app-android:benchmarkReleaseCompileClasspath;main:app-android:benchmarkReleaseRuntimeClasspath;main:app-android:debugAndroidTestCompileClasspath;main:app-android:debugCompileClasspath;main:app-android:debugRuntimeClasspath;main:app-android:debugUnitTestCompileClasspath;main:app-android:debugUnitTestRuntimeClasspath;main:app-android:nonMinifiedReleaseCompileClasspath;main:app-android:nonMinifiedReleaseRuntimeClasspath;main:app-android:releaseCompileClasspath;main:app-android:releaseRuntimeClasspath;main:app-wear:debugRuntimeClasspath;main:app-wear:debugUnitTestRuntimeClasspath;main:app-wear:releaseRuntimeClasspath;main:shared:androidCompileClasspath;main:shared:androidHostTestCompileClasspath;main:shared:androidHostTestRuntimeClasspath;main:shared:androidRuntimeClasspath;main:shared:composeHotReloadDevJvmDevRuntimeClasspath;main:shared:composeHotReloadDevJvmRuntimeClasspath;main:shared:composeHotReloadDevJvmTestRuntimeClasspath;main:shared:jvmCompileClasspath;main:shared:jvmDevCompileClasspath;main:shared:jvmDevRuntimeClasspath;main:shared:jvmMainCompileClasspath;main:shared:jvmMainRuntimeClasspath;main:shared:jvmRuntimeClasspath;main:shared:jvmTestCompileClasspath;main:shared:jvmTestRuntimeClasspath
com.squareup.okhttp3:okhttp-android	5.3.2	main:app-android:benchmarkReleaseCompileClasspath;main:app-android:benchmarkReleaseRuntimeClasspath;main:app-android:debugAndroidTestCompileClasspath;main:app-android:debugCompileClasspath;main:app-android:debugRuntimeClasspath;main:app-android:debugUnitTestCompileClasspath;main:app-android:debugUnitTestRuntimeClasspath;main:app-android:nonMinifiedReleaseCompileClasspath;main:app-android:nonMinifiedReleaseRuntimeClasspath;main:app-android:releaseCompileClasspath;main:app-android:releaseRuntimeClasspath;main:app-wear:debugRuntimeClasspath;main:app-wear:debugUnitTestRuntimeClasspath;main:app-wear:releaseRuntimeClasspath;main:shared:androidCompileClasspath;main:shared:androidHostTestCompileClasspath;main:shared:androidHostTestRuntimeClasspath;main:shared:androidRuntimeClasspath
com.squareup.okhttp3:okhttp-jvm	5.3.2	main:shared:composeHotReloadDevJvmDevRuntimeClasspath;main:shared:composeHotReloadDevJvmRuntimeClasspath;main:shared:composeHotReloadDevJvmTestRuntimeClasspath;main:shared:jvmCompileClasspath;main:shared:jvmDevCompileClasspath;main:shared:jvmDevRuntimeClasspath;main:shared:jvmMainCompileClasspath;main:shared:jvmMainRuntimeClasspath;main:shared:jvmRuntimeClasspath;main:shared:jvmTestCompileClasspath;main:shared:jvmTestRuntimeClasspath
com.squareup.okio:okio	3.18.1	main:app-android:benchmarkReleaseCompileClasspath;main:app-android:benchmarkReleaseRuntimeClasspath;main:app-android:debugAndroidTestCompileClasspath;main:app-android:debugAndroidTestRuntimeClasspath;main:app-android:debugCompileClasspath;main:app-android:debugRuntimeClasspath;main:app-android:debugUnitTestCompileClasspath;main:app-android:debugUnitTestRuntimeClasspath;main:app-android:nonMinifiedReleaseCompileClasspath;main:app-android:nonMinifiedReleaseRuntimeClasspath;main:app-android:releaseCompileClasspath;main:app-android:releaseRuntimeClasspath;main:app-wear:debugRuntimeClasspath;main:app-wear:debugUnitTestRuntimeClasspath;main:app-wear:releaseRuntimeClasspath;main:shared:androidCompileClasspath;main:shared:androidHostTestCompileClasspath;main:shared:androidHostTestRuntimeClasspath;main:shared:androidRuntimeClasspath;main:shared:commonMainResolvableDependenciesMetadata;main:shared:commonTestResolvableDependenciesMetadata;main:shared:composeHotReloadDevJvmDevRuntimeClasspath;main:shared:composeHotReloadDevJvmRuntimeClasspath;main:shared:composeHotReloadDevJvmTestRuntimeClasspath;main:shared:iosArm64CompileKlibraries;main:shared:iosSimulatorArm64TestCompileKlibraries;main:shared:jvmCompileClasspath;main:shared:jvmDevCompileClasspath;main:shared:jvmDevRuntimeClasspath;main:shared:jvmMainCompileClasspath;main:shared:jvmMainRuntimeClasspath;main:shared:jvmRuntimeClasspath;main:shared:jvmTestCompileClasspath;main:shared:jvmTestRuntimeClasspath;main:shared:metadataAppleMainCompileClasspath;main:shared:metadataCommonMainCompileClasspath;main:shared:metadataCompileClasspath;main:shared:metadataIosMainCompileClasspath;main:shared:metadataNativeMainCompileClasspath
com.squareup.okio:okio	3.9.1	main:baselineprofile:benchmarkReleaseCompileClasspath;main:baselineprofile:benchmarkReleaseRuntimeClasspath;main:baselineprofile:nonMinifiedReleaseCompileClasspath;main:baselineprofile:nonMinifiedReleaseRuntimeClasspath
com.squareup.okio:okio-iosarm64	3.18.1	main:shared:iosArm64CompileKlibraries
com.squareup.okio:okio-iossimulatorarm64	3.18.1	main:shared:iosSimulatorArm64TestCompileKlibraries
com.squareup.okio:okio-jvm	3.18.1	main:app-android:benchmarkReleaseCompileClasspath;main:app-android:benchmarkReleaseRuntimeClasspath;main:app-android:debugAndroidTestCompileClasspath;main:app-android:debugAndroidTestRuntimeClasspath;main:app-android:debugCompileClasspath;main:app-android:debugRuntimeClasspath;main:app-android:debugUnitTestCompileClasspath;main:app-android:debugUnitTestRuntimeClasspath;main:app-android:nonMinifiedReleaseCompileClasspath;main:app-android:nonMinifiedReleaseRuntimeClasspath;main:app-android:releaseCompileClasspath;main:app-android:releaseRuntimeClasspath;main:app-wear:debugRuntimeClasspath;main:app-wear:debugUnitTestRuntimeClasspath;main:app-wear:releaseRuntimeClasspath;main:shared:androidCompileClasspath;main:shared:androidHostTestCompileClasspath;main:shared:androidHostTestRuntimeClasspath;main:shared:androidRuntimeClasspath;main:shared:composeHotReloadDevJvmDevRuntimeClasspath;main:shared:composeHotReloadDevJvmRuntimeClasspath;main:shared:composeHotReloadDevJvmTestRuntimeClasspath;main:shared:jvmCompileClasspath;main:shared:jvmDevCompileClasspath;main:shared:jvmDevRuntimeClasspath;main:shared:jvmMainCompileClasspath;main:shared:jvmMainRuntimeClasspath;main:shared:jvmRuntimeClasspath;main:shared:jvmTestCompileClasspath;main:shared:jvmTestRuntimeClasspath
com.squareup.okio:okio-jvm	3.9.1	main:baselineprofile:benchmarkReleaseCompileClasspath;main:baselineprofile:benchmarkReleaseRuntimeClasspath;main:baselineprofile:nonMinifiedReleaseCompileClasspath;main:baselineprofile:nonMinifiedReleaseRuntimeClasspath
com.squareup.wire:wire-runtime	5.2.1	main:baselineprofile:benchmarkReleaseCompileClasspath;main:baselineprofile:benchmarkReleaseRuntimeClasspath;main:baselineprofile:nonMinifiedReleaseCompileClasspath;main:baselineprofile:nonMinifiedReleaseRuntimeClasspath
com.squareup.wire:wire-runtime-jvm	5.2.1	main:baselineprofile:benchmarkReleaseCompileClasspath;main:baselineprofile:benchmarkReleaseRuntimeClasspath;main:baselineprofile:nonMinifiedReleaseCompileClasspath;main:baselineprofile:nonMinifiedReleaseRuntimeClasspath
io.coil-kt.coil3:coil	3.6.2	main:app-android:benchmarkReleaseRuntimeClasspath;main:app-android:debugAndroidTestCompileClasspath;main:app-android:debugAndroidTestRuntimeClasspath;main:app-android:debugRuntimeClasspath;main:app-android:debugUnitTestRuntimeClasspath;main:app-android:nonMinifiedReleaseRuntimeClasspath;main:app-android:releaseRuntimeClasspath;main:app-wear:debugRuntimeClasspath;main:app-wear:debugUnitTestRuntimeClasspath;main:app-wear:releaseRuntimeClasspath;main:shared:androidCompileClasspath;main:shared:androidHostTestCompileClasspath;main:shared:androidHostTestRuntimeClasspath;main:shared:androidRuntimeClasspath;main:shared:commonMainResolvableDependenciesMetadata;main:shared:commonTestResolvableDependenciesMetadata;main:shared:composeHotReloadDevJvmDevRuntimeClasspath;main:shared:composeHotReloadDevJvmRuntimeClasspath;main:shared:composeHotReloadDevJvmTestRuntimeClasspath;main:shared:iosArm64CompileKlibraries;main:shared:iosSimulatorArm64TestCompileKlibraries;main:shared:jvmCompileClasspath;main:shared:jvmDevCompileClasspath;main:shared:jvmDevRuntimeClasspath;main:shared:jvmMainCompileClasspath;main:shared:jvmMainRuntimeClasspath;main:shared:jvmRuntimeClasspath;main:shared:jvmTestCompileClasspath;main:shared:jvmTestRuntimeClasspath;main:shared:metadataAppleMainCompileClasspath;main:shared:metadataCommonMainCompileClasspath;main:shared:metadataCompileClasspath;main:shared:metadataIosMainCompileClasspath;main:shared:metadataNativeMainCompileClasspath
io.coil-kt.coil3:coil-android	3.6.2	main:app-android:benchmarkReleaseRuntimeClasspath;main:app-android:debugAndroidTestCompileClasspath;main:app-android:debugAndroidTestRuntimeClasspath;main:app-android:debugRuntimeClasspath;main:app-android:debugUnitTestRuntimeClasspath;main:app-android:nonMinifiedReleaseRuntimeClasspath;main:app-android:releaseRuntimeClasspath;main:app-wear:debugRuntimeClasspath;main:app-wear:debugUnitTestRuntimeClasspath;main:app-wear:releaseRuntimeClasspath;main:shared:androidCompileClasspath;main:shared:androidHostTestCompileClasspath;main:shared:androidHostTestRuntimeClasspath;main:shared:androidRuntimeClasspath
io.coil-kt.coil3:coil-compose	3.6.2	main:app-android:benchmarkReleaseRuntimeClasspath;main:app-android:debugAndroidTestCompileClasspath;main:app-android:debugAndroidTestRuntimeClasspath;main:app-android:debugRuntimeClasspath;main:app-android:debugUnitTestRuntimeClasspath;main:app-android:nonMinifiedReleaseRuntimeClasspath;main:app-android:releaseRuntimeClasspath;main:app-wear:debugRuntimeClasspath;main:app-wear:debugUnitTestRuntimeClasspath;main:app-wear:releaseRuntimeClasspath;main:shared:androidCompileClasspath;main:shared:androidHostTestCompileClasspath;main:shared:androidHostTestRuntimeClasspath;main:shared:androidRuntimeClasspath;main:shared:commonMainResolvableDependenciesMetadata;main:shared:commonTestResolvableDependenciesMetadata;main:shared:composeHotReloadDevJvmDevRuntimeClasspath;main:shared:composeHotReloadDevJvmRuntimeClasspath;main:shared:composeHotReloadDevJvmTestRuntimeClasspath;main:shared:iosArm64CompileKlibraries;main:shared:iosSimulatorArm64TestCompileKlibraries;main:shared:jvmCompileClasspath;main:shared:jvmDevCompileClasspath;main:shared:jvmDevRuntimeClasspath;main:shared:jvmMainCompileClasspath;main:shared:jvmMainRuntimeClasspath;main:shared:jvmRuntimeClasspath;main:shared:jvmTestCompileClasspath;main:shared:jvmTestRuntimeClasspath;main:shared:metadataAppleMainCompileClasspath;main:shared:metadataCommonMainCompileClasspath;main:shared:metadataCompileClasspath;main:shared:metadataIosMainCompileClasspath;main:shared:metadataNativeMainCompileClasspath
io.coil-kt.coil3:coil-compose-android	3.6.2	main:app-android:benchmarkReleaseRuntimeClasspath;main:app-android:debugAndroidTestCompileClasspath;main:app-android:debugAndroidTestRuntimeClasspath;main:app-android:debugRuntimeClasspath;main:app-android:debugUnitTestRuntimeClasspath;main:app-android:nonMinifiedReleaseRuntimeClasspath;main:app-android:releaseRuntimeClasspath;main:app-wear:debugRuntimeClasspath;main:app-wear:debugUnitTestRuntimeClasspath;main:app-wear:releaseRuntimeClasspath;main:shared:androidCompileClasspath;main:shared:androidHostTestCompileClasspath;main:shared:androidHostTestRuntimeClasspath;main:shared:androidRuntimeClasspath
io.coil-kt.coil3:coil-compose-core	3.6.2	main:app-android:benchmarkReleaseRuntimeClasspath;main:app-android:debugAndroidTestCompileClasspath;main:app-android:debugAndroidTestRuntimeClasspath;main:app-android:debugRuntimeClasspath;main:app-android:debugUnitTestRuntimeClasspath;main:app-android:nonMinifiedReleaseRuntimeClasspath;main:app-android:releaseRuntimeClasspath;main:app-wear:debugRuntimeClasspath;main:app-wear:debugUnitTestRuntimeClasspath;main:app-wear:releaseRuntimeClasspath;main:shared:androidCompileClasspath;main:shared:androidHostTestCompileClasspath;main:shared:androidHostTestRuntimeClasspath;main:shared:androidRuntimeClasspath;main:shared:commonMainResolvableDependenciesMetadata;main:shared:commonTestResolvableDependenciesMetadata;main:shared:composeHotReloadDevJvmDevRuntimeClasspath;main:shared:composeHotReloadDevJvmRuntimeClasspath;main:shared:composeHotReloadDevJvmTestRuntimeClasspath;main:shared:iosArm64CompileKlibraries;main:shared:iosSimulatorArm64TestCompileKlibraries;main:shared:jvmCompileClasspath;main:shared:jvmDevCompileClasspath;main:shared:jvmDevRuntimeClasspath;main:shared:jvmMainCompileClasspath;main:shared:jvmMainRuntimeClasspath;main:shared:jvmRuntimeClasspath;main:shared:jvmTestCompileClasspath;main:shared:jvmTestRuntimeClasspath;main:shared:metadataAppleMainCompileClasspath;main:shared:metadataCommonMainCompileClasspath;main:shared:metadataCompileClasspath;main:shared:metadataIosMainCompileClasspath;main:shared:metadataNativeMainCompileClasspath
io.coil-kt.coil3:coil-compose-core-android	3.6.2	main:app-android:benchmarkReleaseRuntimeClasspath;main:app-android:debugAndroidTestCompileClasspath;main:app-android:debugAndroidTestRuntimeClasspath;main:app-android:debugRuntimeClasspath;main:app-android:debugUnitTestRuntimeClasspath;main:app-android:nonMinifiedReleaseRuntimeClasspath;main:app-android:releaseRuntimeClasspath;main:app-wear:debugRuntimeClasspath;main:app-wear:debugUnitTestRuntimeClasspath;main:app-wear:releaseRuntimeClasspath;main:shared:androidCompileClasspath;main:shared:androidHostTestCompileClasspath;main:shared:androidHostTestRuntimeClasspath;main:shared:androidRuntimeClasspath
io.coil-kt.coil3:coil-compose-core-iosarm64	3.6.2	main:shared:iosArm64CompileKlibraries
io.coil-kt.coil3:coil-compose-core-iossimulatorarm64	3.6.2	main:shared:iosSimulatorArm64TestCompileKlibraries
io.coil-kt.coil3:coil-compose-core-jvm	3.6.2	main:shared:composeHotReloadDevJvmDevRuntimeClasspath;main:shared:composeHotReloadDevJvmRuntimeClasspath;main:shared:composeHotReloadDevJvmTestRuntimeClasspath;main:shared:jvmCompileClasspath;main:shared:jvmDevCompileClasspath;main:shared:jvmDevRuntimeClasspath;main:shared:jvmMainCompileClasspath;main:shared:jvmMainRuntimeClasspath;main:shared:jvmRuntimeClasspath;main:shared:jvmTestCompileClasspath;main:shared:jvmTestRuntimeClasspath
io.coil-kt.coil3:coil-compose-iosarm64	3.6.2	main:shared:iosArm64CompileKlibraries
io.coil-kt.coil3:coil-compose-iossimulatorarm64	3.6.2	main:shared:iosSimulatorArm64TestCompileKlibraries
io.coil-kt.coil3:coil-compose-jvm	3.6.2	main:shared:composeHotReloadDevJvmDevRuntimeClasspath;main:shared:composeHotReloadDevJvmRuntimeClasspath;main:shared:composeHotReloadDevJvmTestRuntimeClasspath;main:shared:jvmCompileClasspath;main:shared:jvmDevCompileClasspath;main:shared:jvmDevRuntimeClasspath;main:shared:jvmMainCompileClasspath;main:shared:jvmMainRuntimeClasspath;main:shared:jvmRuntimeClasspath;main:shared:jvmTestCompileClasspath;main:shared:jvmTestRuntimeClasspath
io.coil-kt.coil3:coil-core	3.6.2	main:app-android:benchmarkReleaseRuntimeClasspath;main:app-android:debugAndroidTestCompileClasspath;main:app-android:debugAndroidTestRuntimeClasspath;main:app-android:debugRuntimeClasspath;main:app-android:debugUnitTestRuntimeClasspath;main:app-android:nonMinifiedReleaseRuntimeClasspath;main:app-android:releaseRuntimeClasspath;main:app-wear:debugRuntimeClasspath;main:app-wear:debugUnitTestRuntimeClasspath;main:app-wear:releaseRuntimeClasspath;main:shared:androidCompileClasspath;main:shared:androidHostTestCompileClasspath;main:shared:androidHostTestRuntimeClasspath;main:shared:androidRuntimeClasspath;main:shared:commonMainResolvableDependenciesMetadata;main:shared:commonTestResolvableDependenciesMetadata;main:shared:composeHotReloadDevJvmDevRuntimeClasspath;main:shared:composeHotReloadDevJvmRuntimeClasspath;main:shared:composeHotReloadDevJvmTestRuntimeClasspath;main:shared:iosArm64CompileKlibraries;main:shared:iosSimulatorArm64TestCompileKlibraries;main:shared:jvmCompileClasspath;main:shared:jvmDevCompileClasspath;main:shared:jvmDevRuntimeClasspath;main:shared:jvmMainCompileClasspath;main:shared:jvmMainRuntimeClasspath;main:shared:jvmRuntimeClasspath;main:shared:jvmTestCompileClasspath;main:shared:jvmTestRuntimeClasspath;main:shared:metadataAppleMainCompileClasspath;main:shared:metadataCommonMainCompileClasspath;main:shared:metadataCompileClasspath;main:shared:metadataIosMainCompileClasspath;main:shared:metadataNativeMainCompileClasspath
io.coil-kt.coil3:coil-core-android	3.6.2	main:app-android:benchmarkReleaseRuntimeClasspath;main:app-android:debugAndroidTestCompileClasspath;main:app-android:debugAndroidTestRuntimeClasspath;main:app-android:debugRuntimeClasspath;main:app-android:debugUnitTestRuntimeClasspath;main:app-android:nonMinifiedReleaseRuntimeClasspath;main:app-android:releaseRuntimeClasspath;main:app-wear:debugRuntimeClasspath;main:app-wear:debugUnitTestRuntimeClasspath;main:app-wear:releaseRuntimeClasspath;main:shared:androidCompileClasspath;main:shared:androidHostTestCompileClasspath;main:shared:androidHostTestRuntimeClasspath;main:shared:androidRuntimeClasspath
io.coil-kt.coil3:coil-core-iosarm64	3.6.2	main:shared:iosArm64CompileKlibraries
io.coil-kt.coil3:coil-core-iossimulatorarm64	3.6.2	main:shared:iosSimulatorArm64TestCompileKlibraries
io.coil-kt.coil3:coil-core-jvm	3.6.2	main:shared:composeHotReloadDevJvmDevRuntimeClasspath;main:shared:composeHotReloadDevJvmRuntimeClasspath;main:shared:composeHotReloadDevJvmTestRuntimeClasspath;main:shared:jvmCompileClasspath;main:shared:jvmDevCompileClasspath;main:shared:jvmDevRuntimeClasspath;main:shared:jvmMainCompileClasspath;main:shared:jvmMainRuntimeClasspath;main:shared:jvmRuntimeClasspath;main:shared:jvmTestCompileClasspath;main:shared:jvmTestRuntimeClasspath
io.coil-kt.coil3:coil-gif	3.6.2	main:app-android:benchmarkReleaseRuntimeClasspath;main:app-android:debugRuntimeClasspath;main:app-android:debugUnitTestRuntimeClasspath;main:app-android:nonMinifiedReleaseRuntimeClasspath;main:app-android:releaseRuntimeClasspath;main:app-wear:debugRuntimeClasspath;main:app-wear:debugUnitTestRuntimeClasspath;main:app-wear:releaseRuntimeClasspath;main:shared:androidCompileClasspath;main:shared:androidHostTestCompileClasspath;main:shared:androidHostTestRuntimeClasspath;main:shared:androidRuntimeClasspath
io.coil-kt.coil3:coil-iosarm64	3.6.2	main:shared:iosArm64CompileKlibraries
io.coil-kt.coil3:coil-iossimulatorarm64	3.6.2	main:shared:iosSimulatorArm64TestCompileKlibraries
io.coil-kt.coil3:coil-jvm	3.6.2	main:shared:composeHotReloadDevJvmDevRuntimeClasspath;main:shared:composeHotReloadDevJvmRuntimeClasspath;main:shared:composeHotReloadDevJvmTestRuntimeClasspath;main:shared:jvmCompileClasspath;main:shared:jvmDevCompileClasspath;main:shared:jvmDevRuntimeClasspath;main:shared:jvmMainCompileClasspath;main:shared:jvmMainRuntimeClasspath;main:shared:jvmRuntimeClasspath;main:shared:jvmTestCompileClasspath;main:shared:jvmTestRuntimeClasspath
io.coil-kt.coil3:coil-network-core	3.6.2	main:app-android:benchmarkReleaseRuntimeClasspath;main:app-android:debugAndroidTestCompileClasspath;main:app-android:debugAndroidTestRuntimeClasspath;main:app-android:debugRuntimeClasspath;main:app-android:debugUnitTestRuntimeClasspath;main:app-android:nonMinifiedReleaseRuntimeClasspath;main:app-android:releaseRuntimeClasspath;main:app-wear:debugRuntimeClasspath;main:app-wear:debugUnitTestRuntimeClasspath;main:app-wear:releaseRuntimeClasspath;main:shared:androidCompileClasspath;main:shared:androidHostTestCompileClasspath;main:shared:androidHostTestRuntimeClasspath;main:shared:androidRuntimeClasspath;main:shared:commonMainResolvableDependenciesMetadata;main:shared:commonTestResolvableDependenciesMetadata;main:shared:composeHotReloadDevJvmDevRuntimeClasspath;main:shared:composeHotReloadDevJvmRuntimeClasspath;main:shared:composeHotReloadDevJvmTestRuntimeClasspath;main:shared:iosArm64CompileKlibraries;main:shared:iosSimulatorArm64TestCompileKlibraries;main:shared:jvmCompileClasspath;main:shared:jvmDevCompileClasspath;main:shared:jvmDevRuntimeClasspath;main:shared:jvmMainCompileClasspath;main:shared:jvmMainRuntimeClasspath;main:shared:jvmRuntimeClasspath;main:shared:jvmTestCompileClasspath;main:shared:jvmTestRuntimeClasspath;main:shared:metadataAppleMainCompileClasspath;main:shared:metadataCommonMainCompileClasspath;main:shared:metadataCompileClasspath;main:shared:metadataIosMainCompileClasspath;main:shared:metadataNativeMainCompileClasspath
io.coil-kt.coil3:coil-network-core-android	3.6.2	main:app-android:benchmarkReleaseRuntimeClasspath;main:app-android:debugAndroidTestCompileClasspath;main:app-android:debugAndroidTestRuntimeClasspath;main:app-android:debugRuntimeClasspath;main:app-android:debugUnitTestRuntimeClasspath;main:app-android:nonMinifiedReleaseRuntimeClasspath;main:app-android:releaseRuntimeClasspath;main:app-wear:debugRuntimeClasspath;main:app-wear:debugUnitTestRuntimeClasspath;main:app-wear:releaseRuntimeClasspath;main:shared:androidCompileClasspath;main:shared:androidHostTestCompileClasspath;main:shared:androidHostTestRuntimeClasspath;main:shared:androidRuntimeClasspath
io.coil-kt.coil3:coil-network-core-iosarm64	3.6.2	main:shared:iosArm64CompileKlibraries
io.coil-kt.coil3:coil-network-core-iossimulatorarm64	3.6.2	main:shared:iosSimulatorArm64TestCompileKlibraries
io.coil-kt.coil3:coil-network-core-jvm	3.6.2	main:shared:composeHotReloadDevJvmDevRuntimeClasspath;main:shared:composeHotReloadDevJvmRuntimeClasspath;main:shared:composeHotReloadDevJvmTestRuntimeClasspath;main:shared:jvmCompileClasspath;main:shared:jvmDevCompileClasspath;main:shared:jvmDevRuntimeClasspath;main:shared:jvmMainCompileClasspath;main:shared:jvmMainRuntimeClasspath;main:shared:jvmRuntimeClasspath;main:shared:jvmTestCompileClasspath;main:shared:jvmTestRuntimeClasspath
io.coil-kt.coil3:coil-network-ktor3	3.6.2	main:app-android:benchmarkReleaseRuntimeClasspath;main:app-android:debugAndroidTestCompileClasspath;main:app-android:debugAndroidTestRuntimeClasspath;main:app-android:debugRuntimeClasspath;main:app-android:debugUnitTestRuntimeClasspath;main:app-android:nonMinifiedReleaseRuntimeClasspath;main:app-android:releaseRuntimeClasspath;main:app-wear:debugRuntimeClasspath;main:app-wear:debugUnitTestRuntimeClasspath;main:app-wear:releaseRuntimeClasspath;main:shared:androidCompileClasspath;main:shared:androidHostTestCompileClasspath;main:shared:androidHostTestRuntimeClasspath;main:shared:androidRuntimeClasspath;main:shared:commonMainResolvableDependenciesMetadata;main:shared:commonTestResolvableDependenciesMetadata;main:shared:composeHotReloadDevJvmDevRuntimeClasspath;main:shared:composeHotReloadDevJvmRuntimeClasspath;main:shared:composeHotReloadDevJvmTestRuntimeClasspath;main:shared:iosArm64CompileKlibraries;main:shared:iosSimulatorArm64TestCompileKlibraries;main:shared:jvmCompileClasspath;main:shared:jvmDevCompileClasspath;main:shared:jvmDevRuntimeClasspath;main:shared:jvmMainCompileClasspath;main:shared:jvmMainRuntimeClasspath;main:shared:jvmRuntimeClasspath;main:shared:jvmTestCompileClasspath;main:shared:jvmTestRuntimeClasspath;main:shared:metadataAppleMainCompileClasspath;main:shared:metadataCommonMainCompileClasspath;main:shared:metadataCompileClasspath;main:shared:metadataIosMainCompileClasspath;main:shared:metadataNativeMainCompileClasspath
io.coil-kt.coil3:coil-network-ktor3-android	3.6.2	main:app-android:benchmarkReleaseRuntimeClasspath;main:app-android:debugAndroidTestCompileClasspath;main:app-android:debugAndroidTestRuntimeClasspath;main:app-android:debugRuntimeClasspath;main:app-android:debugUnitTestRuntimeClasspath;main:app-android:nonMinifiedReleaseRuntimeClasspath;main:app-android:releaseRuntimeClasspath;main:app-wear:debugRuntimeClasspath;main:app-wear:debugUnitTestRuntimeClasspath;main:app-wear:releaseRuntimeClasspath;main:shared:androidCompileClasspath;main:shared:androidHostTestCompileClasspath;main:shared:androidHostTestRuntimeClasspath;main:shared:androidRuntimeClasspath
io.coil-kt.coil3:coil-network-ktor3-iosarm64	3.6.2	main:shared:iosArm64CompileKlibraries
io.coil-kt.coil3:coil-network-ktor3-iossimulatorarm64	3.6.2	main:shared:iosSimulatorArm64TestCompileKlibraries
io.coil-kt.coil3:coil-network-ktor3-jvm	3.6.2	main:shared:composeHotReloadDevJvmDevRuntimeClasspath;main:shared:composeHotReloadDevJvmRuntimeClasspath;main:shared:composeHotReloadDevJvmTestRuntimeClasspath;main:shared:jvmCompileClasspath;main:shared:jvmDevCompileClasspath;main:shared:jvmDevRuntimeClasspath;main:shared:jvmMainCompileClasspath;main:shared:jvmMainRuntimeClasspath;main:shared:jvmRuntimeClasspath;main:shared:jvmTestCompileClasspath;main:shared:jvmTestRuntimeClasspath
io.coil-kt.coil3:coil-video	3.6.2	main:app-android:benchmarkReleaseRuntimeClasspath;main:app-android:debugRuntimeClasspath;main:app-android:debugUnitTestRuntimeClasspath;main:app-android:nonMinifiedReleaseRuntimeClasspath;main:app-android:releaseRuntimeClasspath;main:app-wear:debugRuntimeClasspath;main:app-wear:debugUnitTestRuntimeClasspath;main:app-wear:releaseRuntimeClasspath;main:shared:androidCompileClasspath;main:shared:androidHostTestCompileClasspath;main:shared:androidHostTestRuntimeClasspath;main:shared:androidRuntimeClasspath
io.coil-kt:coil	2.7.0	main:app-android:benchmarkReleaseCompileClasspath;main:app-android:benchmarkReleaseRuntimeClasspath;main:app-android:debugAndroidTestCompileClasspath;main:app-android:debugCompileClasspath;main:app-android:debugRuntimeClasspath;main:app-android:debugUnitTestCompileClasspath;main:app-android:debugUnitTestRuntimeClasspath;main:app-android:nonMinifiedReleaseCompileClasspath;main:app-android:nonMinifiedReleaseRuntimeClasspath;main:app-android:releaseCompileClasspath;main:app-android:releaseRuntimeClasspath
io.coil-kt:coil-base	2.7.0	main:app-android:benchmarkReleaseCompileClasspath;main:app-android:benchmarkReleaseRuntimeClasspath;main:app-android:debugAndroidTestCompileClasspath;main:app-android:debugCompileClasspath;main:app-android:debugRuntimeClasspath;main:app-android:debugUnitTestCompileClasspath;main:app-android:debugUnitTestRuntimeClasspath;main:app-android:nonMinifiedReleaseCompileClasspath;main:app-android:nonMinifiedReleaseRuntimeClasspath;main:app-android:releaseCompileClasspath;main:app-android:releaseRuntimeClasspath
io.coil-kt:coil-compose	2.7.0	main:app-android:benchmarkReleaseCompileClasspath;main:app-android:benchmarkReleaseRuntimeClasspath;main:app-android:debugAndroidTestCompileClasspath;main:app-android:debugCompileClasspath;main:app-android:debugRuntimeClasspath;main:app-android:debugUnitTestCompileClasspath;main:app-android:debugUnitTestRuntimeClasspath;main:app-android:nonMinifiedReleaseCompileClasspath;main:app-android:nonMinifiedReleaseRuntimeClasspath;main:app-android:releaseCompileClasspath;main:app-android:releaseRuntimeClasspath
io.coil-kt:coil-compose-base	2.7.0	main:app-android:benchmarkReleaseCompileClasspath;main:app-android:benchmarkReleaseRuntimeClasspath;main:app-android:debugAndroidTestCompileClasspath;main:app-android:debugCompileClasspath;main:app-android:debugRuntimeClasspath;main:app-android:debugUnitTestCompileClasspath;main:app-android:debugUnitTestRuntimeClasspath;main:app-android:nonMinifiedReleaseCompileClasspath;main:app-android:nonMinifiedReleaseRuntimeClasspath;main:app-android:releaseCompileClasspath;main:app-android:releaseRuntimeClasspath
io.ktor:ktor-client-core	3.5.2	main:app-android:benchmarkReleaseCompileClasspath;main:app-android:benchmarkReleaseRuntimeClasspath;main:app-android:debugAndroidTestCompileClasspath;main:app-android:debugAndroidTestRuntimeClasspath;main:app-android:debugCompileClasspath;main:app-android:debugRuntimeClasspath;main:app-android:debugUnitTestCompileClasspath;main:app-android:debugUnitTestRuntimeClasspath;main:app-android:nonMinifiedReleaseCompileClasspath;main:app-android:nonMinifiedReleaseRuntimeClasspath;main:app-android:releaseCompileClasspath;main:app-android:releaseRuntimeClasspath;main:app-wear:debugRuntimeClasspath;main:app-wear:debugUnitTestRuntimeClasspath;main:app-wear:releaseRuntimeClasspath;main:shared:androidCompileClasspath;main:shared:androidHostTestCompileClasspath;main:shared:androidHostTestRuntimeClasspath;main:shared:androidRuntimeClasspath;main:shared:commonMainResolvableDependenciesMetadata;main:shared:commonTestResolvableDependenciesMetadata;main:shared:composeHotReloadDevJvmDevRuntimeClasspath;main:shared:composeHotReloadDevJvmRuntimeClasspath;main:shared:composeHotReloadDevJvmTestRuntimeClasspath;main:shared:iosArm64CompileKlibraries;main:shared:iosSimulatorArm64TestCompileKlibraries;main:shared:jvmCompileClasspath;main:shared:jvmDevCompileClasspath;main:shared:jvmDevRuntimeClasspath;main:shared:jvmMainCompileClasspath;main:shared:jvmMainRuntimeClasspath;main:shared:jvmRuntimeClasspath;main:shared:jvmTestCompileClasspath;main:shared:jvmTestRuntimeClasspath;main:shared:metadataAppleMainCompileClasspath;main:shared:metadataCommonMainCompileClasspath;main:shared:metadataCompileClasspath;main:shared:metadataIosMainCompileClasspath;main:shared:metadataNativeMainCompileClasspath
io.ktor:ktor-client-core-iosarm64	3.5.2	main:shared:iosArm64CompileKlibraries
io.ktor:ktor-client-core-iossimulatorarm64	3.5.2	main:shared:iosSimulatorArm64TestCompileKlibraries
io.ktor:ktor-client-core-jvm	3.5.2	main:app-android:benchmarkReleaseCompileClasspath;main:app-android:benchmarkReleaseRuntimeClasspath;main:app-android:debugAndroidTestCompileClasspath;main:app-android:debugAndroidTestRuntimeClasspath;main:app-android:debugCompileClasspath;main:app-android:debugRuntimeClasspath;main:app-android:debugUnitTestCompileClasspath;main:app-android:debugUnitTestRuntimeClasspath;main:app-android:nonMinifiedReleaseCompileClasspath;main:app-android:nonMinifiedReleaseRuntimeClasspath;main:app-android:releaseCompileClasspath;main:app-android:releaseRuntimeClasspath;main:app-wear:debugRuntimeClasspath;main:app-wear:debugUnitTestRuntimeClasspath;main:app-wear:releaseRuntimeClasspath;main:shared:androidCompileClasspath;main:shared:androidHostTestCompileClasspath;main:shared:androidHostTestRuntimeClasspath;main:shared:androidRuntimeClasspath;main:shared:composeHotReloadDevJvmDevRuntimeClasspath;main:shared:composeHotReloadDevJvmRuntimeClasspath;main:shared:composeHotReloadDevJvmTestRuntimeClasspath;main:shared:jvmCompileClasspath;main:shared:jvmDevCompileClasspath;main:shared:jvmDevRuntimeClasspath;main:shared:jvmMainCompileClasspath;main:shared:jvmMainRuntimeClasspath;main:shared:jvmRuntimeClasspath;main:shared:jvmTestCompileClasspath;main:shared:jvmTestRuntimeClasspath
io.ktor:ktor-client-darwin	3.5.2	main:shared:iosArm64CompileKlibraries;main:shared:iosSimulatorArm64TestCompileKlibraries;main:shared:metadataIosMainCompileClasspath
io.ktor:ktor-client-darwin-iosarm64	3.5.2	main:shared:iosArm64CompileKlibraries
io.ktor:ktor-client-darwin-iossimulatorarm64	3.5.2	main:shared:iosSimulatorArm64TestCompileKlibraries
io.ktor:ktor-client-mock	3.5.2	main:app-android:debugAndroidTestCompileClasspath;main:app-android:debugAndroidTestRuntimeClasspath;main:app-android:debugUnitTestCompileClasspath;main:app-android:debugUnitTestRuntimeClasspath;main:shared:androidHostTestCompileClasspath;main:shared:androidHostTestRuntimeClasspath;main:shared:commonTestResolvableDependenciesMetadata;main:shared:composeHotReloadDevJvmTestRuntimeClasspath;main:shared:iosSimulatorArm64TestCompileKlibraries;main:shared:jvmTestCompileClasspath;main:shared:jvmTestRuntimeClasspath
io.ktor:ktor-client-mock-iossimulatorarm64	3.5.2	main:shared:iosSimulatorArm64TestCompileKlibraries
io.ktor:ktor-client-mock-jvm	3.5.2	main:app-android:debugAndroidTestCompileClasspath;main:app-android:debugAndroidTestRuntimeClasspath;main:app-android:debugUnitTestCompileClasspath;main:app-android:debugUnitTestRuntimeClasspath;main:shared:androidHostTestCompileClasspath;main:shared:androidHostTestRuntimeClasspath;main:shared:composeHotReloadDevJvmTestRuntimeClasspath;main:shared:jvmTestCompileClasspath;main:shared:jvmTestRuntimeClasspath
io.ktor:ktor-client-okhttp	3.5.2	main:app-android:benchmarkReleaseCompileClasspath;main:app-android:benchmarkReleaseRuntimeClasspath;main:app-android:debugAndroidTestCompileClasspath;main:app-android:debugCompileClasspath;main:app-android:debugRuntimeClasspath;main:app-android:debugUnitTestCompileClasspath;main:app-android:debugUnitTestRuntimeClasspath;main:app-android:nonMinifiedReleaseCompileClasspath;main:app-android:nonMinifiedReleaseRuntimeClasspath;main:app-android:releaseCompileClasspath;main:app-android:releaseRuntimeClasspath;main:app-wear:debugRuntimeClasspath;main:app-wear:debugUnitTestRuntimeClasspath;main:app-wear:releaseRuntimeClasspath;main:shared:androidCompileClasspath;main:shared:androidHostTestCompileClasspath;main:shared:androidHostTestRuntimeClasspath;main:shared:androidRuntimeClasspath;main:shared:composeHotReloadDevJvmDevRuntimeClasspath;main:shared:composeHotReloadDevJvmRuntimeClasspath;main:shared:composeHotReloadDevJvmTestRuntimeClasspath;main:shared:jvmCompileClasspath;main:shared:jvmDevCompileClasspath;main:shared:jvmDevRuntimeClasspath;main:shared:jvmMainCompileClasspath;main:shared:jvmMainRuntimeClasspath;main:shared:jvmRuntimeClasspath;main:shared:jvmTestCompileClasspath;main:shared:jvmTestRuntimeClasspath
io.ktor:ktor-client-okhttp-jvm	3.5.2	main:app-android:benchmarkReleaseCompileClasspath;main:app-android:benchmarkReleaseRuntimeClasspath;main:app-android:debugAndroidTestCompileClasspath;main:app-android:debugCompileClasspath;main:app-android:debugRuntimeClasspath;main:app-android:debugUnitTestCompileClasspath;main:app-android:debugUnitTestRuntimeClasspath;main:app-android:nonMinifiedReleaseCompileClasspath;main:app-android:nonMinifiedReleaseRuntimeClasspath;main:app-android:releaseCompileClasspath;main:app-android:releaseRuntimeClasspath;main:app-wear:debugRuntimeClasspath;main:app-wear:debugUnitTestRuntimeClasspath;main:app-wear:releaseRuntimeClasspath;main:shared:androidCompileClasspath;main:shared:androidHostTestCompileClasspath;main:shared:androidHostTestRuntimeClasspath;main:shared:androidRuntimeClasspath;main:shared:composeHotReloadDevJvmDevRuntimeClasspath;main:shared:composeHotReloadDevJvmRuntimeClasspath;main:shared:composeHotReloadDevJvmTestRuntimeClasspath;main:shared:jvmCompileClasspath;main:shared:jvmDevCompileClasspath;main:shared:jvmDevRuntimeClasspath;main:shared:jvmMainCompileClasspath;main:shared:jvmMainRuntimeClasspath;main:shared:jvmRuntimeClasspath;main:shared:jvmTestCompileClasspath;main:shared:jvmTestRuntimeClasspath
io.ktor:ktor-events	3.5.2	main:app-android:benchmarkReleaseCompileClasspath;main:app-android:benchmarkReleaseRuntimeClasspath;main:app-android:debugAndroidTestCompileClasspath;main:app-android:debugAndroidTestRuntimeClasspath;main:app-android:debugCompileClasspath;main:app-android:debugRuntimeClasspath;main:app-android:debugUnitTestCompileClasspath;main:app-android:debugUnitTestRuntimeClasspath;main:app-android:nonMinifiedReleaseCompileClasspath;main:app-android:nonMinifiedReleaseRuntimeClasspath;main:app-android:releaseCompileClasspath;main:app-android:releaseRuntimeClasspath;main:app-wear:debugRuntimeClasspath;main:app-wear:debugUnitTestRuntimeClasspath;main:app-wear:releaseRuntimeClasspath;main:shared:androidCompileClasspath;main:shared:androidHostTestCompileClasspath;main:shared:androidHostTestRuntimeClasspath;main:shared:androidRuntimeClasspath;main:shared:commonMainResolvableDependenciesMetadata;main:shared:commonTestResolvableDependenciesMetadata;main:shared:composeHotReloadDevJvmDevRuntimeClasspath;main:shared:composeHotReloadDevJvmRuntimeClasspath;main:shared:composeHotReloadDevJvmTestRuntimeClasspath;main:shared:iosArm64CompileKlibraries;main:shared:iosSimulatorArm64TestCompileKlibraries;main:shared:jvmCompileClasspath;main:shared:jvmDevCompileClasspath;main:shared:jvmDevRuntimeClasspath;main:shared:jvmMainCompileClasspath;main:shared:jvmMainRuntimeClasspath;main:shared:jvmRuntimeClasspath;main:shared:jvmTestCompileClasspath;main:shared:jvmTestRuntimeClasspath;main:shared:metadataAppleMainCompileClasspath;main:shared:metadataCommonMainCompileClasspath;main:shared:metadataCompileClasspath;main:shared:metadataIosMainCompileClasspath;main:shared:metadataNativeMainCompileClasspath
io.ktor:ktor-events-iosarm64	3.5.2	main:shared:iosArm64CompileKlibraries
io.ktor:ktor-events-iossimulatorarm64	3.5.2	main:shared:iosSimulatorArm64TestCompileKlibraries
io.ktor:ktor-events-jvm	3.5.2	main:app-android:benchmarkReleaseCompileClasspath;main:app-android:benchmarkReleaseRuntimeClasspath;main:app-android:debugAndroidTestCompileClasspath;main:app-android:debugAndroidTestRuntimeClasspath;main:app-android:debugCompileClasspath;main:app-android:debugRuntimeClasspath;main:app-android:debugUnitTestCompileClasspath;main:app-android:debugUnitTestRuntimeClasspath;main:app-android:nonMinifiedReleaseCompileClasspath;main:app-android:nonMinifiedReleaseRuntimeClasspath;main:app-android:releaseCompileClasspath;main:app-android:releaseRuntimeClasspath;main:app-wear:debugRuntimeClasspath;main:app-wear:debugUnitTestRuntimeClasspath;main:app-wear:releaseRuntimeClasspath;main:shared:androidCompileClasspath;main:shared:androidHostTestCompileClasspath;main:shared:androidHostTestRuntimeClasspath;main:shared:androidRuntimeClasspath;main:shared:composeHotReloadDevJvmDevRuntimeClasspath;main:shared:composeHotReloadDevJvmRuntimeClasspath;main:shared:composeHotReloadDevJvmTestRuntimeClasspath;main:shared:jvmCompileClasspath;main:shared:jvmDevCompileClasspath;main:shared:jvmDevRuntimeClasspath;main:shared:jvmMainCompileClasspath;main:shared:jvmMainRuntimeClasspath;main:shared:jvmRuntimeClasspath;main:shared:jvmTestCompileClasspath;main:shared:jvmTestRuntimeClasspath
io.ktor:ktor-http	3.5.2	main:app-android:benchmarkReleaseCompileClasspath;main:app-android:benchmarkReleaseRuntimeClasspath;main:app-android:debugAndroidTestCompileClasspath;main:app-android:debugAndroidTestRuntimeClasspath;main:app-android:debugCompileClasspath;main:app-android:debugRuntimeClasspath;main:app-android:debugUnitTestCompileClasspath;main:app-android:debugUnitTestRuntimeClasspath;main:app-android:nonMinifiedReleaseCompileClasspath;main:app-android:nonMinifiedReleaseRuntimeClasspath;main:app-android:releaseCompileClasspath;main:app-android:releaseRuntimeClasspath;main:app-wear:debugRuntimeClasspath;main:app-wear:debugUnitTestRuntimeClasspath;main:app-wear:releaseRuntimeClasspath;main:shared:androidCompileClasspath;main:shared:androidHostTestCompileClasspath;main:shared:androidHostTestRuntimeClasspath;main:shared:androidRuntimeClasspath;main:shared:commonMainResolvableDependenciesMetadata;main:shared:commonTestResolvableDependenciesMetadata;main:shared:composeHotReloadDevJvmDevRuntimeClasspath;main:shared:composeHotReloadDevJvmRuntimeClasspath;main:shared:composeHotReloadDevJvmTestRuntimeClasspath;main:shared:iosArm64CompileKlibraries;main:shared:iosSimulatorArm64TestCompileKlibraries;main:shared:jvmCompileClasspath;main:shared:jvmDevCompileClasspath;main:shared:jvmDevRuntimeClasspath;main:shared:jvmMainCompileClasspath;main:shared:jvmMainRuntimeClasspath;main:shared:jvmRuntimeClasspath;main:shared:jvmTestCompileClasspath;main:shared:jvmTestRuntimeClasspath;main:shared:metadataAppleMainCompileClasspath;main:shared:metadataCommonMainCompileClasspath;main:shared:metadataCompileClasspath;main:shared:metadataIosMainCompileClasspath;main:shared:metadataNativeMainCompileClasspath
io.ktor:ktor-http-cio	3.5.2	main:app-android:benchmarkReleaseCompileClasspath;main:app-android:benchmarkReleaseRuntimeClasspath;main:app-android:debugAndroidTestCompileClasspath;main:app-android:debugAndroidTestRuntimeClasspath;main:app-android:debugCompileClasspath;main:app-android:debugRuntimeClasspath;main:app-android:debugUnitTestCompileClasspath;main:app-android:debugUnitTestRuntimeClasspath;main:app-android:nonMinifiedReleaseCompileClasspath;main:app-android:nonMinifiedReleaseRuntimeClasspath;main:app-android:releaseCompileClasspath;main:app-android:releaseRuntimeClasspath;main:app-wear:debugRuntimeClasspath;main:app-wear:debugUnitTestRuntimeClasspath;main:app-wear:releaseRuntimeClasspath;main:shared:androidCompileClasspath;main:shared:androidHostTestCompileClasspath;main:shared:androidHostTestRuntimeClasspath;main:shared:androidRuntimeClasspath;main:shared:commonMainResolvableDependenciesMetadata;main:shared:commonTestResolvableDependenciesMetadata;main:shared:composeHotReloadDevJvmDevRuntimeClasspath;main:shared:composeHotReloadDevJvmRuntimeClasspath;main:shared:composeHotReloadDevJvmTestRuntimeClasspath;main:shared:iosArm64CompileKlibraries;main:shared:iosSimulatorArm64TestCompileKlibraries;main:shared:jvmCompileClasspath;main:shared:jvmDevCompileClasspath;main:shared:jvmDevRuntimeClasspath;main:shared:jvmMainCompileClasspath;main:shared:jvmMainRuntimeClasspath;main:shared:jvmRuntimeClasspath;main:shared:jvmTestCompileClasspath;main:shared:jvmTestRuntimeClasspath;main:shared:metadataAppleMainCompileClasspath;main:shared:metadataCommonMainCompileClasspath;main:shared:metadataCompileClasspath;main:shared:metadataIosMainCompileClasspath;main:shared:metadataNativeMainCompileClasspath
io.ktor:ktor-http-cio-iosarm64	3.5.2	main:shared:iosArm64CompileKlibraries
io.ktor:ktor-http-cio-iossimulatorarm64	3.5.2	main:shared:iosSimulatorArm64TestCompileKlibraries
io.ktor:ktor-http-cio-jvm	3.5.2	main:app-android:benchmarkReleaseCompileClasspath;main:app-android:benchmarkReleaseRuntimeClasspath;main:app-android:debugAndroidTestCompileClasspath;main:app-android:debugAndroidTestRuntimeClasspath;main:app-android:debugCompileClasspath;main:app-android:debugRuntimeClasspath;main:app-android:debugUnitTestCompileClasspath;main:app-android:debugUnitTestRuntimeClasspath;main:app-android:nonMinifiedReleaseCompileClasspath;main:app-android:nonMinifiedReleaseRuntimeClasspath;main:app-android:releaseCompileClasspath;main:app-android:releaseRuntimeClasspath;main:app-wear:debugRuntimeClasspath;main:app-wear:debugUnitTestRuntimeClasspath;main:app-wear:releaseRuntimeClasspath;main:shared:androidCompileClasspath;main:shared:androidHostTestCompileClasspath;main:shared:androidHostTestRuntimeClasspath;main:shared:androidRuntimeClasspath;main:shared:composeHotReloadDevJvmDevRuntimeClasspath;main:shared:composeHotReloadDevJvmRuntimeClasspath;main:shared:composeHotReloadDevJvmTestRuntimeClasspath;main:shared:jvmCompileClasspath;main:shared:jvmDevCompileClasspath;main:shared:jvmDevRuntimeClasspath;main:shared:jvmMainCompileClasspath;main:shared:jvmMainRuntimeClasspath;main:shared:jvmRuntimeClasspath;main:shared:jvmTestCompileClasspath;main:shared:jvmTestRuntimeClasspath
io.ktor:ktor-http-iosarm64	3.5.2	main:shared:iosArm64CompileKlibraries
io.ktor:ktor-http-iossimulatorarm64	3.5.2	main:shared:iosSimulatorArm64TestCompileKlibraries
io.ktor:ktor-http-jvm	3.5.2	main:app-android:benchmarkReleaseCompileClasspath;main:app-android:benchmarkReleaseRuntimeClasspath;main:app-android:debugAndroidTestCompileClasspath;main:app-android:debugAndroidTestRuntimeClasspath;main:app-android:debugCompileClasspath;main:app-android:debugRuntimeClasspath;main:app-android:debugUnitTestCompileClasspath;main:app-android:debugUnitTestRuntimeClasspath;main:app-android:nonMinifiedReleaseCompileClasspath;main:app-android:nonMinifiedReleaseRuntimeClasspath;main:app-android:releaseCompileClasspath;main:app-android:releaseRuntimeClasspath;main:app-wear:debugRuntimeClasspath;main:app-wear:debugUnitTestRuntimeClasspath;main:app-wear:releaseRuntimeClasspath;main:shared:androidCompileClasspath;main:shared:androidHostTestCompileClasspath;main:shared:androidHostTestRuntimeClasspath;main:shared:androidRuntimeClasspath;main:shared:composeHotReloadDevJvmDevRuntimeClasspath;main:shared:composeHotReloadDevJvmRuntimeClasspath;main:shared:composeHotReloadDevJvmTestRuntimeClasspath;main:shared:jvmCompileClasspath;main:shared:jvmDevCompileClasspath;main:shared:jvmDevRuntimeClasspath;main:shared:jvmMainCompileClasspath;main:shared:jvmMainRuntimeClasspath;main:shared:jvmRuntimeClasspath;main:shared:jvmTestCompileClasspath;main:shared:jvmTestRuntimeClasspath
io.ktor:ktor-io	3.5.2	main:app-android:benchmarkReleaseCompileClasspath;main:app-android:benchmarkReleaseRuntimeClasspath;main:app-android:debugAndroidTestCompileClasspath;main:app-android:debugAndroidTestRuntimeClasspath;main:app-android:debugCompileClasspath;main:app-android:debugRuntimeClasspath;main:app-android:debugUnitTestCompileClasspath;main:app-android:debugUnitTestRuntimeClasspath;main:app-android:nonMinifiedReleaseCompileClasspath;main:app-android:nonMinifiedReleaseRuntimeClasspath;main:app-android:releaseCompileClasspath;main:app-android:releaseRuntimeClasspath;main:app-wear:debugRuntimeClasspath;main:app-wear:debugUnitTestRuntimeClasspath;main:app-wear:releaseRuntimeClasspath;main:shared:androidCompileClasspath;main:shared:androidHostTestCompileClasspath;main:shared:androidHostTestRuntimeClasspath;main:shared:androidRuntimeClasspath;main:shared:commonMainResolvableDependenciesMetadata;main:shared:commonTestResolvableDependenciesMetadata;main:shared:composeHotReloadDevJvmDevRuntimeClasspath;main:shared:composeHotReloadDevJvmRuntimeClasspath;main:shared:composeHotReloadDevJvmTestRuntimeClasspath;main:shared:iosArm64CompileKlibraries;main:shared:iosSimulatorArm64TestCompileKlibraries;main:shared:jvmCompileClasspath;main:shared:jvmDevCompileClasspath;main:shared:jvmDevRuntimeClasspath;main:shared:jvmMainCompileClasspath;main:shared:jvmMainRuntimeClasspath;main:shared:jvmRuntimeClasspath;main:shared:jvmTestCompileClasspath;main:shared:jvmTestRuntimeClasspath;main:shared:metadataAppleMainCompileClasspath;main:shared:metadataCommonMainCompileClasspath;main:shared:metadataCompileClasspath;main:shared:metadataIosMainCompileClasspath;main:shared:metadataNativeMainCompileClasspath
io.ktor:ktor-io-iosarm64	3.5.2	main:shared:iosArm64CompileKlibraries
io.ktor:ktor-io-iossimulatorarm64	3.5.2	main:shared:iosSimulatorArm64TestCompileKlibraries
io.ktor:ktor-io-jvm	3.5.2	main:app-android:benchmarkReleaseCompileClasspath;main:app-android:benchmarkReleaseRuntimeClasspath;main:app-android:debugAndroidTestCompileClasspath;main:app-android:debugAndroidTestRuntimeClasspath;main:app-android:debugCompileClasspath;main:app-android:debugRuntimeClasspath;main:app-android:debugUnitTestCompileClasspath;main:app-android:debugUnitTestRuntimeClasspath;main:app-android:nonMinifiedReleaseCompileClasspath;main:app-android:nonMinifiedReleaseRuntimeClasspath;main:app-android:releaseCompileClasspath;main:app-android:releaseRuntimeClasspath;main:app-wear:debugRuntimeClasspath;main:app-wear:debugUnitTestRuntimeClasspath;main:app-wear:releaseRuntimeClasspath;main:shared:androidCompileClasspath;main:shared:androidHostTestCompileClasspath;main:shared:androidHostTestRuntimeClasspath;main:shared:androidRuntimeClasspath;main:shared:composeHotReloadDevJvmDevRuntimeClasspath;main:shared:composeHotReloadDevJvmRuntimeClasspath;main:shared:composeHotReloadDevJvmTestRuntimeClasspath;main:shared:jvmCompileClasspath;main:shared:jvmDevCompileClasspath;main:shared:jvmDevRuntimeClasspath;main:shared:jvmMainCompileClasspath;main:shared:jvmMainRuntimeClasspath;main:shared:jvmRuntimeClasspath;main:shared:jvmTestCompileClasspath;main:shared:jvmTestRuntimeClasspath
io.ktor:ktor-network	3.5.2	main:app-android:benchmarkReleaseCompileClasspath;main:app-android:benchmarkReleaseRuntimeClasspath;main:app-android:debugAndroidTestCompileClasspath;main:app-android:debugAndroidTestRuntimeClasspath;main:app-android:debugCompileClasspath;main:app-android:debugRuntimeClasspath;main:app-android:debugUnitTestCompileClasspath;main:app-android:debugUnitTestRuntimeClasspath;main:app-android:nonMinifiedReleaseCompileClasspath;main:app-android:nonMinifiedReleaseRuntimeClasspath;main:app-android:releaseCompileClasspath;main:app-android:releaseRuntimeClasspath;main:app-wear:debugRuntimeClasspath;main:app-wear:debugUnitTestRuntimeClasspath;main:app-wear:releaseRuntimeClasspath;main:shared:androidCompileClasspath;main:shared:androidHostTestCompileClasspath;main:shared:androidHostTestRuntimeClasspath;main:shared:androidRuntimeClasspath;main:shared:composeHotReloadDevJvmDevRuntimeClasspath;main:shared:composeHotReloadDevJvmRuntimeClasspath;main:shared:composeHotReloadDevJvmTestRuntimeClasspath;main:shared:iosArm64CompileKlibraries;main:shared:iosSimulatorArm64TestCompileKlibraries;main:shared:jvmCompileClasspath;main:shared:jvmDevCompileClasspath;main:shared:jvmDevRuntimeClasspath;main:shared:jvmMainCompileClasspath;main:shared:jvmMainRuntimeClasspath;main:shared:jvmRuntimeClasspath;main:shared:jvmTestCompileClasspath;main:shared:jvmTestRuntimeClasspath;main:shared:metadataIosMainCompileClasspath
io.ktor:ktor-network-iosarm64	3.5.2	main:shared:iosArm64CompileKlibraries
io.ktor:ktor-network-iossimulatorarm64	3.5.2	main:shared:iosSimulatorArm64TestCompileKlibraries
io.ktor:ktor-network-jvm	3.5.2	main:app-android:benchmarkReleaseCompileClasspath;main:app-android:benchmarkReleaseRuntimeClasspath;main:app-android:debugAndroidTestCompileClasspath;main:app-android:debugAndroidTestRuntimeClasspath;main:app-android:debugCompileClasspath;main:app-android:debugRuntimeClasspath;main:app-android:debugUnitTestCompileClasspath;main:app-android:debugUnitTestRuntimeClasspath;main:app-android:nonMinifiedReleaseCompileClasspath;main:app-android:nonMinifiedReleaseRuntimeClasspath;main:app-android:releaseCompileClasspath;main:app-android:releaseRuntimeClasspath;main:app-wear:debugRuntimeClasspath;main:app-wear:debugUnitTestRuntimeClasspath;main:app-wear:releaseRuntimeClasspath;main:shared:androidCompileClasspath;main:shared:androidHostTestCompileClasspath;main:shared:androidHostTestRuntimeClasspath;main:shared:androidRuntimeClasspath;main:shared:composeHotReloadDevJvmDevRuntimeClasspath;main:shared:composeHotReloadDevJvmRuntimeClasspath;main:shared:composeHotReloadDevJvmTestRuntimeClasspath;main:shared:jvmCompileClasspath;main:shared:jvmDevCompileClasspath;main:shared:jvmDevRuntimeClasspath;main:shared:jvmMainCompileClasspath;main:shared:jvmMainRuntimeClasspath;main:shared:jvmRuntimeClasspath;main:shared:jvmTestCompileClasspath;main:shared:jvmTestRuntimeClasspath
io.ktor:ktor-network-tls	3.5.2	main:shared:iosArm64CompileKlibraries;main:shared:iosSimulatorArm64TestCompileKlibraries;main:shared:metadataIosMainCompileClasspath
io.ktor:ktor-network-tls-iosarm64	3.5.2	main:shared:iosArm64CompileKlibraries
io.ktor:ktor-network-tls-iossimulatorarm64	3.5.2	main:shared:iosSimulatorArm64TestCompileKlibraries
io.ktor:ktor-serialization	3.5.2	main:app-android:benchmarkReleaseCompileClasspath;main:app-android:benchmarkReleaseRuntimeClasspath;main:app-android:debugAndroidTestCompileClasspath;main:app-android:debugAndroidTestRuntimeClasspath;main:app-android:debugCompileClasspath;main:app-android:debugRuntimeClasspath;main:app-android:debugUnitTestCompileClasspath;main:app-android:debugUnitTestRuntimeClasspath;main:app-android:nonMinifiedReleaseCompileClasspath;main:app-android:nonMinifiedReleaseRuntimeClasspath;main:app-android:releaseCompileClasspath;main:app-android:releaseRuntimeClasspath;main:app-wear:debugRuntimeClasspath;main:app-wear:debugUnitTestRuntimeClasspath;main:app-wear:releaseRuntimeClasspath;main:shared:androidCompileClasspath;main:shared:androidHostTestCompileClasspath;main:shared:androidHostTestRuntimeClasspath;main:shared:androidRuntimeClasspath;main:shared:commonMainResolvableDependenciesMetadata;main:shared:commonTestResolvableDependenciesMetadata;main:shared:composeHotReloadDevJvmDevRuntimeClasspath;main:shared:composeHotReloadDevJvmRuntimeClasspath;main:shared:composeHotReloadDevJvmTestRuntimeClasspath;main:shared:iosArm64CompileKlibraries;main:shared:iosSimulatorArm64TestCompileKlibraries;main:shared:jvmCompileClasspath;main:shared:jvmDevCompileClasspath;main:shared:jvmDevRuntimeClasspath;main:shared:jvmMainCompileClasspath;main:shared:jvmMainRuntimeClasspath;main:shared:jvmRuntimeClasspath;main:shared:jvmTestCompileClasspath;main:shared:jvmTestRuntimeClasspath;main:shared:metadataAppleMainCompileClasspath;main:shared:metadataCommonMainCompileClasspath;main:shared:metadataCompileClasspath;main:shared:metadataIosMainCompileClasspath;main:shared:metadataNativeMainCompileClasspath
io.ktor:ktor-serialization-iosarm64	3.5.2	main:shared:iosArm64CompileKlibraries
io.ktor:ktor-serialization-iossimulatorarm64	3.5.2	main:shared:iosSimulatorArm64TestCompileKlibraries
io.ktor:ktor-serialization-jvm	3.5.2	main:app-android:benchmarkReleaseCompileClasspath;main:app-android:benchmarkReleaseRuntimeClasspath;main:app-android:debugAndroidTestCompileClasspath;main:app-android:debugAndroidTestRuntimeClasspath;main:app-android:debugCompileClasspath;main:app-android:debugRuntimeClasspath;main:app-android:debugUnitTestCompileClasspath;main:app-android:debugUnitTestRuntimeClasspath;main:app-android:nonMinifiedReleaseCompileClasspath;main:app-android:nonMinifiedReleaseRuntimeClasspath;main:app-android:releaseCompileClasspath;main:app-android:releaseRuntimeClasspath;main:app-wear:debugRuntimeClasspath;main:app-wear:debugUnitTestRuntimeClasspath;main:app-wear:releaseRuntimeClasspath;main:shared:androidCompileClasspath;main:shared:androidHostTestCompileClasspath;main:shared:androidHostTestRuntimeClasspath;main:shared:androidRuntimeClasspath;main:shared:composeHotReloadDevJvmDevRuntimeClasspath;main:shared:composeHotReloadDevJvmRuntimeClasspath;main:shared:composeHotReloadDevJvmTestRuntimeClasspath;main:shared:jvmCompileClasspath;main:shared:jvmDevCompileClasspath;main:shared:jvmDevRuntimeClasspath;main:shared:jvmMainCompileClasspath;main:shared:jvmMainRuntimeClasspath;main:shared:jvmRuntimeClasspath;main:shared:jvmTestCompileClasspath;main:shared:jvmTestRuntimeClasspath
io.ktor:ktor-sse	3.5.2	main:app-android:benchmarkReleaseCompileClasspath;main:app-android:benchmarkReleaseRuntimeClasspath;main:app-android:debugAndroidTestCompileClasspath;main:app-android:debugAndroidTestRuntimeClasspath;main:app-android:debugCompileClasspath;main:app-android:debugRuntimeClasspath;main:app-android:debugUnitTestCompileClasspath;main:app-android:debugUnitTestRuntimeClasspath;main:app-android:nonMinifiedReleaseCompileClasspath;main:app-android:nonMinifiedReleaseRuntimeClasspath;main:app-android:releaseCompileClasspath;main:app-android:releaseRuntimeClasspath;main:app-wear:debugRuntimeClasspath;main:app-wear:debugUnitTestRuntimeClasspath;main:app-wear:releaseRuntimeClasspath;main:shared:androidCompileClasspath;main:shared:androidHostTestCompileClasspath;main:shared:androidHostTestRuntimeClasspath;main:shared:androidRuntimeClasspath;main:shared:commonMainResolvableDependenciesMetadata;main:shared:commonTestResolvableDependenciesMetadata;main:shared:composeHotReloadDevJvmDevRuntimeClasspath;main:shared:composeHotReloadDevJvmRuntimeClasspath;main:shared:composeHotReloadDevJvmTestRuntimeClasspath;main:shared:iosArm64CompileKlibraries;main:shared:iosSimulatorArm64TestCompileKlibraries;main:shared:jvmCompileClasspath;main:shared:jvmDevCompileClasspath;main:shared:jvmDevRuntimeClasspath;main:shared:jvmMainCompileClasspath;main:shared:jvmMainRuntimeClasspath;main:shared:jvmRuntimeClasspath;main:shared:jvmTestCompileClasspath;main:shared:jvmTestRuntimeClasspath;main:shared:metadataAppleMainCompileClasspath;main:shared:metadataCommonMainCompileClasspath;main:shared:metadataCompileClasspath;main:shared:metadataIosMainCompileClasspath;main:shared:metadataNativeMainCompileClasspath
io.ktor:ktor-sse-iosarm64	3.5.2	main:shared:iosArm64CompileKlibraries
io.ktor:ktor-sse-iossimulatorarm64	3.5.2	main:shared:iosSimulatorArm64TestCompileKlibraries
io.ktor:ktor-sse-jvm	3.5.2	main:app-android:benchmarkReleaseCompileClasspath;main:app-android:benchmarkReleaseRuntimeClasspath;main:app-android:debugAndroidTestCompileClasspath;main:app-android:debugAndroidTestRuntimeClasspath;main:app-android:debugCompileClasspath;main:app-android:debugRuntimeClasspath;main:app-android:debugUnitTestCompileClasspath;main:app-android:debugUnitTestRuntimeClasspath;main:app-android:nonMinifiedReleaseCompileClasspath;main:app-android:nonMinifiedReleaseRuntimeClasspath;main:app-android:releaseCompileClasspath;main:app-android:releaseRuntimeClasspath;main:app-wear:debugRuntimeClasspath;main:app-wear:debugUnitTestRuntimeClasspath;main:app-wear:releaseRuntimeClasspath;main:shared:androidCompileClasspath;main:shared:androidHostTestCompileClasspath;main:shared:androidHostTestRuntimeClasspath;main:shared:androidRuntimeClasspath;main:shared:composeHotReloadDevJvmDevRuntimeClasspath;main:shared:composeHotReloadDevJvmRuntimeClasspath;main:shared:composeHotReloadDevJvmTestRuntimeClasspath;main:shared:jvmCompileClasspath;main:shared:jvmDevCompileClasspath;main:shared:jvmDevRuntimeClasspath;main:shared:jvmMainCompileClasspath;main:shared:jvmMainRuntimeClasspath;main:shared:jvmRuntimeClasspath;main:shared:jvmTestCompileClasspath;main:shared:jvmTestRuntimeClasspath
io.ktor:ktor-utils	3.5.2	main:app-android:benchmarkReleaseCompileClasspath;main:app-android:benchmarkReleaseRuntimeClasspath;main:app-android:debugAndroidTestCompileClasspath;main:app-android:debugAndroidTestRuntimeClasspath;main:app-android:debugCompileClasspath;main:app-android:debugRuntimeClasspath;main:app-android:debugUnitTestCompileClasspath;main:app-android:debugUnitTestRuntimeClasspath;main:app-android:nonMinifiedReleaseCompileClasspath;main:app-android:nonMinifiedReleaseRuntimeClasspath;main:app-android:releaseCompileClasspath;main:app-android:releaseRuntimeClasspath;main:app-wear:debugRuntimeClasspath;main:app-wear:debugUnitTestRuntimeClasspath;main:app-wear:releaseRuntimeClasspath;main:shared:androidCompileClasspath;main:shared:androidHostTestCompileClasspath;main:shared:androidHostTestRuntimeClasspath;main:shared:androidRuntimeClasspath;main:shared:commonMainResolvableDependenciesMetadata;main:shared:commonTestResolvableDependenciesMetadata;main:shared:composeHotReloadDevJvmDevRuntimeClasspath;main:shared:composeHotReloadDevJvmRuntimeClasspath;main:shared:composeHotReloadDevJvmTestRuntimeClasspath;main:shared:iosArm64CompileKlibraries;main:shared:iosSimulatorArm64TestCompileKlibraries;main:shared:jvmCompileClasspath;main:shared:jvmDevCompileClasspath;main:shared:jvmDevRuntimeClasspath;main:shared:jvmMainCompileClasspath;main:shared:jvmMainRuntimeClasspath;main:shared:jvmRuntimeClasspath;main:shared:jvmTestCompileClasspath;main:shared:jvmTestRuntimeClasspath;main:shared:metadataAppleMainCompileClasspath;main:shared:metadataCommonMainCompileClasspath;main:shared:metadataCompileClasspath;main:shared:metadataIosMainCompileClasspath;main:shared:metadataNativeMainCompileClasspath
io.ktor:ktor-utils-iosarm64	3.5.2	main:shared:iosArm64CompileKlibraries
io.ktor:ktor-utils-iossimulatorarm64	3.5.2	main:shared:iosSimulatorArm64TestCompileKlibraries
io.ktor:ktor-utils-jvm	3.5.2	main:app-android:benchmarkReleaseCompileClasspath;main:app-android:benchmarkReleaseRuntimeClasspath;main:app-android:debugAndroidTestCompileClasspath;main:app-android:debugAndroidTestRuntimeClasspath;main:app-android:debugCompileClasspath;main:app-android:debugRuntimeClasspath;main:app-android:debugUnitTestCompileClasspath;main:app-android:debugUnitTestRuntimeClasspath;main:app-android:nonMinifiedReleaseCompileClasspath;main:app-android:nonMinifiedReleaseRuntimeClasspath;main:app-android:releaseCompileClasspath;main:app-android:releaseRuntimeClasspath;main:app-wear:debugRuntimeClasspath;main:app-wear:debugUnitTestRuntimeClasspath;main:app-wear:releaseRuntimeClasspath;main:shared:androidCompileClasspath;main:shared:androidHostTestCompileClasspath;main:shared:androidHostTestRuntimeClasspath;main:shared:androidRuntimeClasspath;main:shared:composeHotReloadDevJvmDevRuntimeClasspath;main:shared:composeHotReloadDevJvmRuntimeClasspath;main:shared:composeHotReloadDevJvmTestRuntimeClasspath;main:shared:jvmCompileClasspath;main:shared:jvmDevCompileClasspath;main:shared:jvmDevRuntimeClasspath;main:shared:jvmMainCompileClasspath;main:shared:jvmMainRuntimeClasspath;main:shared:jvmRuntimeClasspath;main:shared:jvmTestCompileClasspath;main:shared:jvmTestRuntimeClasspath
io.ktor:ktor-websocket-serialization	3.5.2	main:app-android:benchmarkReleaseCompileClasspath;main:app-android:benchmarkReleaseRuntimeClasspath;main:app-android:debugAndroidTestCompileClasspath;main:app-android:debugAndroidTestRuntimeClasspath;main:app-android:debugCompileClasspath;main:app-android:debugRuntimeClasspath;main:app-android:debugUnitTestCompileClasspath;main:app-android:debugUnitTestRuntimeClasspath;main:app-android:nonMinifiedReleaseCompileClasspath;main:app-android:nonMinifiedReleaseRuntimeClasspath;main:app-android:releaseCompileClasspath;main:app-android:releaseRuntimeClasspath;main:app-wear:debugRuntimeClasspath;main:app-wear:debugUnitTestRuntimeClasspath;main:app-wear:releaseRuntimeClasspath;main:shared:androidCompileClasspath;main:shared:androidHostTestCompileClasspath;main:shared:androidHostTestRuntimeClasspath;main:shared:androidRuntimeClasspath;main:shared:commonMainResolvableDependenciesMetadata;main:shared:commonTestResolvableDependenciesMetadata;main:shared:composeHotReloadDevJvmDevRuntimeClasspath;main:shared:composeHotReloadDevJvmRuntimeClasspath;main:shared:composeHotReloadDevJvmTestRuntimeClasspath;main:shared:iosArm64CompileKlibraries;main:shared:iosSimulatorArm64TestCompileKlibraries;main:shared:jvmCompileClasspath;main:shared:jvmDevCompileClasspath;main:shared:jvmDevRuntimeClasspath;main:shared:jvmMainCompileClasspath;main:shared:jvmMainRuntimeClasspath;main:shared:jvmRuntimeClasspath;main:shared:jvmTestCompileClasspath;main:shared:jvmTestRuntimeClasspath;main:shared:metadataAppleMainCompileClasspath;main:shared:metadataCommonMainCompileClasspath;main:shared:metadataCompileClasspath;main:shared:metadataIosMainCompileClasspath;main:shared:metadataNativeMainCompileClasspath
io.ktor:ktor-websocket-serialization-iosarm64	3.5.2	main:shared:iosArm64CompileKlibraries
io.ktor:ktor-websocket-serialization-iossimulatorarm64	3.5.2	main:shared:iosSimulatorArm64TestCompileKlibraries
io.ktor:ktor-websocket-serialization-jvm	3.5.2	main:app-android:benchmarkReleaseCompileClasspath;main:app-android:benchmarkReleaseRuntimeClasspath;main:app-android:debugAndroidTestCompileClasspath;main:app-android:debugAndroidTestRuntimeClasspath;main:app-android:debugCompileClasspath;main:app-android:debugRuntimeClasspath;main:app-android:debugUnitTestCompileClasspath;main:app-android:debugUnitTestRuntimeClasspath;main:app-android:nonMinifiedReleaseCompileClasspath;main:app-android:nonMinifiedReleaseRuntimeClasspath;main:app-android:releaseCompileClasspath;main:app-android:releaseRuntimeClasspath;main:app-wear:debugRuntimeClasspath;main:app-wear:debugUnitTestRuntimeClasspath;main:app-wear:releaseRuntimeClasspath;main:shared:androidCompileClasspath;main:shared:androidHostTestCompileClasspath;main:shared:androidHostTestRuntimeClasspath;main:shared:androidRuntimeClasspath;main:shared:composeHotReloadDevJvmDevRuntimeClasspath;main:shared:composeHotReloadDevJvmRuntimeClasspath;main:shared:composeHotReloadDevJvmTestRuntimeClasspath;main:shared:jvmCompileClasspath;main:shared:jvmDevCompileClasspath;main:shared:jvmDevRuntimeClasspath;main:shared:jvmMainCompileClasspath;main:shared:jvmMainRuntimeClasspath;main:shared:jvmRuntimeClasspath;main:shared:jvmTestCompileClasspath;main:shared:jvmTestRuntimeClasspath
io.ktor:ktor-websockets	3.5.2	main:app-android:benchmarkReleaseCompileClasspath;main:app-android:benchmarkReleaseRuntimeClasspath;main:app-android:debugAndroidTestCompileClasspath;main:app-android:debugAndroidTestRuntimeClasspath;main:app-android:debugCompileClasspath;main:app-android:debugRuntimeClasspath;main:app-android:debugUnitTestCompileClasspath;main:app-android:debugUnitTestRuntimeClasspath;main:app-android:nonMinifiedReleaseCompileClasspath;main:app-android:nonMinifiedReleaseRuntimeClasspath;main:app-android:releaseCompileClasspath;main:app-android:releaseRuntimeClasspath;main:app-wear:debugRuntimeClasspath;main:app-wear:debugUnitTestRuntimeClasspath;main:app-wear:releaseRuntimeClasspath;main:shared:androidCompileClasspath;main:shared:androidHostTestCompileClasspath;main:shared:androidHostTestRuntimeClasspath;main:shared:androidRuntimeClasspath;main:shared:commonMainResolvableDependenciesMetadata;main:shared:commonTestResolvableDependenciesMetadata;main:shared:composeHotReloadDevJvmDevRuntimeClasspath;main:shared:composeHotReloadDevJvmRuntimeClasspath;main:shared:composeHotReloadDevJvmTestRuntimeClasspath;main:shared:iosArm64CompileKlibraries;main:shared:iosSimulatorArm64TestCompileKlibraries;main:shared:jvmCompileClasspath;main:shared:jvmDevCompileClasspath;main:shared:jvmDevRuntimeClasspath;main:shared:jvmMainCompileClasspath;main:shared:jvmMainRuntimeClasspath;main:shared:jvmRuntimeClasspath;main:shared:jvmTestCompileClasspath;main:shared:jvmTestRuntimeClasspath;main:shared:metadataAppleMainCompileClasspath;main:shared:metadataCommonMainCompileClasspath;main:shared:metadataCompileClasspath;main:shared:metadataIosMainCompileClasspath;main:shared:metadataNativeMainCompileClasspath
io.ktor:ktor-websockets-iosarm64	3.5.2	main:shared:iosArm64CompileKlibraries
io.ktor:ktor-websockets-iossimulatorarm64	3.5.2	main:shared:iosSimulatorArm64TestCompileKlibraries
io.ktor:ktor-websockets-jvm	3.5.2	main:app-android:benchmarkReleaseCompileClasspath;main:app-android:benchmarkReleaseRuntimeClasspath;main:app-android:debugAndroidTestCompileClasspath;main:app-android:debugAndroidTestRuntimeClasspath;main:app-android:debugCompileClasspath;main:app-android:debugRuntimeClasspath;main:app-android:debugUnitTestCompileClasspath;main:app-android:debugUnitTestRuntimeClasspath;main:app-android:nonMinifiedReleaseCompileClasspath;main:app-android:nonMinifiedReleaseRuntimeClasspath;main:app-android:releaseCompileClasspath;main:app-android:releaseRuntimeClasspath;main:app-wear:debugRuntimeClasspath;main:app-wear:debugUnitTestRuntimeClasspath;main:app-wear:releaseRuntimeClasspath;main:shared:androidCompileClasspath;main:shared:androidHostTestCompileClasspath;main:shared:androidHostTestRuntimeClasspath;main:shared:androidRuntimeClasspath;main:shared:composeHotReloadDevJvmDevRuntimeClasspath;main:shared:composeHotReloadDevJvmRuntimeClasspath;main:shared:composeHotReloadDevJvmTestRuntimeClasspath;main:shared:jvmCompileClasspath;main:shared:jvmDevCompileClasspath;main:shared:jvmDevRuntimeClasspath;main:shared:jvmMainCompileClasspath;main:shared:jvmMainRuntimeClasspath;main:shared:jvmRuntimeClasspath;main:shared:jvmTestCompileClasspath;main:shared:jvmTestRuntimeClasspath
jakarta.inject:jakarta.inject-api	2.0.1	main:app-android:benchmarkReleaseRuntimeClasspath;main:app-android:debugRuntimeClasspath;main:app-android:debugUnitTestRuntimeClasspath;main:app-android:nonMinifiedReleaseRuntimeClasspath;main:app-android:releaseRuntimeClasspath;main:app-wear:debugRuntimeClasspath;main:app-wear:debugUnitTestRuntimeClasspath;main:app-wear:releaseRuntimeClasspath;main:shared:androidHostTestRuntimeClasspath;main:shared:androidRuntimeClasspath
javax.inject:javax.inject	1	main:app-android:benchmarkReleaseRuntimeClasspath;main:app-android:debugAndroidTestCompileClasspath;main:app-android:debugAndroidTestRuntimeClasspath;main:app-android:debugRuntimeClasspath;main:app-android:debugUnitTestRuntimeClasspath;main:app-android:nonMinifiedReleaseRuntimeClasspath;main:app-android:releaseRuntimeClasspath;main:app-wear:debugRuntimeClasspath;main:app-wear:debugUnitTestRuntimeClasspath;main:app-wear:releaseRuntimeClasspath;main:shared:androidCompileClasspath;main:shared:androidHostTestCompileClasspath;main:shared:androidHostTestRuntimeClasspath;main:shared:androidRuntimeClasspath
junit:junit	4.13.2	main:app-android:debugAndroidTestCompileClasspath;main:app-android:debugAndroidTestRuntimeClasspath;main:app-android:debugUnitTestCompileClasspath;main:app-android:debugUnitTestRuntimeClasspath;main:baselineprofile:benchmarkReleaseCompileClasspath;main:baselineprofile:benchmarkReleaseRuntimeClasspath;main:baselineprofile:nonMinifiedReleaseCompileClasspath;main:baselineprofile:nonMinifiedReleaseRuntimeClasspath;main:shared:androidHostTestCompileClasspath;main:shared:androidHostTestRuntimeClasspath;main:shared:composeHotReloadDevJvmTestRuntimeClasspath;main:shared:jvmTestCompileClasspath;main:shared:jvmTestRuntimeClasspath
net.java.dev.jna:jna	5.6.0	buildSrc::runtimeClasspath
net.java.dev.jna:jna-platform	5.6.0	buildSrc::runtimeClasspath
net.sf.kxml:kxml2	2.3.0	buildSrc::runtimeClasspath
org.checkerframework:checker-qual	3.43.0	buildSrc::runtimeClasspath;main:app-android:benchmarkReleaseCompileClasspath;main:app-android:benchmarkReleaseRuntimeClasspath;main:app-android:debugAndroidTestCompileClasspath;main:app-android:debugCompileClasspath;main:app-android:debugRuntimeClasspath;main:app-android:debugUnitTestCompileClasspath;main:app-android:debugUnitTestRuntimeClasspath;main:app-android:nonMinifiedReleaseCompileClasspath;main:app-android:nonMinifiedReleaseRuntimeClasspath;main:app-android:releaseCompileClasspath;main:app-android:releaseRuntimeClasspath;main:shared:androidCompileClasspath;main:shared:androidHostTestCompileClasspath;main:shared:androidHostTestRuntimeClasspath;main:shared:androidRuntimeClasspath
org.hamcrest:hamcrest-core	1.3	main:app-android:debugAndroidTestCompileClasspath;main:app-android:debugAndroidTestRuntimeClasspath;main:app-android:debugUnitTestCompileClasspath;main:app-android:debugUnitTestRuntimeClasspath;main:baselineprofile:benchmarkReleaseCompileClasspath;main:baselineprofile:benchmarkReleaseRuntimeClasspath;main:baselineprofile:nonMinifiedReleaseCompileClasspath;main:baselineprofile:nonMinifiedReleaseRuntimeClasspath;main:shared:androidHostTestCompileClasspath;main:shared:androidHostTestRuntimeClasspath;main:shared:composeHotReloadDevJvmTestRuntimeClasspath;main:shared:jvmTestCompileClasspath;main:shared:jvmTestRuntimeClasspath
org.hamcrest:hamcrest-library	1.3	main:app-android:debugAndroidTestCompileClasspath;main:app-android:debugAndroidTestRuntimeClasspath
org.jetbrains.androidx.lifecycle:lifecycle-common	2.9.6	main:app-android:benchmarkReleaseRuntimeClasspath;main:app-android:debugAndroidTestCompileClasspath;main:app-android:debugAndroidTestRuntimeClasspath;main:app-android:debugRuntimeClasspath;main:app-android:debugUnitTestRuntimeClasspath;main:app-android:nonMinifiedReleaseRuntimeClasspath;main:app-android:releaseRuntimeClasspath;main:app-wear:debugRuntimeClasspath;main:app-wear:debugUnitTestRuntimeClasspath;main:app-wear:releaseRuntimeClasspath;main:shared:androidCompileClasspath;main:shared:androidHostTestCompileClasspath;main:shared:androidHostTestRuntimeClasspath;main:shared:androidRuntimeClasspath;main:shared:commonMainResolvableDependenciesMetadata;main:shared:commonTestResolvableDependenciesMetadata;main:shared:composeHotReloadDevJvmDevRuntimeClasspath;main:shared:composeHotReloadDevJvmRuntimeClasspath;main:shared:composeHotReloadDevJvmTestRuntimeClasspath;main:shared:iosArm64CompileKlibraries;main:shared:iosSimulatorArm64TestCompileKlibraries;main:shared:jvmCompileClasspath;main:shared:jvmDevCompileClasspath;main:shared:jvmDevRuntimeClasspath;main:shared:jvmMainCompileClasspath;main:shared:jvmMainRuntimeClasspath;main:shared:jvmRuntimeClasspath;main:shared:jvmTestCompileClasspath;main:shared:jvmTestRuntimeClasspath;main:shared:metadataAppleMainCompileClasspath;main:shared:metadataCommonMainCompileClasspath;main:shared:metadataCompileClasspath;main:shared:metadataIosMainCompileClasspath;main:shared:metadataNativeMainCompileClasspath
org.jetbrains.androidx.lifecycle:lifecycle-runtime	2.9.6	main:app-android:benchmarkReleaseRuntimeClasspath;main:app-android:debugAndroidTestCompileClasspath;main:app-android:debugAndroidTestRuntimeClasspath;main:app-android:debugRuntimeClasspath;main:app-android:debugUnitTestRuntimeClasspath;main:app-android:nonMinifiedReleaseRuntimeClasspath;main:app-android:releaseRuntimeClasspath;main:app-wear:debugRuntimeClasspath;main:app-wear:debugUnitTestRuntimeClasspath;main:app-wear:releaseRuntimeClasspath;main:shared:androidCompileClasspath;main:shared:androidHostTestCompileClasspath;main:shared:androidHostTestRuntimeClasspath;main:shared:androidRuntimeClasspath;main:shared:commonMainResolvableDependenciesMetadata;main:shared:commonTestResolvableDependenciesMetadata;main:shared:composeHotReloadDevJvmDevRuntimeClasspath;main:shared:composeHotReloadDevJvmRuntimeClasspath;main:shared:composeHotReloadDevJvmTestRuntimeClasspath;main:shared:iosArm64CompileKlibraries;main:shared:iosSimulatorArm64TestCompileKlibraries;main:shared:jvmCompileClasspath;main:shared:jvmDevCompileClasspath;main:shared:jvmDevRuntimeClasspath;main:shared:jvmMainCompileClasspath;main:shared:jvmMainRuntimeClasspath;main:shared:jvmRuntimeClasspath;main:shared:jvmTestCompileClasspath;main:shared:jvmTestRuntimeClasspath;main:shared:metadataAppleMainCompileClasspath;main:shared:metadataCommonMainCompileClasspath;main:shared:metadataCompileClasspath;main:shared:metadataIosMainCompileClasspath;main:shared:metadataNativeMainCompileClasspath
org.jetbrains.androidx.lifecycle:lifecycle-runtime-compose	2.9.6	main:app-android:benchmarkReleaseRuntimeClasspath;main:app-android:debugAndroidTestCompileClasspath;main:app-android:debugAndroidTestRuntimeClasspath;main:app-android:debugRuntimeClasspath;main:app-android:debugUnitTestRuntimeClasspath;main:app-android:nonMinifiedReleaseRuntimeClasspath;main:app-android:releaseRuntimeClasspath;main:app-wear:debugRuntimeClasspath;main:app-wear:debugUnitTestRuntimeClasspath;main:app-wear:releaseRuntimeClasspath;main:shared:androidCompileClasspath;main:shared:androidHostTestCompileClasspath;main:shared:androidHostTestRuntimeClasspath;main:shared:androidRuntimeClasspath;main:shared:commonMainResolvableDependenciesMetadata;main:shared:commonTestResolvableDependenciesMetadata;main:shared:composeHotReloadDevJvmDevRuntimeClasspath;main:shared:composeHotReloadDevJvmRuntimeClasspath;main:shared:composeHotReloadDevJvmTestRuntimeClasspath;main:shared:iosArm64CompileKlibraries;main:shared:iosSimulatorArm64TestCompileKlibraries;main:shared:jvmCompileClasspath;main:shared:jvmDevCompileClasspath;main:shared:jvmDevRuntimeClasspath;main:shared:jvmMainCompileClasspath;main:shared:jvmMainRuntimeClasspath;main:shared:jvmRuntimeClasspath;main:shared:jvmTestCompileClasspath;main:shared:jvmTestRuntimeClasspath;main:shared:metadataAppleMainCompileClasspath;main:shared:metadataCommonMainCompileClasspath;main:shared:metadataCompileClasspath;main:shared:metadataIosMainCompileClasspath;main:shared:metadataNativeMainCompileClasspath
org.jetbrains.androidx.lifecycle:lifecycle-runtime-compose-desktop	2.9.6	main:shared:composeHotReloadDevJvmDevRuntimeClasspath;main:shared:composeHotReloadDevJvmRuntimeClasspath;main:shared:composeHotReloadDevJvmTestRuntimeClasspath;main:shared:jvmCompileClasspath;main:shared:jvmDevCompileClasspath;main:shared:jvmDevRuntimeClasspath;main:shared:jvmMainCompileClasspath;main:shared:jvmMainRuntimeClasspath;main:shared:jvmRuntimeClasspath;main:shared:jvmTestCompileClasspath;main:shared:jvmTestRuntimeClasspath
org.jetbrains.androidx.lifecycle:lifecycle-runtime-compose-uikitarm64	2.9.6	main:shared:iosArm64CompileKlibraries
org.jetbrains.androidx.lifecycle:lifecycle-runtime-compose-uikitsimarm64	2.9.6	main:shared:iosSimulatorArm64TestCompileKlibraries
org.jetbrains.androidx.lifecycle:lifecycle-viewmodel	2.9.6	main:shared:commonMainResolvableDependenciesMetadata;main:shared:commonTestResolvableDependenciesMetadata;main:shared:iosArm64CompileKlibraries;main:shared:iosSimulatorArm64TestCompileKlibraries;main:shared:metadataAppleMainCompileClasspath;main:shared:metadataCommonMainCompileClasspath;main:shared:metadataCompileClasspath;main:shared:metadataIosMainCompileClasspath;main:shared:metadataNativeMainCompileClasspath
org.jetbrains.androidx.lifecycle:lifecycle-viewmodel-savedstate	2.9.6	main:shared:commonMainResolvableDependenciesMetadata;main:shared:commonTestResolvableDependenciesMetadata;main:shared:iosArm64CompileKlibraries;main:shared:iosSimulatorArm64TestCompileKlibraries;main:shared:metadataAppleMainCompileClasspath;main:shared:metadataCommonMainCompileClasspath;main:shared:metadataCompileClasspath;main:shared:metadataIosMainCompileClasspath;main:shared:metadataNativeMainCompileClasspath
org.jetbrains.androidx.navigationevent:navigationevent-compose	1.1.0	main:shared:commonMainResolvableDependenciesMetadata;main:shared:commonTestResolvableDependenciesMetadata;main:shared:composeHotReloadDevJvmDevRuntimeClasspath;main:shared:composeHotReloadDevJvmRuntimeClasspath;main:shared:composeHotReloadDevJvmTestRuntimeClasspath;main:shared:iosArm64CompileKlibraries;main:shared:iosSimulatorArm64TestCompileKlibraries;main:shared:jvmDevRuntimeClasspath;main:shared:jvmMainRuntimeClasspath;main:shared:jvmRuntimeClasspath;main:shared:jvmTestRuntimeClasspath;main:shared:metadataAppleMainCompileClasspath;main:shared:metadataCommonMainCompileClasspath;main:shared:metadataCompileClasspath;main:shared:metadataIosMainCompileClasspath;main:shared:metadataNativeMainCompileClasspath
org.jetbrains.androidx.navigationevent:navigationevent-compose-desktop	1.1.0	main:shared:composeHotReloadDevJvmDevRuntimeClasspath;main:shared:composeHotReloadDevJvmRuntimeClasspath;main:shared:composeHotReloadDevJvmTestRuntimeClasspath;main:shared:jvmDevRuntimeClasspath;main:shared:jvmMainRuntimeClasspath;main:shared:jvmRuntimeClasspath;main:shared:jvmTestRuntimeClasspath
org.jetbrains.androidx.navigationevent:navigationevent-compose-iosarm64	1.1.0	main:shared:iosArm64CompileKlibraries
org.jetbrains.androidx.navigationevent:navigationevent-compose-iossimulatorarm64	1.1.0	main:shared:iosSimulatorArm64TestCompileKlibraries
org.jetbrains.androidx.savedstate:savedstate	1.3.6	main:app-android:benchmarkReleaseRuntimeClasspath;main:app-android:debugAndroidTestCompileClasspath;main:app-android:debugAndroidTestRuntimeClasspath;main:app-android:debugRuntimeClasspath;main:app-android:debugUnitTestRuntimeClasspath;main:app-android:nonMinifiedReleaseRuntimeClasspath;main:app-android:releaseRuntimeClasspath;main:app-wear:debugRuntimeClasspath;main:app-wear:debugUnitTestRuntimeClasspath;main:app-wear:releaseRuntimeClasspath;main:shared:androidCompileClasspath;main:shared:androidHostTestCompileClasspath;main:shared:androidHostTestRuntimeClasspath;main:shared:androidRuntimeClasspath;main:shared:commonMainResolvableDependenciesMetadata;main:shared:commonTestResolvableDependenciesMetadata;main:shared:composeHotReloadDevJvmDevRuntimeClasspath;main:shared:composeHotReloadDevJvmRuntimeClasspath;main:shared:composeHotReloadDevJvmTestRuntimeClasspath;main:shared:iosArm64CompileKlibraries;main:shared:iosSimulatorArm64TestCompileKlibraries;main:shared:jvmCompileClasspath;main:shared:jvmDevCompileClasspath;main:shared:jvmDevRuntimeClasspath;main:shared:jvmMainCompileClasspath;main:shared:jvmMainRuntimeClasspath;main:shared:jvmRuntimeClasspath;main:shared:jvmTestCompileClasspath;main:shared:jvmTestRuntimeClasspath;main:shared:metadataAppleMainCompileClasspath;main:shared:metadataCommonMainCompileClasspath;main:shared:metadataCompileClasspath;main:shared:metadataIosMainCompileClasspath;main:shared:metadataNativeMainCompileClasspath
org.jetbrains.androidx.savedstate:savedstate-compose	1.3.6	main:app-android:benchmarkReleaseRuntimeClasspath;main:app-android:debugAndroidTestCompileClasspath;main:app-android:debugAndroidTestRuntimeClasspath;main:app-android:debugRuntimeClasspath;main:app-android:debugUnitTestRuntimeClasspath;main:app-android:nonMinifiedReleaseRuntimeClasspath;main:app-android:releaseRuntimeClasspath;main:app-wear:debugRuntimeClasspath;main:app-wear:debugUnitTestRuntimeClasspath;main:app-wear:releaseRuntimeClasspath;main:shared:androidCompileClasspath;main:shared:androidHostTestCompileClasspath;main:shared:androidHostTestRuntimeClasspath;main:shared:androidRuntimeClasspath;main:shared:commonMainResolvableDependenciesMetadata;main:shared:commonTestResolvableDependenciesMetadata;main:shared:composeHotReloadDevJvmDevRuntimeClasspath;main:shared:composeHotReloadDevJvmRuntimeClasspath;main:shared:composeHotReloadDevJvmTestRuntimeClasspath;main:shared:iosArm64CompileKlibraries;main:shared:iosSimulatorArm64TestCompileKlibraries;main:shared:jvmCompileClasspath;main:shared:jvmDevCompileClasspath;main:shared:jvmDevRuntimeClasspath;main:shared:jvmMainCompileClasspath;main:shared:jvmMainRuntimeClasspath;main:shared:jvmRuntimeClasspath;main:shared:jvmTestCompileClasspath;main:shared:jvmTestRuntimeClasspath;main:shared:metadataAppleMainCompileClasspath;main:shared:metadataCommonMainCompileClasspath;main:shared:metadataCompileClasspath;main:shared:metadataIosMainCompileClasspath;main:shared:metadataNativeMainCompileClasspath
org.jetbrains.androidx.savedstate:savedstate-compose-desktop	1.3.6	main:shared:composeHotReloadDevJvmDevRuntimeClasspath;main:shared:composeHotReloadDevJvmRuntimeClasspath;main:shared:composeHotReloadDevJvmTestRuntimeClasspath;main:shared:jvmCompileClasspath;main:shared:jvmDevCompileClasspath;main:shared:jvmDevRuntimeClasspath;main:shared:jvmMainCompileClasspath;main:shared:jvmMainRuntimeClasspath;main:shared:jvmRuntimeClasspath;main:shared:jvmTestCompileClasspath;main:shared:jvmTestRuntimeClasspath
org.jetbrains.androidx.savedstate:savedstate-compose-uikitarm64	1.3.6	main:shared:iosArm64CompileKlibraries
org.jetbrains.androidx.savedstate:savedstate-compose-uikitsimarm64	1.3.6	main:shared:iosSimulatorArm64TestCompileKlibraries
org.jetbrains.compose.animation:animation	1.12.0	main:app-android:benchmarkReleaseRuntimeClasspath;main:app-android:debugAndroidTestCompileClasspath;main:app-android:debugAndroidTestRuntimeClasspath;main:app-android:debugRuntimeClasspath;main:app-android:debugUnitTestRuntimeClasspath;main:app-android:nonMinifiedReleaseRuntimeClasspath;main:app-android:releaseRuntimeClasspath;main:app-wear:debugRuntimeClasspath;main:app-wear:debugUnitTestRuntimeClasspath;main:app-wear:releaseRuntimeClasspath;main:shared:androidCompileClasspath;main:shared:androidHostTestCompileClasspath;main:shared:androidHostTestRuntimeClasspath;main:shared:androidRuntimeClasspath;main:shared:commonMainResolvableDependenciesMetadata;main:shared:commonTestResolvableDependenciesMetadata;main:shared:composeHotReloadDevJvmDevRuntimeClasspath;main:shared:composeHotReloadDevJvmRuntimeClasspath;main:shared:composeHotReloadDevJvmTestRuntimeClasspath;main:shared:iosArm64CompileKlibraries;main:shared:iosSimulatorArm64TestCompileKlibraries;main:shared:jvmCompileClasspath;main:shared:jvmDevCompileClasspath;main:shared:jvmDevRuntimeClasspath;main:shared:jvmMainCompileClasspath;main:shared:jvmMainRuntimeClasspath;main:shared:jvmRuntimeClasspath;main:shared:jvmTestCompileClasspath;main:shared:jvmTestRuntimeClasspath;main:shared:metadataAppleMainCompileClasspath;main:shared:metadataCommonMainCompileClasspath;main:shared:metadataCompileClasspath;main:shared:metadataIosMainCompileClasspath;main:shared:metadataNativeMainCompileClasspath
org.jetbrains.compose.animation:animation-android	1.12.0	main:app-android:benchmarkReleaseRuntimeClasspath;main:app-android:debugAndroidTestCompileClasspath;main:app-android:debugAndroidTestRuntimeClasspath;main:app-android:debugRuntimeClasspath;main:app-android:debugUnitTestRuntimeClasspath;main:app-android:nonMinifiedReleaseRuntimeClasspath;main:app-android:releaseRuntimeClasspath;main:app-wear:debugRuntimeClasspath;main:app-wear:debugUnitTestRuntimeClasspath;main:app-wear:releaseRuntimeClasspath;main:shared:androidCompileClasspath;main:shared:androidHostTestCompileClasspath;main:shared:androidHostTestRuntimeClasspath;main:shared:androidRuntimeClasspath
org.jetbrains.compose.animation:animation-core	1.12.0	main:app-android:benchmarkReleaseRuntimeClasspath;main:app-android:debugAndroidTestCompileClasspath;main:app-android:debugAndroidTestRuntimeClasspath;main:app-android:debugRuntimeClasspath;main:app-android:debugUnitTestRuntimeClasspath;main:app-android:nonMinifiedReleaseRuntimeClasspath;main:app-android:releaseRuntimeClasspath;main:app-wear:debugRuntimeClasspath;main:app-wear:debugUnitTestRuntimeClasspath;main:app-wear:releaseRuntimeClasspath;main:shared:androidCompileClasspath;main:shared:androidHostTestCompileClasspath;main:shared:androidHostTestRuntimeClasspath;main:shared:androidRuntimeClasspath;main:shared:commonMainResolvableDependenciesMetadata;main:shared:commonTestResolvableDependenciesMetadata;main:shared:composeHotReloadDevJvmDevRuntimeClasspath;main:shared:composeHotReloadDevJvmRuntimeClasspath;main:shared:composeHotReloadDevJvmTestRuntimeClasspath;main:shared:iosArm64CompileKlibraries;main:shared:iosSimulatorArm64TestCompileKlibraries;main:shared:jvmCompileClasspath;main:shared:jvmDevCompileClasspath;main:shared:jvmDevRuntimeClasspath;main:shared:jvmMainCompileClasspath;main:shared:jvmMainRuntimeClasspath;main:shared:jvmRuntimeClasspath;main:shared:jvmTestCompileClasspath;main:shared:jvmTestRuntimeClasspath;main:shared:metadataAppleMainCompileClasspath;main:shared:metadataCommonMainCompileClasspath;main:shared:metadataCompileClasspath;main:shared:metadataIosMainCompileClasspath;main:shared:metadataNativeMainCompileClasspath
org.jetbrains.compose.animation:animation-core-android	1.12.0	main:app-android:benchmarkReleaseRuntimeClasspath;main:app-android:debugAndroidTestCompileClasspath;main:app-android:debugAndroidTestRuntimeClasspath;main:app-android:debugRuntimeClasspath;main:app-android:debugUnitTestRuntimeClasspath;main:app-android:nonMinifiedReleaseRuntimeClasspath;main:app-android:releaseRuntimeClasspath;main:app-wear:debugRuntimeClasspath;main:app-wear:debugUnitTestRuntimeClasspath;main:app-wear:releaseRuntimeClasspath;main:shared:androidCompileClasspath;main:shared:androidHostTestCompileClasspath;main:shared:androidHostTestRuntimeClasspath;main:shared:androidRuntimeClasspath
org.jetbrains.compose.animation:animation-core-desktop	1.12.0	main:shared:composeHotReloadDevJvmDevRuntimeClasspath;main:shared:composeHotReloadDevJvmRuntimeClasspath;main:shared:composeHotReloadDevJvmTestRuntimeClasspath;main:shared:jvmCompileClasspath;main:shared:jvmDevCompileClasspath;main:shared:jvmDevRuntimeClasspath;main:shared:jvmMainCompileClasspath;main:shared:jvmMainRuntimeClasspath;main:shared:jvmRuntimeClasspath;main:shared:jvmTestCompileClasspath;main:shared:jvmTestRuntimeClasspath
org.jetbrains.compose.animation:animation-core-iosarm64	1.12.0	main:shared:iosArm64CompileKlibraries
org.jetbrains.compose.animation:animation-core-iossimulatorarm64	1.12.0	main:shared:iosSimulatorArm64TestCompileKlibraries
org.jetbrains.compose.animation:animation-desktop	1.12.0	main:shared:composeHotReloadDevJvmDevRuntimeClasspath;main:shared:composeHotReloadDevJvmRuntimeClasspath;main:shared:composeHotReloadDevJvmTestRuntimeClasspath;main:shared:jvmCompileClasspath;main:shared:jvmDevCompileClasspath;main:shared:jvmDevRuntimeClasspath;main:shared:jvmMainCompileClasspath;main:shared:jvmMainRuntimeClasspath;main:shared:jvmRuntimeClasspath;main:shared:jvmTestCompileClasspath;main:shared:jvmTestRuntimeClasspath
org.jetbrains.compose.animation:animation-iosarm64	1.12.0	main:shared:iosArm64CompileKlibraries
org.jetbrains.compose.animation:animation-iossimulatorarm64	1.12.0	main:shared:iosSimulatorArm64TestCompileKlibraries
org.jetbrains.compose.annotation-internal:annotation	1.10.0	main:shared:commonMainResolvableDependenciesMetadata;main:shared:commonTestResolvableDependenciesMetadata;main:shared:iosArm64CompileKlibraries;main:shared:iosSimulatorArm64TestCompileKlibraries;main:shared:metadataAppleMainCompileClasspath;main:shared:metadataCommonMainCompileClasspath;main:shared:metadataCompileClasspath;main:shared:metadataIosMainCompileClasspath;main:shared:metadataNativeMainCompileClasspath
org.jetbrains.compose.annotation-internal:annotation	1.9.1	main:app-android:benchmarkReleaseRuntimeClasspath;main:app-android:debugRuntimeClasspath;main:app-android:debugUnitTestRuntimeClasspath;main:app-android:nonMinifiedReleaseRuntimeClasspath;main:app-android:releaseRuntimeClasspath;main:app-wear:debugRuntimeClasspath;main:app-wear:debugUnitTestRuntimeClasspath;main:app-wear:releaseRuntimeClasspath;main:shared:androidHostTestRuntimeClasspath;main:shared:androidRuntimeClasspath;main:shared:composeHotReloadDevJvmDevRuntimeClasspath;main:shared:composeHotReloadDevJvmRuntimeClasspath;main:shared:composeHotReloadDevJvmTestRuntimeClasspath;main:shared:jvmDevRuntimeClasspath;main:shared:jvmMainRuntimeClasspath;main:shared:jvmRuntimeClasspath;main:shared:jvmTestRuntimeClasspath
org.jetbrains.compose.collection-internal:collection	1.10.0	main:shared:commonMainResolvableDependenciesMetadata;main:shared:commonTestResolvableDependenciesMetadata;main:shared:iosArm64CompileKlibraries;main:shared:iosSimulatorArm64TestCompileKlibraries;main:shared:metadataAppleMainCompileClasspath;main:shared:metadataCommonMainCompileClasspath;main:shared:metadataCompileClasspath;main:shared:metadataIosMainCompileClasspath;main:shared:metadataNativeMainCompileClasspath
org.jetbrains.compose.collection-internal:collection	1.9.1	main:app-android:benchmarkReleaseRuntimeClasspath;main:app-android:debugRuntimeClasspath;main:app-android:debugUnitTestRuntimeClasspath;main:app-android:nonMinifiedReleaseRuntimeClasspath;main:app-android:releaseRuntimeClasspath;main:app-wear:debugRuntimeClasspath;main:app-wear:debugUnitTestRuntimeClasspath;main:app-wear:releaseRuntimeClasspath;main:shared:androidHostTestRuntimeClasspath;main:shared:androidRuntimeClasspath;main:shared:composeHotReloadDevJvmDevRuntimeClasspath;main:shared:composeHotReloadDevJvmRuntimeClasspath;main:shared:composeHotReloadDevJvmTestRuntimeClasspath;main:shared:jvmDevRuntimeClasspath;main:shared:jvmMainRuntimeClasspath;main:shared:jvmRuntimeClasspath;main:shared:jvmTestRuntimeClasspath
org.jetbrains.compose.components:components-resources	1.12.0	main:app-android:benchmarkReleaseRuntimeClasspath;main:app-android:debugRuntimeClasspath;main:app-android:debugUnitTestRuntimeClasspath;main:app-android:nonMinifiedReleaseRuntimeClasspath;main:app-android:releaseRuntimeClasspath;main:app-wear:debugRuntimeClasspath;main:app-wear:debugUnitTestRuntimeClasspath;main:app-wear:releaseRuntimeClasspath;main:shared:androidCompileClasspath;main:shared:androidHostTestCompileClasspath;main:shared:androidHostTestRuntimeClasspath;main:shared:androidRuntimeClasspath;main:shared:commonMainResolvableDependenciesMetadata;main:shared:commonTestResolvableDependenciesMetadata;main:shared:composeHotReloadDevJvmDevRuntimeClasspath;main:shared:composeHotReloadDevJvmRuntimeClasspath;main:shared:composeHotReloadDevJvmTestRuntimeClasspath;main:shared:iosArm64CompileKlibraries;main:shared:iosSimulatorArm64TestCompileKlibraries;main:shared:jvmCompileClasspath;main:shared:jvmDevCompileClasspath;main:shared:jvmDevRuntimeClasspath;main:shared:jvmMainCompileClasspath;main:shared:jvmMainRuntimeClasspath;main:shared:jvmRuntimeClasspath;main:shared:jvmTestCompileClasspath;main:shared:jvmTestRuntimeClasspath;main:shared:metadataAppleMainCompileClasspath;main:shared:metadataCommonMainCompileClasspath;main:shared:metadataCompileClasspath;main:shared:metadataIosMainCompileClasspath;main:shared:metadataNativeMainCompileClasspath
org.jetbrains.compose.components:components-resources-android	1.12.0	main:app-android:benchmarkReleaseRuntimeClasspath;main:app-android:debugRuntimeClasspath;main:app-android:debugUnitTestRuntimeClasspath;main:app-android:nonMinifiedReleaseRuntimeClasspath;main:app-android:releaseRuntimeClasspath;main:app-wear:debugRuntimeClasspath;main:app-wear:debugUnitTestRuntimeClasspath;main:app-wear:releaseRuntimeClasspath;main:shared:androidCompileClasspath;main:shared:androidHostTestCompileClasspath;main:shared:androidHostTestRuntimeClasspath;main:shared:androidRuntimeClasspath
org.jetbrains.compose.components:components-resources-desktop	1.12.0	main:shared:composeHotReloadDevJvmDevRuntimeClasspath;main:shared:composeHotReloadDevJvmRuntimeClasspath;main:shared:composeHotReloadDevJvmTestRuntimeClasspath;main:shared:jvmCompileClasspath;main:shared:jvmDevCompileClasspath;main:shared:jvmDevRuntimeClasspath;main:shared:jvmMainCompileClasspath;main:shared:jvmMainRuntimeClasspath;main:shared:jvmRuntimeClasspath;main:shared:jvmTestCompileClasspath;main:shared:jvmTestRuntimeClasspath
org.jetbrains.compose.components:components-resources-iosArm64	1.12.0	main:shared:iosArm64CompileKlibraries
org.jetbrains.compose.components:components-resources-iosSimulatorArm64	1.12.0	main:shared:iosSimulatorArm64TestCompileKlibraries
org.jetbrains.compose.components:components-ui-tooling-preview	1.12.0	main:app-android:benchmarkReleaseRuntimeClasspath;main:app-android:debugRuntimeClasspath;main:app-android:debugUnitTestRuntimeClasspath;main:app-android:nonMinifiedReleaseRuntimeClasspath;main:app-android:releaseRuntimeClasspath;main:app-wear:debugRuntimeClasspath;main:app-wear:debugUnitTestRuntimeClasspath;main:app-wear:releaseRuntimeClasspath;main:shared:androidCompileClasspath;main:shared:androidHostTestCompileClasspath;main:shared:androidHostTestRuntimeClasspath;main:shared:androidRuntimeClasspath;main:shared:commonMainResolvableDependenciesMetadata;main:shared:commonTestResolvableDependenciesMetadata;main:shared:composeHotReloadDevJvmDevRuntimeClasspath;main:shared:composeHotReloadDevJvmRuntimeClasspath;main:shared:composeHotReloadDevJvmTestRuntimeClasspath;main:shared:iosArm64CompileKlibraries;main:shared:iosSimulatorArm64TestCompileKlibraries;main:shared:jvmCompileClasspath;main:shared:jvmDevCompileClasspath;main:shared:jvmDevRuntimeClasspath;main:shared:jvmMainCompileClasspath;main:shared:jvmMainRuntimeClasspath;main:shared:jvmRuntimeClasspath;main:shared:jvmTestCompileClasspath;main:shared:jvmTestRuntimeClasspath;main:shared:metadataAppleMainCompileClasspath;main:shared:metadataCommonMainCompileClasspath;main:shared:metadataCompileClasspath;main:shared:metadataIosMainCompileClasspath;main:shared:metadataNativeMainCompileClasspath
org.jetbrains.compose.components:components-ui-tooling-preview-android	1.12.0	main:app-android:benchmarkReleaseRuntimeClasspath;main:app-android:debugRuntimeClasspath;main:app-android:debugUnitTestRuntimeClasspath;main:app-android:nonMinifiedReleaseRuntimeClasspath;main:app-android:releaseRuntimeClasspath;main:app-wear:debugRuntimeClasspath;main:app-wear:debugUnitTestRuntimeClasspath;main:app-wear:releaseRuntimeClasspath;main:shared:androidCompileClasspath;main:shared:androidHostTestCompileClasspath;main:shared:androidHostTestRuntimeClasspath;main:shared:androidRuntimeClasspath
org.jetbrains.compose.components:components-ui-tooling-preview-desktop	1.12.0	main:shared:composeHotReloadDevJvmDevRuntimeClasspath;main:shared:composeHotReloadDevJvmRuntimeClasspath;main:shared:composeHotReloadDevJvmTestRuntimeClasspath;main:shared:jvmCompileClasspath;main:shared:jvmDevCompileClasspath;main:shared:jvmDevRuntimeClasspath;main:shared:jvmMainCompileClasspath;main:shared:jvmMainRuntimeClasspath;main:shared:jvmRuntimeClasspath;main:shared:jvmTestCompileClasspath;main:shared:jvmTestRuntimeClasspath
org.jetbrains.compose.components:components-ui-tooling-preview-iosArm64	1.12.0	main:shared:iosArm64CompileKlibraries
org.jetbrains.compose.components:components-ui-tooling-preview-iosSimulatorArm64	1.12.0	main:shared:iosSimulatorArm64TestCompileKlibraries
org.jetbrains.compose.desktop:desktop	1.12.0	main:shared:composeHotReloadDevJvmDevRuntimeClasspath;main:shared:jvmDevCompileClasspath;main:shared:jvmDevRuntimeClasspath
org.jetbrains.compose.desktop:desktop-jvm	1.12.0	main:shared:composeHotReloadDevJvmDevRuntimeClasspath;main:shared:jvmDevCompileClasspath;main:shared:jvmDevRuntimeClasspath
org.jetbrains.compose.desktop:desktop-jvm-macos-arm64	1.12.0	main:shared:composeHotReloadDevJvmDevRuntimeClasspath;main:shared:jvmDevCompileClasspath;main:shared:jvmDevRuntimeClasspath
org.jetbrains.compose.foundation:foundation	1.12.0	main:app-android:benchmarkReleaseRuntimeClasspath;main:app-android:debugAndroidTestCompileClasspath;main:app-android:debugAndroidTestRuntimeClasspath;main:app-android:debugRuntimeClasspath;main:app-android:debugUnitTestRuntimeClasspath;main:app-android:nonMinifiedReleaseRuntimeClasspath;main:app-android:releaseRuntimeClasspath;main:app-wear:debugRuntimeClasspath;main:app-wear:debugUnitTestRuntimeClasspath;main:app-wear:releaseRuntimeClasspath;main:shared:androidCompileClasspath;main:shared:androidHostTestCompileClasspath;main:shared:androidHostTestRuntimeClasspath;main:shared:androidRuntimeClasspath;main:shared:commonMainResolvableDependenciesMetadata;main:shared:commonTestResolvableDependenciesMetadata;main:shared:composeHotReloadDevJvmDevRuntimeClasspath;main:shared:composeHotReloadDevJvmRuntimeClasspath;main:shared:composeHotReloadDevJvmTestRuntimeClasspath;main:shared:iosArm64CompileKlibraries;main:shared:iosSimulatorArm64TestCompileKlibraries;main:shared:jvmCompileClasspath;main:shared:jvmDevCompileClasspath;main:shared:jvmDevRuntimeClasspath;main:shared:jvmMainCompileClasspath;main:shared:jvmMainRuntimeClasspath;main:shared:jvmRuntimeClasspath;main:shared:jvmTestCompileClasspath;main:shared:jvmTestRuntimeClasspath;main:shared:metadataAppleMainCompileClasspath;main:shared:metadataCommonMainCompileClasspath;main:shared:metadataCompileClasspath;main:shared:metadataIosMainCompileClasspath;main:shared:metadataNativeMainCompileClasspath
org.jetbrains.compose.foundation:foundation-android	1.12.0	main:app-android:benchmarkReleaseRuntimeClasspath;main:app-android:debugAndroidTestCompileClasspath;main:app-android:debugAndroidTestRuntimeClasspath;main:app-android:debugRuntimeClasspath;main:app-android:debugUnitTestRuntimeClasspath;main:app-android:nonMinifiedReleaseRuntimeClasspath;main:app-android:releaseRuntimeClasspath;main:app-wear:debugRuntimeClasspath;main:app-wear:debugUnitTestRuntimeClasspath;main:app-wear:releaseRuntimeClasspath;main:shared:androidCompileClasspath;main:shared:androidHostTestCompileClasspath;main:shared:androidHostTestRuntimeClasspath;main:shared:androidRuntimeClasspath
org.jetbrains.compose.foundation:foundation-desktop	1.12.0	main:shared:composeHotReloadDevJvmDevRuntimeClasspath;main:shared:composeHotReloadDevJvmRuntimeClasspath;main:shared:composeHotReloadDevJvmTestRuntimeClasspath;main:shared:jvmCompileClasspath;main:shared:jvmDevCompileClasspath;main:shared:jvmDevRuntimeClasspath;main:shared:jvmMainCompileClasspath;main:shared:jvmMainRuntimeClasspath;main:shared:jvmRuntimeClasspath;main:shared:jvmTestCompileClasspath;main:shared:jvmTestRuntimeClasspath
org.jetbrains.compose.foundation:foundation-iosarm64	1.12.0	main:shared:iosArm64CompileKlibraries
org.jetbrains.compose.foundation:foundation-iossimulatorarm64	1.12.0	main:shared:iosSimulatorArm64TestCompileKlibraries
org.jetbrains.compose.foundation:foundation-layout	1.12.0	main:app-android:benchmarkReleaseRuntimeClasspath;main:app-android:debugAndroidTestCompileClasspath;main:app-android:debugAndroidTestRuntimeClasspath;main:app-android:debugRuntimeClasspath;main:app-android:debugUnitTestRuntimeClasspath;main:app-android:nonMinifiedReleaseRuntimeClasspath;main:app-android:releaseRuntimeClasspath;main:app-wear:debugRuntimeClasspath;main:app-wear:debugUnitTestRuntimeClasspath;main:app-wear:releaseRuntimeClasspath;main:shared:androidCompileClasspath;main:shared:androidHostTestCompileClasspath;main:shared:androidHostTestRuntimeClasspath;main:shared:androidRuntimeClasspath;main:shared:commonMainResolvableDependenciesMetadata;main:shared:commonTestResolvableDependenciesMetadata;main:shared:composeHotReloadDevJvmDevRuntimeClasspath;main:shared:composeHotReloadDevJvmRuntimeClasspath;main:shared:composeHotReloadDevJvmTestRuntimeClasspath;main:shared:iosArm64CompileKlibraries;main:shared:iosSimulatorArm64TestCompileKlibraries;main:shared:jvmCompileClasspath;main:shared:jvmDevCompileClasspath;main:shared:jvmDevRuntimeClasspath;main:shared:jvmMainCompileClasspath;main:shared:jvmMainRuntimeClasspath;main:shared:jvmRuntimeClasspath;main:shared:jvmTestCompileClasspath;main:shared:jvmTestRuntimeClasspath;main:shared:metadataAppleMainCompileClasspath;main:shared:metadataCommonMainCompileClasspath;main:shared:metadataCompileClasspath;main:shared:metadataIosMainCompileClasspath;main:shared:metadataNativeMainCompileClasspath
org.jetbrains.compose.foundation:foundation-layout-android	1.12.0	main:app-android:benchmarkReleaseRuntimeClasspath;main:app-android:debugAndroidTestCompileClasspath;main:app-android:debugAndroidTestRuntimeClasspath;main:app-android:debugRuntimeClasspath;main:app-android:debugUnitTestRuntimeClasspath;main:app-android:nonMinifiedReleaseRuntimeClasspath;main:app-android:releaseRuntimeClasspath;main:app-wear:debugRuntimeClasspath;main:app-wear:debugUnitTestRuntimeClasspath;main:app-wear:releaseRuntimeClasspath;main:shared:androidCompileClasspath;main:shared:androidHostTestCompileClasspath;main:shared:androidHostTestRuntimeClasspath;main:shared:androidRuntimeClasspath
org.jetbrains.compose.foundation:foundation-layout-desktop	1.12.0	main:shared:composeHotReloadDevJvmDevRuntimeClasspath;main:shared:composeHotReloadDevJvmRuntimeClasspath;main:shared:composeHotReloadDevJvmTestRuntimeClasspath;main:shared:jvmCompileClasspath;main:shared:jvmDevCompileClasspath;main:shared:jvmDevRuntimeClasspath;main:shared:jvmMainCompileClasspath;main:shared:jvmMainRuntimeClasspath;main:shared:jvmRuntimeClasspath;main:shared:jvmTestCompileClasspath;main:shared:jvmTestRuntimeClasspath
org.jetbrains.compose.foundation:foundation-layout-iosarm64	1.12.0	main:shared:iosArm64CompileKlibraries
org.jetbrains.compose.foundation:foundation-layout-iossimulatorarm64	1.12.0	main:shared:iosSimulatorArm64TestCompileKlibraries
org.jetbrains.compose.hot-reload:hot-reload-annotations	1.2.0	main:shared:composeHotReloadDevJvmDevRuntimeClasspath;main:shared:composeHotReloadDevJvmRuntimeClasspath;main:shared:composeHotReloadDevJvmTestRuntimeClasspath;main:shared:jvmDevCompileClasspath;main:shared:jvmDevRuntimeClasspath
org.jetbrains.compose.hot-reload:hot-reload-annotations-jvm	1.2.0	main:shared:composeHotReloadDevJvmDevRuntimeClasspath;main:shared:composeHotReloadDevJvmRuntimeClasspath;main:shared:composeHotReloadDevJvmTestRuntimeClasspath;main:shared:jvmDevCompileClasspath;main:shared:jvmDevRuntimeClasspath
org.jetbrains.compose.hot-reload:hot-reload-core	1.2.0	main:shared:composeHotReloadDevJvmDevRuntimeClasspath;main:shared:composeHotReloadDevJvmRuntimeClasspath;main:shared:composeHotReloadDevJvmTestRuntimeClasspath
org.jetbrains.compose.hot-reload:hot-reload-devtools-api	1.2.0	main:shared:composeHotReloadDevJvmDevRuntimeClasspath;main:shared:composeHotReloadDevJvmRuntimeClasspath;main:shared:composeHotReloadDevJvmTestRuntimeClasspath
org.jetbrains.compose.hot-reload:hot-reload-orchestration	1.2.0	main:shared:composeHotReloadDevJvmDevRuntimeClasspath;main:shared:composeHotReloadDevJvmRuntimeClasspath;main:shared:composeHotReloadDevJvmTestRuntimeClasspath
org.jetbrains.compose.hot-reload:hot-reload-runtime-api	1.2.0	main:shared:composeHotReloadDevJvmDevRuntimeClasspath;main:shared:jvmDevCompileClasspath;main:shared:jvmDevRuntimeClasspath
org.jetbrains.compose.hot-reload:hot-reload-runtime-api-jvm	1.2.0	main:shared:composeHotReloadDevJvmDevRuntimeClasspath;main:shared:jvmDevCompileClasspath;main:shared:jvmDevRuntimeClasspath
org.jetbrains.compose.hot-reload:hot-reload-runtime-jvm	1.2.0	main:shared:composeHotReloadDevJvmDevRuntimeClasspath;main:shared:composeHotReloadDevJvmRuntimeClasspath;main:shared:composeHotReloadDevJvmTestRuntimeClasspath
org.jetbrains.compose.material3:material3	1.9.0	main:app-android:benchmarkReleaseRuntimeClasspath;main:app-android:debugRuntimeClasspath;main:app-android:debugUnitTestRuntimeClasspath;main:app-android:nonMinifiedReleaseRuntimeClasspath;main:app-android:releaseRuntimeClasspath;main:app-wear:debugRuntimeClasspath;main:app-wear:debugUnitTestRuntimeClasspath;main:app-wear:releaseRuntimeClasspath;main:shared:androidCompileClasspath;main:shared:androidHostTestCompileClasspath;main:shared:androidHostTestRuntimeClasspath;main:shared:androidRuntimeClasspath;main:shared:commonMainResolvableDependenciesMetadata;main:shared:commonTestResolvableDependenciesMetadata;main:shared:composeHotReloadDevJvmDevRuntimeClasspath;main:shared:composeHotReloadDevJvmRuntimeClasspath;main:shared:composeHotReloadDevJvmTestRuntimeClasspath;main:shared:iosArm64CompileKlibraries;main:shared:iosSimulatorArm64TestCompileKlibraries;main:shared:jvmCompileClasspath;main:shared:jvmDevCompileClasspath;main:shared:jvmDevRuntimeClasspath;main:shared:jvmMainCompileClasspath;main:shared:jvmMainRuntimeClasspath;main:shared:jvmRuntimeClasspath;main:shared:jvmTestCompileClasspath;main:shared:jvmTestRuntimeClasspath;main:shared:metadataAppleMainCompileClasspath;main:shared:metadataCommonMainCompileClasspath;main:shared:metadataCompileClasspath;main:shared:metadataIosMainCompileClasspath;main:shared:metadataNativeMainCompileClasspath
org.jetbrains.compose.material3:material3-desktop	1.9.0	main:shared:composeHotReloadDevJvmDevRuntimeClasspath;main:shared:composeHotReloadDevJvmRuntimeClasspath;main:shared:composeHotReloadDevJvmTestRuntimeClasspath;main:shared:jvmCompileClasspath;main:shared:jvmDevCompileClasspath;main:shared:jvmDevRuntimeClasspath;main:shared:jvmMainCompileClasspath;main:shared:jvmMainRuntimeClasspath;main:shared:jvmRuntimeClasspath;main:shared:jvmTestCompileClasspath;main:shared:jvmTestRuntimeClasspath
org.jetbrains.compose.material3:material3-uikitarm64	1.9.0	main:shared:iosArm64CompileKlibraries
org.jetbrains.compose.material3:material3-uikitsimarm64	1.9.0	main:shared:iosSimulatorArm64TestCompileKlibraries
org.jetbrains.compose.material:material	1.12.0	main:shared:composeHotReloadDevJvmDevRuntimeClasspath;main:shared:jvmDevCompileClasspath;main:shared:jvmDevRuntimeClasspath
org.jetbrains.compose.material:material-desktop	1.12.0	main:shared:composeHotReloadDevJvmDevRuntimeClasspath;main:shared:jvmDevCompileClasspath;main:shared:jvmDevRuntimeClasspath
org.jetbrains.compose.material:material-icons-core	1.7.3	main:app-android:benchmarkReleaseRuntimeClasspath;main:app-android:debugRuntimeClasspath;main:app-android:debugUnitTestRuntimeClasspath;main:app-android:nonMinifiedReleaseRuntimeClasspath;main:app-android:releaseRuntimeClasspath;main:app-wear:debugRuntimeClasspath;main:app-wear:debugUnitTestRuntimeClasspath;main:app-wear:releaseRuntimeClasspath;main:shared:androidCompileClasspath;main:shared:androidHostTestCompileClasspath;main:shared:androidHostTestRuntimeClasspath;main:shared:androidRuntimeClasspath;main:shared:commonMainResolvableDependenciesMetadata;main:shared:commonTestResolvableDependenciesMetadata;main:shared:composeHotReloadDevJvmDevRuntimeClasspath;main:shared:composeHotReloadDevJvmRuntimeClasspath;main:shared:composeHotReloadDevJvmTestRuntimeClasspath;main:shared:iosArm64CompileKlibraries;main:shared:iosSimulatorArm64TestCompileKlibraries;main:shared:jvmCompileClasspath;main:shared:jvmDevCompileClasspath;main:shared:jvmDevRuntimeClasspath;main:shared:jvmMainCompileClasspath;main:shared:jvmMainRuntimeClasspath;main:shared:jvmRuntimeClasspath;main:shared:jvmTestCompileClasspath;main:shared:jvmTestRuntimeClasspath;main:shared:metadataAppleMainCompileClasspath;main:shared:metadataCommonMainCompileClasspath;main:shared:metadataCompileClasspath;main:shared:metadataIosMainCompileClasspath;main:shared:metadataNativeMainCompileClasspath
org.jetbrains.compose.material:material-icons-core-desktop	1.7.3	main:shared:composeHotReloadDevJvmDevRuntimeClasspath;main:shared:composeHotReloadDevJvmRuntimeClasspath;main:shared:composeHotReloadDevJvmTestRuntimeClasspath;main:shared:jvmCompileClasspath;main:shared:jvmDevCompileClasspath;main:shared:jvmDevRuntimeClasspath;main:shared:jvmMainCompileClasspath;main:shared:jvmMainRuntimeClasspath;main:shared:jvmRuntimeClasspath;main:shared:jvmTestCompileClasspath;main:shared:jvmTestRuntimeClasspath
org.jetbrains.compose.material:material-icons-core-uikitarm64	1.7.3	main:shared:iosArm64CompileKlibraries
org.jetbrains.compose.material:material-icons-core-uikitsimarm64	1.7.3	main:shared:iosSimulatorArm64TestCompileKlibraries
org.jetbrains.compose.material:material-icons-extended	1.7.3	main:app-android:benchmarkReleaseRuntimeClasspath;main:app-android:debugRuntimeClasspath;main:app-android:debugUnitTestRuntimeClasspath;main:app-android:nonMinifiedReleaseRuntimeClasspath;main:app-android:releaseRuntimeClasspath;main:app-wear:debugRuntimeClasspath;main:app-wear:debugUnitTestRuntimeClasspath;main:app-wear:releaseRuntimeClasspath;main:shared:androidCompileClasspath;main:shared:androidHostTestCompileClasspath;main:shared:androidHostTestRuntimeClasspath;main:shared:androidRuntimeClasspath;main:shared:commonMainResolvableDependenciesMetadata;main:shared:commonTestResolvableDependenciesMetadata;main:shared:composeHotReloadDevJvmDevRuntimeClasspath;main:shared:composeHotReloadDevJvmRuntimeClasspath;main:shared:composeHotReloadDevJvmTestRuntimeClasspath;main:shared:iosArm64CompileKlibraries;main:shared:iosSimulatorArm64TestCompileKlibraries;main:shared:jvmCompileClasspath;main:shared:jvmDevCompileClasspath;main:shared:jvmDevRuntimeClasspath;main:shared:jvmMainCompileClasspath;main:shared:jvmMainRuntimeClasspath;main:shared:jvmRuntimeClasspath;main:shared:jvmTestCompileClasspath;main:shared:jvmTestRuntimeClasspath;main:shared:metadataAppleMainCompileClasspath;main:shared:metadataCommonMainCompileClasspath;main:shared:metadataCompileClasspath;main:shared:metadataIosMainCompileClasspath;main:shared:metadataNativeMainCompileClasspath
org.jetbrains.compose.material:material-icons-extended-desktop	1.7.3	main:shared:composeHotReloadDevJvmDevRuntimeClasspath;main:shared:composeHotReloadDevJvmRuntimeClasspath;main:shared:composeHotReloadDevJvmTestRuntimeClasspath;main:shared:jvmCompileClasspath;main:shared:jvmDevCompileClasspath;main:shared:jvmDevRuntimeClasspath;main:shared:jvmMainCompileClasspath;main:shared:jvmMainRuntimeClasspath;main:shared:jvmRuntimeClasspath;main:shared:jvmTestCompileClasspath;main:shared:jvmTestRuntimeClasspath
org.jetbrains.compose.material:material-icons-extended-uikitarm64	1.7.3	main:shared:iosArm64CompileKlibraries
org.jetbrains.compose.material:material-icons-extended-uikitsimarm64	1.7.3	main:shared:iosSimulatorArm64TestCompileKlibraries
org.jetbrains.compose.material:material-ripple	1.12.0	main:shared:composeHotReloadDevJvmDevRuntimeClasspath;main:shared:jvmDevCompileClasspath;main:shared:jvmDevRuntimeClasspath
org.jetbrains.compose.material:material-ripple	1.9.1	main:app-android:benchmarkReleaseRuntimeClasspath;main:app-android:debugRuntimeClasspath;main:app-android:debugUnitTestRuntimeClasspath;main:app-android:nonMinifiedReleaseRuntimeClasspath;main:app-android:releaseRuntimeClasspath;main:app-wear:debugRuntimeClasspath;main:app-wear:debugUnitTestRuntimeClasspath;main:app-wear:releaseRuntimeClasspath;main:shared:androidCompileClasspath;main:shared:androidHostTestCompileClasspath;main:shared:androidHostTestRuntimeClasspath;main:shared:androidRuntimeClasspath;main:shared:commonMainResolvableDependenciesMetadata;main:shared:commonTestResolvableDependenciesMetadata;main:shared:composeHotReloadDevJvmRuntimeClasspath;main:shared:composeHotReloadDevJvmTestRuntimeClasspath;main:shared:iosArm64CompileKlibraries;main:shared:iosSimulatorArm64TestCompileKlibraries;main:shared:jvmCompileClasspath;main:shared:jvmMainCompileClasspath;main:shared:jvmMainRuntimeClasspath;main:shared:jvmRuntimeClasspath;main:shared:jvmTestCompileClasspath;main:shared:jvmTestRuntimeClasspath;main:shared:metadataAppleMainCompileClasspath;main:shared:metadataCommonMainCompileClasspath;main:shared:metadataCompileClasspath;main:shared:metadataIosMainCompileClasspath;main:shared:metadataNativeMainCompileClasspath
org.jetbrains.compose.material:material-ripple-desktop	1.12.0	main:shared:composeHotReloadDevJvmDevRuntimeClasspath;main:shared:jvmDevCompileClasspath;main:shared:jvmDevRuntimeClasspath
org.jetbrains.compose.material:material-ripple-desktop	1.9.1	main:shared:composeHotReloadDevJvmRuntimeClasspath;main:shared:composeHotReloadDevJvmTestRuntimeClasspath;main:shared:jvmCompileClasspath;main:shared:jvmMainCompileClasspath;main:shared:jvmMainRuntimeClasspath;main:shared:jvmRuntimeClasspath;main:shared:jvmTestCompileClasspath;main:shared:jvmTestRuntimeClasspath
org.jetbrains.compose.material:material-ripple-uikitarm64	1.9.1	main:shared:iosArm64CompileKlibraries
org.jetbrains.compose.material:material-ripple-uikitsimarm64	1.9.1	main:shared:iosSimulatorArm64TestCompileKlibraries
org.jetbrains.compose.runtime:runtime	1.12.0	main:app-android:benchmarkReleaseRuntimeClasspath;main:app-android:debugAndroidTestCompileClasspath;main:app-android:debugAndroidTestRuntimeClasspath;main:app-android:debugRuntimeClasspath;main:app-android:debugUnitTestRuntimeClasspath;main:app-android:nonMinifiedReleaseRuntimeClasspath;main:app-android:releaseRuntimeClasspath;main:app-wear:debugRuntimeClasspath;main:app-wear:debugUnitTestRuntimeClasspath;main:app-wear:releaseRuntimeClasspath;main:shared:androidCompileClasspath;main:shared:androidHostTestCompileClasspath;main:shared:androidHostTestRuntimeClasspath;main:shared:androidRuntimeClasspath;main:shared:commonMainResolvableDependenciesMetadata;main:shared:commonTestResolvableDependenciesMetadata;main:shared:composeHotReloadDevJvmDevRuntimeClasspath;main:shared:composeHotReloadDevJvmRuntimeClasspath;main:shared:composeHotReloadDevJvmTestRuntimeClasspath;main:shared:iosArm64CompileKlibraries;main:shared:iosSimulatorArm64TestCompileKlibraries;main:shared:jvmCompileClasspath;main:shared:jvmDevCompileClasspath;main:shared:jvmDevRuntimeClasspath;main:shared:jvmMainCompileClasspath;main:shared:jvmMainRuntimeClasspath;main:shared:jvmRuntimeClasspath;main:shared:jvmTestCompileClasspath;main:shared:jvmTestRuntimeClasspath;main:shared:metadataAppleMainCompileClasspath;main:shared:metadataCommonMainCompileClasspath;main:shared:metadataCompileClasspath;main:shared:metadataIosMainCompileClasspath;main:shared:metadataNativeMainCompileClasspath
org.jetbrains.compose.runtime:runtime-android	1.12.0	main:app-android:benchmarkReleaseRuntimeClasspath;main:app-android:debugAndroidTestCompileClasspath;main:app-android:debugAndroidTestRuntimeClasspath;main:app-android:debugRuntimeClasspath;main:app-android:debugUnitTestRuntimeClasspath;main:app-android:nonMinifiedReleaseRuntimeClasspath;main:app-android:releaseRuntimeClasspath;main:app-wear:debugRuntimeClasspath;main:app-wear:debugUnitTestRuntimeClasspath;main:app-wear:releaseRuntimeClasspath;main:shared:androidCompileClasspath;main:shared:androidHostTestCompileClasspath;main:shared:androidHostTestRuntimeClasspath;main:shared:androidRuntimeClasspath
org.jetbrains.compose.runtime:runtime-desktop	1.12.0	main:shared:composeHotReloadDevJvmDevRuntimeClasspath;main:shared:composeHotReloadDevJvmRuntimeClasspath;main:shared:composeHotReloadDevJvmTestRuntimeClasspath;main:shared:jvmCompileClasspath;main:shared:jvmDevCompileClasspath;main:shared:jvmDevRuntimeClasspath;main:shared:jvmMainCompileClasspath;main:shared:jvmMainRuntimeClasspath;main:shared:jvmRuntimeClasspath;main:shared:jvmTestCompileClasspath;main:shared:jvmTestRuntimeClasspath
org.jetbrains.compose.runtime:runtime-iosarm64	1.12.0	main:shared:iosArm64CompileKlibraries
org.jetbrains.compose.runtime:runtime-iossimulatorarm64	1.12.0	main:shared:iosSimulatorArm64TestCompileKlibraries
org.jetbrains.compose.runtime:runtime-saveable	1.12.0	main:app-android:benchmarkReleaseRuntimeClasspath;main:app-android:debugAndroidTestCompileClasspath;main:app-android:debugAndroidTestRuntimeClasspath;main:app-android:debugRuntimeClasspath;main:app-android:debugUnitTestRuntimeClasspath;main:app-android:nonMinifiedReleaseRuntimeClasspath;main:app-android:releaseRuntimeClasspath;main:app-wear:debugRuntimeClasspath;main:app-wear:debugUnitTestRuntimeClasspath;main:app-wear:releaseRuntimeClasspath;main:shared:androidCompileClasspath;main:shared:androidHostTestCompileClasspath;main:shared:androidHostTestRuntimeClasspath;main:shared:androidRuntimeClasspath;main:shared:commonMainResolvableDependenciesMetadata;main:shared:commonTestResolvableDependenciesMetadata;main:shared:composeHotReloadDevJvmDevRuntimeClasspath;main:shared:composeHotReloadDevJvmRuntimeClasspath;main:shared:composeHotReloadDevJvmTestRuntimeClasspath;main:shared:iosArm64CompileKlibraries;main:shared:iosSimulatorArm64TestCompileKlibraries;main:shared:jvmCompileClasspath;main:shared:jvmDevCompileClasspath;main:shared:jvmDevRuntimeClasspath;main:shared:jvmMainCompileClasspath;main:shared:jvmMainRuntimeClasspath;main:shared:jvmRuntimeClasspath;main:shared:jvmTestCompileClasspath;main:shared:jvmTestRuntimeClasspath;main:shared:metadataAppleMainCompileClasspath;main:shared:metadataCommonMainCompileClasspath;main:shared:metadataCompileClasspath;main:shared:metadataIosMainCompileClasspath;main:shared:metadataNativeMainCompileClasspath
org.jetbrains.compose.runtime:runtime-saveable-android	1.12.0	main:app-android:benchmarkReleaseRuntimeClasspath;main:app-android:debugAndroidTestCompileClasspath;main:app-android:debugAndroidTestRuntimeClasspath;main:app-android:debugRuntimeClasspath;main:app-android:debugUnitTestRuntimeClasspath;main:app-android:nonMinifiedReleaseRuntimeClasspath;main:app-android:releaseRuntimeClasspath;main:app-wear:debugRuntimeClasspath;main:app-wear:debugUnitTestRuntimeClasspath;main:app-wear:releaseRuntimeClasspath;main:shared:androidCompileClasspath;main:shared:androidHostTestCompileClasspath;main:shared:androidHostTestRuntimeClasspath;main:shared:androidRuntimeClasspath
org.jetbrains.compose.runtime:runtime-saveable-desktop	1.12.0	main:shared:composeHotReloadDevJvmDevRuntimeClasspath;main:shared:composeHotReloadDevJvmRuntimeClasspath;main:shared:composeHotReloadDevJvmTestRuntimeClasspath;main:shared:jvmCompileClasspath;main:shared:jvmDevCompileClasspath;main:shared:jvmDevRuntimeClasspath;main:shared:jvmMainCompileClasspath;main:shared:jvmMainRuntimeClasspath;main:shared:jvmRuntimeClasspath;main:shared:jvmTestCompileClasspath;main:shared:jvmTestRuntimeClasspath
org.jetbrains.compose.runtime:runtime-saveable-iosarm64	1.12.0	main:shared:iosArm64CompileKlibraries
org.jetbrains.compose.runtime:runtime-saveable-iossimulatorarm64	1.12.0	main:shared:iosSimulatorArm64TestCompileKlibraries
org.jetbrains.compose.ui:ui	1.12.0	main:app-android:benchmarkReleaseRuntimeClasspath;main:app-android:debugAndroidTestCompileClasspath;main:app-android:debugAndroidTestRuntimeClasspath;main:app-android:debugRuntimeClasspath;main:app-android:debugUnitTestRuntimeClasspath;main:app-android:nonMinifiedReleaseRuntimeClasspath;main:app-android:releaseRuntimeClasspath;main:app-wear:debugRuntimeClasspath;main:app-wear:debugUnitTestRuntimeClasspath;main:app-wear:releaseRuntimeClasspath;main:shared:androidCompileClasspath;main:shared:androidHostTestCompileClasspath;main:shared:androidHostTestRuntimeClasspath;main:shared:androidRuntimeClasspath;main:shared:commonMainResolvableDependenciesMetadata;main:shared:commonTestResolvableDependenciesMetadata;main:shared:composeHotReloadDevJvmDevRuntimeClasspath;main:shared:composeHotReloadDevJvmRuntimeClasspath;main:shared:composeHotReloadDevJvmTestRuntimeClasspath;main:shared:iosArm64CompileKlibraries;main:shared:iosSimulatorArm64TestCompileKlibraries;main:shared:jvmCompileClasspath;main:shared:jvmDevCompileClasspath;main:shared:jvmDevRuntimeClasspath;main:shared:jvmMainCompileClasspath;main:shared:jvmMainRuntimeClasspath;main:shared:jvmRuntimeClasspath;main:shared:jvmTestCompileClasspath;main:shared:jvmTestRuntimeClasspath;main:shared:metadataAppleMainCompileClasspath;main:shared:metadataCommonMainCompileClasspath;main:shared:metadataCompileClasspath;main:shared:metadataIosMainCompileClasspath;main:shared:metadataNativeMainCompileClasspath
org.jetbrains.compose.ui:ui-android	1.12.0	main:app-android:benchmarkReleaseRuntimeClasspath;main:app-android:debugAndroidTestCompileClasspath;main:app-android:debugAndroidTestRuntimeClasspath;main:app-android:debugRuntimeClasspath;main:app-android:debugUnitTestRuntimeClasspath;main:app-android:nonMinifiedReleaseRuntimeClasspath;main:app-android:releaseRuntimeClasspath;main:app-wear:debugRuntimeClasspath;main:app-wear:debugUnitTestRuntimeClasspath;main:app-wear:releaseRuntimeClasspath;main:shared:androidCompileClasspath;main:shared:androidHostTestCompileClasspath;main:shared:androidHostTestRuntimeClasspath;main:shared:androidRuntimeClasspath
org.jetbrains.compose.ui:ui-backhandler	1.12.0	main:app-android:benchmarkReleaseRuntimeClasspath;main:app-android:debugRuntimeClasspath;main:app-android:debugUnitTestRuntimeClasspath;main:app-android:nonMinifiedReleaseRuntimeClasspath;main:app-android:releaseRuntimeClasspath;main:app-wear:debugRuntimeClasspath;main:app-wear:debugUnitTestRuntimeClasspath;main:app-wear:releaseRuntimeClasspath;main:shared:androidHostTestRuntimeClasspath;main:shared:androidRuntimeClasspath;main:shared:commonMainResolvableDependenciesMetadata;main:shared:commonTestResolvableDependenciesMetadata;main:shared:composeHotReloadDevJvmDevRuntimeClasspath;main:shared:composeHotReloadDevJvmRuntimeClasspath;main:shared:composeHotReloadDevJvmTestRuntimeClasspath;main:shared:iosArm64CompileKlibraries;main:shared:iosSimulatorArm64TestCompileKlibraries;main:shared:jvmDevRuntimeClasspath;main:shared:jvmMainRuntimeClasspath;main:shared:jvmRuntimeClasspath;main:shared:jvmTestRuntimeClasspath;main:shared:metadataAppleMainCompileClasspath;main:shared:metadataCommonMainCompileClasspath;main:shared:metadataCompileClasspath;main:shared:metadataIosMainCompileClasspath;main:shared:metadataNativeMainCompileClasspath
org.jetbrains.compose.ui:ui-backhandler-android	1.12.0	main:app-android:benchmarkReleaseRuntimeClasspath;main:app-android:debugRuntimeClasspath;main:app-android:debugUnitTestRuntimeClasspath;main:app-android:nonMinifiedReleaseRuntimeClasspath;main:app-android:releaseRuntimeClasspath;main:app-wear:debugRuntimeClasspath;main:app-wear:debugUnitTestRuntimeClasspath;main:app-wear:releaseRuntimeClasspath;main:shared:androidHostTestRuntimeClasspath;main:shared:androidRuntimeClasspath
org.jetbrains.compose.ui:ui-backhandler-desktop	1.12.0	main:shared:composeHotReloadDevJvmDevRuntimeClasspath;main:shared:composeHotReloadDevJvmRuntimeClasspath;main:shared:composeHotReloadDevJvmTestRuntimeClasspath;main:shared:jvmDevRuntimeClasspath;main:shared:jvmMainRuntimeClasspath;main:shared:jvmRuntimeClasspath;main:shared:jvmTestRuntimeClasspath
org.jetbrains.compose.ui:ui-backhandler-iosarm64	1.12.0	main:shared:iosArm64CompileKlibraries
org.jetbrains.compose.ui:ui-backhandler-iossimulatorarm64	1.12.0	main:shared:iosSimulatorArm64TestCompileKlibraries
org.jetbrains.compose.ui:ui-desktop	1.12.0	main:shared:composeHotReloadDevJvmDevRuntimeClasspath;main:shared:composeHotReloadDevJvmRuntimeClasspath;main:shared:composeHotReloadDevJvmTestRuntimeClasspath;main:shared:jvmCompileClasspath;main:shared:jvmDevCompileClasspath;main:shared:jvmDevRuntimeClasspath;main:shared:jvmMainCompileClasspath;main:shared:jvmMainRuntimeClasspath;main:shared:jvmRuntimeClasspath;main:shared:jvmTestCompileClasspath;main:shared:jvmTestRuntimeClasspath
org.jetbrains.compose.ui:ui-geometry	1.12.0	main:app-android:benchmarkReleaseRuntimeClasspath;main:app-android:debugAndroidTestCompileClasspath;main:app-android:debugAndroidTestRuntimeClasspath;main:app-android:debugRuntimeClasspath;main:app-android:debugUnitTestRuntimeClasspath;main:app-android:nonMinifiedReleaseRuntimeClasspath;main:app-android:releaseRuntimeClasspath;main:app-wear:debugRuntimeClasspath;main:app-wear:debugUnitTestRuntimeClasspath;main:app-wear:releaseRuntimeClasspath;main:shared:androidCompileClasspath;main:shared:androidHostTestCompileClasspath;main:shared:androidHostTestRuntimeClasspath;main:shared:androidRuntimeClasspath;main:shared:commonMainResolvableDependenciesMetadata;main:shared:commonTestResolvableDependenciesMetadata;main:shared:composeHotReloadDevJvmDevRuntimeClasspath;main:shared:composeHotReloadDevJvmRuntimeClasspath;main:shared:composeHotReloadDevJvmTestRuntimeClasspath;main:shared:iosArm64CompileKlibraries;main:shared:iosSimulatorArm64TestCompileKlibraries;main:shared:jvmCompileClasspath;main:shared:jvmDevCompileClasspath;main:shared:jvmDevRuntimeClasspath;main:shared:jvmMainCompileClasspath;main:shared:jvmMainRuntimeClasspath;main:shared:jvmRuntimeClasspath;main:shared:jvmTestCompileClasspath;main:shared:jvmTestRuntimeClasspath;main:shared:metadataAppleMainCompileClasspath;main:shared:metadataCommonMainCompileClasspath;main:shared:metadataCompileClasspath;main:shared:metadataIosMainCompileClasspath;main:shared:metadataNativeMainCompileClasspath
org.jetbrains.compose.ui:ui-geometry-android	1.12.0	main:app-android:benchmarkReleaseRuntimeClasspath;main:app-android:debugAndroidTestCompileClasspath;main:app-android:debugAndroidTestRuntimeClasspath;main:app-android:debugRuntimeClasspath;main:app-android:debugUnitTestRuntimeClasspath;main:app-android:nonMinifiedReleaseRuntimeClasspath;main:app-android:releaseRuntimeClasspath;main:app-wear:debugRuntimeClasspath;main:app-wear:debugUnitTestRuntimeClasspath;main:app-wear:releaseRuntimeClasspath;main:shared:androidCompileClasspath;main:shared:androidHostTestCompileClasspath;main:shared:androidHostTestRuntimeClasspath;main:shared:androidRuntimeClasspath
org.jetbrains.compose.ui:ui-geometry-desktop	1.12.0	main:shared:composeHotReloadDevJvmDevRuntimeClasspath;main:shared:composeHotReloadDevJvmRuntimeClasspath;main:shared:composeHotReloadDevJvmTestRuntimeClasspath;main:shared:jvmCompileClasspath;main:shared:jvmDevCompileClasspath;main:shared:jvmDevRuntimeClasspath;main:shared:jvmMainCompileClasspath;main:shared:jvmMainRuntimeClasspath;main:shared:jvmRuntimeClasspath;main:shared:jvmTestCompileClasspath;main:shared:jvmTestRuntimeClasspath
org.jetbrains.compose.ui:ui-geometry-iosarm64	1.12.0	main:shared:iosArm64CompileKlibraries
org.jetbrains.compose.ui:ui-geometry-iossimulatorarm64	1.12.0	main:shared:iosSimulatorArm64TestCompileKlibraries
org.jetbrains.compose.ui:ui-graphics	1.12.0	main:app-android:benchmarkReleaseRuntimeClasspath;main:app-android:debugAndroidTestCompileClasspath;main:app-android:debugAndroidTestRuntimeClasspath;main:app-android:debugRuntimeClasspath;main:app-android:debugUnitTestRuntimeClasspath;main:app-android:nonMinifiedReleaseRuntimeClasspath;main:app-android:releaseRuntimeClasspath;main:app-wear:debugRuntimeClasspath;main:app-wear:debugUnitTestRuntimeClasspath;main:app-wear:releaseRuntimeClasspath;main:shared:androidCompileClasspath;main:shared:androidHostTestCompileClasspath;main:shared:androidHostTestRuntimeClasspath;main:shared:androidRuntimeClasspath;main:shared:commonMainResolvableDependenciesMetadata;main:shared:commonTestResolvableDependenciesMetadata;main:shared:composeHotReloadDevJvmDevRuntimeClasspath;main:shared:composeHotReloadDevJvmRuntimeClasspath;main:shared:composeHotReloadDevJvmTestRuntimeClasspath;main:shared:iosArm64CompileKlibraries;main:shared:iosSimulatorArm64TestCompileKlibraries;main:shared:jvmCompileClasspath;main:shared:jvmDevCompileClasspath;main:shared:jvmDevRuntimeClasspath;main:shared:jvmMainCompileClasspath;main:shared:jvmMainRuntimeClasspath;main:shared:jvmRuntimeClasspath;main:shared:jvmTestCompileClasspath;main:shared:jvmTestRuntimeClasspath;main:shared:metadataAppleMainCompileClasspath;main:shared:metadataCommonMainCompileClasspath;main:shared:metadataCompileClasspath;main:shared:metadataIosMainCompileClasspath;main:shared:metadataNativeMainCompileClasspath
org.jetbrains.compose.ui:ui-graphics-android	1.12.0	main:app-android:benchmarkReleaseRuntimeClasspath;main:app-android:debugAndroidTestCompileClasspath;main:app-android:debugAndroidTestRuntimeClasspath;main:app-android:debugRuntimeClasspath;main:app-android:debugUnitTestRuntimeClasspath;main:app-android:nonMinifiedReleaseRuntimeClasspath;main:app-android:releaseRuntimeClasspath;main:app-wear:debugRuntimeClasspath;main:app-wear:debugUnitTestRuntimeClasspath;main:app-wear:releaseRuntimeClasspath;main:shared:androidCompileClasspath;main:shared:androidHostTestCompileClasspath;main:shared:androidHostTestRuntimeClasspath;main:shared:androidRuntimeClasspath
org.jetbrains.compose.ui:ui-graphics-desktop	1.12.0	main:shared:composeHotReloadDevJvmDevRuntimeClasspath;main:shared:composeHotReloadDevJvmRuntimeClasspath;main:shared:composeHotReloadDevJvmTestRuntimeClasspath;main:shared:jvmCompileClasspath;main:shared:jvmDevCompileClasspath;main:shared:jvmDevRuntimeClasspath;main:shared:jvmMainCompileClasspath;main:shared:jvmMainRuntimeClasspath;main:shared:jvmRuntimeClasspath;main:shared:jvmTestCompileClasspath;main:shared:jvmTestRuntimeClasspath
org.jetbrains.compose.ui:ui-graphics-iosarm64	1.12.0	main:shared:iosArm64CompileKlibraries
org.jetbrains.compose.ui:ui-graphics-iossimulatorarm64	1.12.0	main:shared:iosSimulatorArm64TestCompileKlibraries
org.jetbrains.compose.ui:ui-iosarm64	1.12.0	main:shared:iosArm64CompileKlibraries
org.jetbrains.compose.ui:ui-iossimulatorarm64	1.12.0	main:shared:iosSimulatorArm64TestCompileKlibraries
org.jetbrains.compose.ui:ui-text	1.12.0	main:app-android:benchmarkReleaseRuntimeClasspath;main:app-android:debugAndroidTestCompileClasspath;main:app-android:debugAndroidTestRuntimeClasspath;main:app-android:debugRuntimeClasspath;main:app-android:debugUnitTestRuntimeClasspath;main:app-android:nonMinifiedReleaseRuntimeClasspath;main:app-android:releaseRuntimeClasspath;main:app-wear:debugRuntimeClasspath;main:app-wear:debugUnitTestRuntimeClasspath;main:app-wear:releaseRuntimeClasspath;main:shared:androidCompileClasspath;main:shared:androidHostTestCompileClasspath;main:shared:androidHostTestRuntimeClasspath;main:shared:androidRuntimeClasspath;main:shared:commonMainResolvableDependenciesMetadata;main:shared:commonTestResolvableDependenciesMetadata;main:shared:composeHotReloadDevJvmDevRuntimeClasspath;main:shared:composeHotReloadDevJvmRuntimeClasspath;main:shared:composeHotReloadDevJvmTestRuntimeClasspath;main:shared:iosArm64CompileKlibraries;main:shared:iosSimulatorArm64TestCompileKlibraries;main:shared:jvmCompileClasspath;main:shared:jvmDevCompileClasspath;main:shared:jvmDevRuntimeClasspath;main:shared:jvmMainCompileClasspath;main:shared:jvmMainRuntimeClasspath;main:shared:jvmRuntimeClasspath;main:shared:jvmTestCompileClasspath;main:shared:jvmTestRuntimeClasspath;main:shared:metadataAppleMainCompileClasspath;main:shared:metadataCommonMainCompileClasspath;main:shared:metadataCompileClasspath;main:shared:metadataIosMainCompileClasspath;main:shared:metadataNativeMainCompileClasspath
org.jetbrains.compose.ui:ui-text-android	1.12.0	main:app-android:benchmarkReleaseRuntimeClasspath;main:app-android:debugAndroidTestCompileClasspath;main:app-android:debugAndroidTestRuntimeClasspath;main:app-android:debugRuntimeClasspath;main:app-android:debugUnitTestRuntimeClasspath;main:app-android:nonMinifiedReleaseRuntimeClasspath;main:app-android:releaseRuntimeClasspath;main:app-wear:debugRuntimeClasspath;main:app-wear:debugUnitTestRuntimeClasspath;main:app-wear:releaseRuntimeClasspath;main:shared:androidCompileClasspath;main:shared:androidHostTestCompileClasspath;main:shared:androidHostTestRuntimeClasspath;main:shared:androidRuntimeClasspath
org.jetbrains.compose.ui:ui-text-desktop	1.12.0	main:shared:composeHotReloadDevJvmDevRuntimeClasspath;main:shared:composeHotReloadDevJvmRuntimeClasspath;main:shared:composeHotReloadDevJvmTestRuntimeClasspath;main:shared:jvmCompileClasspath;main:shared:jvmDevCompileClasspath;main:shared:jvmDevRuntimeClasspath;main:shared:jvmMainCompileClasspath;main:shared:jvmMainRuntimeClasspath;main:shared:jvmRuntimeClasspath;main:shared:jvmTestCompileClasspath;main:shared:jvmTestRuntimeClasspath
org.jetbrains.compose.ui:ui-text-iosarm64	1.12.0	main:shared:iosArm64CompileKlibraries
org.jetbrains.compose.ui:ui-text-iossimulatorarm64	1.12.0	main:shared:iosSimulatorArm64TestCompileKlibraries
org.jetbrains.compose.ui:ui-tooling	1.12.0	main:shared:androidRuntimeClasspath
org.jetbrains.compose.ui:ui-tooling-android	1.12.0	main:shared:androidRuntimeClasspath
org.jetbrains.compose.ui:ui-tooling-data	1.12.0	main:shared:androidRuntimeClasspath
org.jetbrains.compose.ui:ui-tooling-data-android	1.12.0	main:shared:androidRuntimeClasspath
org.jetbrains.compose.ui:ui-tooling-preview	1.12.0	main:app-android:benchmarkReleaseRuntimeClasspath;main:app-android:debugRuntimeClasspath;main:app-android:debugUnitTestRuntimeClasspath;main:app-android:nonMinifiedReleaseRuntimeClasspath;main:app-android:releaseRuntimeClasspath;main:app-wear:debugRuntimeClasspath;main:app-wear:debugUnitTestRuntimeClasspath;main:app-wear:releaseRuntimeClasspath;main:shared:androidCompileClasspath;main:shared:androidHostTestCompileClasspath;main:shared:androidHostTestRuntimeClasspath;main:shared:androidRuntimeClasspath;main:shared:composeHotReloadDevJvmDevRuntimeClasspath;main:shared:jvmDevCompileClasspath;main:shared:jvmDevRuntimeClasspath
org.jetbrains.compose.ui:ui-tooling-preview-android	1.12.0	main:app-android:benchmarkReleaseRuntimeClasspath;main:app-android:debugRuntimeClasspath;main:app-android:debugUnitTestRuntimeClasspath;main:app-android:nonMinifiedReleaseRuntimeClasspath;main:app-android:releaseRuntimeClasspath;main:app-wear:debugRuntimeClasspath;main:app-wear:debugUnitTestRuntimeClasspath;main:app-wear:releaseRuntimeClasspath;main:shared:androidCompileClasspath;main:shared:androidHostTestCompileClasspath;main:shared:androidHostTestRuntimeClasspath;main:shared:androidRuntimeClasspath
org.jetbrains.compose.ui:ui-tooling-preview-desktop	1.12.0	main:shared:composeHotReloadDevJvmDevRuntimeClasspath;main:shared:jvmDevCompileClasspath;main:shared:jvmDevRuntimeClasspath
org.jetbrains.compose.ui:ui-uikit	1.12.0	main:shared:commonMainResolvableDependenciesMetadata;main:shared:commonTestResolvableDependenciesMetadata;main:shared:iosArm64CompileKlibraries;main:shared:iosSimulatorArm64TestCompileKlibraries;main:shared:metadataAppleMainCompileClasspath;main:shared:metadataCommonMainCompileClasspath;main:shared:metadataCompileClasspath;main:shared:metadataIosMainCompileClasspath;main:shared:metadataNativeMainCompileClasspath
org.jetbrains.compose.ui:ui-uikit-iosarm64	1.12.0	main:shared:iosArm64CompileKlibraries
org.jetbrains.compose.ui:ui-uikit-iossimulatorarm64	1.12.0	main:shared:iosSimulatorArm64TestCompileKlibraries
org.jetbrains.compose.ui:ui-unit	1.12.0	main:app-android:benchmarkReleaseRuntimeClasspath;main:app-android:debugAndroidTestCompileClasspath;main:app-android:debugAndroidTestRuntimeClasspath;main:app-android:debugRuntimeClasspath;main:app-android:debugUnitTestRuntimeClasspath;main:app-android:nonMinifiedReleaseRuntimeClasspath;main:app-android:releaseRuntimeClasspath;main:app-wear:debugRuntimeClasspath;main:app-wear:debugUnitTestRuntimeClasspath;main:app-wear:releaseRuntimeClasspath;main:shared:androidCompileClasspath;main:shared:androidHostTestCompileClasspath;main:shared:androidHostTestRuntimeClasspath;main:shared:androidRuntimeClasspath;main:shared:commonMainResolvableDependenciesMetadata;main:shared:commonTestResolvableDependenciesMetadata;main:shared:composeHotReloadDevJvmDevRuntimeClasspath;main:shared:composeHotReloadDevJvmRuntimeClasspath;main:shared:composeHotReloadDevJvmTestRuntimeClasspath;main:shared:iosArm64CompileKlibraries;main:shared:iosSimulatorArm64TestCompileKlibraries;main:shared:jvmCompileClasspath;main:shared:jvmDevCompileClasspath;main:shared:jvmDevRuntimeClasspath;main:shared:jvmMainCompileClasspath;main:shared:jvmMainRuntimeClasspath;main:shared:jvmRuntimeClasspath;main:shared:jvmTestCompileClasspath;main:shared:jvmTestRuntimeClasspath;main:shared:metadataAppleMainCompileClasspath;main:shared:metadataCommonMainCompileClasspath;main:shared:metadataCompileClasspath;main:shared:metadataIosMainCompileClasspath;main:shared:metadataNativeMainCompileClasspath
org.jetbrains.compose.ui:ui-unit-android	1.12.0	main:app-android:benchmarkReleaseRuntimeClasspath;main:app-android:debugAndroidTestCompileClasspath;main:app-android:debugAndroidTestRuntimeClasspath;main:app-android:debugRuntimeClasspath;main:app-android:debugUnitTestRuntimeClasspath;main:app-android:nonMinifiedReleaseRuntimeClasspath;main:app-android:releaseRuntimeClasspath;main:app-wear:debugRuntimeClasspath;main:app-wear:debugUnitTestRuntimeClasspath;main:app-wear:releaseRuntimeClasspath;main:shared:androidCompileClasspath;main:shared:androidHostTestCompileClasspath;main:shared:androidHostTestRuntimeClasspath;main:shared:androidRuntimeClasspath
org.jetbrains.compose.ui:ui-unit-desktop	1.12.0	main:shared:composeHotReloadDevJvmDevRuntimeClasspath;main:shared:composeHotReloadDevJvmRuntimeClasspath;main:shared:composeHotReloadDevJvmTestRuntimeClasspath;main:shared:jvmCompileClasspath;main:shared:jvmDevCompileClasspath;main:shared:jvmDevRuntimeClasspath;main:shared:jvmMainCompileClasspath;main:shared:jvmMainRuntimeClasspath;main:shared:jvmRuntimeClasspath;main:shared:jvmTestCompileClasspath;main:shared:jvmTestRuntimeClasspath
org.jetbrains.compose.ui:ui-unit-iosarm64	1.12.0	main:shared:iosArm64CompileKlibraries
org.jetbrains.compose.ui:ui-unit-iossimulatorarm64	1.12.0	main:shared:iosSimulatorArm64TestCompileKlibraries
org.jetbrains.compose.ui:ui-util	1.12.0	main:app-android:benchmarkReleaseRuntimeClasspath;main:app-android:debugAndroidTestCompileClasspath;main:app-android:debugAndroidTestRuntimeClasspath;main:app-android:debugRuntimeClasspath;main:app-android:debugUnitTestRuntimeClasspath;main:app-android:nonMinifiedReleaseRuntimeClasspath;main:app-android:releaseRuntimeClasspath;main:app-wear:debugRuntimeClasspath;main:app-wear:debugUnitTestRuntimeClasspath;main:app-wear:releaseRuntimeClasspath;main:shared:androidCompileClasspath;main:shared:androidHostTestCompileClasspath;main:shared:androidHostTestRuntimeClasspath;main:shared:androidRuntimeClasspath;main:shared:commonMainResolvableDependenciesMetadata;main:shared:commonTestResolvableDependenciesMetadata;main:shared:composeHotReloadDevJvmDevRuntimeClasspath;main:shared:composeHotReloadDevJvmRuntimeClasspath;main:shared:composeHotReloadDevJvmTestRuntimeClasspath;main:shared:iosArm64CompileKlibraries;main:shared:iosSimulatorArm64TestCompileKlibraries;main:shared:jvmCompileClasspath;main:shared:jvmDevCompileClasspath;main:shared:jvmDevRuntimeClasspath;main:shared:jvmMainCompileClasspath;main:shared:jvmMainRuntimeClasspath;main:shared:jvmRuntimeClasspath;main:shared:jvmTestCompileClasspath;main:shared:jvmTestRuntimeClasspath;main:shared:metadataAppleMainCompileClasspath;main:shared:metadataCommonMainCompileClasspath;main:shared:metadataCompileClasspath;main:shared:metadataIosMainCompileClasspath;main:shared:metadataNativeMainCompileClasspath
org.jetbrains.compose.ui:ui-util-android	1.12.0	main:app-android:benchmarkReleaseRuntimeClasspath;main:app-android:debugAndroidTestCompileClasspath;main:app-android:debugAndroidTestRuntimeClasspath;main:app-android:debugRuntimeClasspath;main:app-android:debugUnitTestRuntimeClasspath;main:app-android:nonMinifiedReleaseRuntimeClasspath;main:app-android:releaseRuntimeClasspath;main:app-wear:debugRuntimeClasspath;main:app-wear:debugUnitTestRuntimeClasspath;main:app-wear:releaseRuntimeClasspath;main:shared:androidCompileClasspath;main:shared:androidHostTestCompileClasspath;main:shared:androidHostTestRuntimeClasspath;main:shared:androidRuntimeClasspath
org.jetbrains.compose.ui:ui-util-desktop	1.12.0	main:shared:composeHotReloadDevJvmDevRuntimeClasspath;main:shared:composeHotReloadDevJvmRuntimeClasspath;main:shared:composeHotReloadDevJvmTestRuntimeClasspath;main:shared:jvmCompileClasspath;main:shared:jvmDevCompileClasspath;main:shared:jvmDevRuntimeClasspath;main:shared:jvmMainCompileClasspath;main:shared:jvmMainRuntimeClasspath;main:shared:jvmRuntimeClasspath;main:shared:jvmTestCompileClasspath;main:shared:jvmTestRuntimeClasspath
org.jetbrains.compose.ui:ui-util-iosarm64	1.12.0	main:shared:iosArm64CompileKlibraries
org.jetbrains.compose.ui:ui-util-iossimulatorarm64	1.12.0	main:shared:iosSimulatorArm64TestCompileKlibraries
org.jetbrains.kotlin:kotlin-bom	1.8.22	main:app-android:benchmarkReleaseRuntimeClasspath;main:app-android:debugRuntimeClasspath;main:app-android:debugUnitTestRuntimeClasspath;main:app-android:nonMinifiedReleaseRuntimeClasspath;main:app-android:releaseRuntimeClasspath
org.jetbrains.kotlin:kotlin-build-tools-api	2.4.10	buildSrc::compileClasspath;buildSrc::runtimeClasspath
org.jetbrains.kotlin:kotlin-gradle-plugin-annotations	2.4.10	buildSrc::compileClasspath;buildSrc::runtimeClasspath
org.jetbrains.kotlin:kotlin-gradle-plugin-api	2.4.10	buildSrc::compileClasspath;buildSrc::runtimeClasspath
org.jetbrains.kotlin:kotlin-gradle-plugins-bom	2.4.10	buildSrc::compileClasspath;buildSrc::runtimeClasspath
org.jetbrains.kotlin:kotlin-native-utils	2.4.10	buildSrc::compileClasspath;buildSrc::runtimeClasspath
org.jetbrains.kotlin:kotlin-stdlib	2.2.10	buildSrc::runtimeClasspath
org.jetbrains.kotlin:kotlin-stdlib	2.4.10	main:app-android:benchmarkReleaseCompileClasspath;main:app-android:benchmarkReleaseRuntimeClasspath;main:app-android:debugAndroidTestCompileClasspath;main:app-android:debugAndroidTestRuntimeClasspath;main:app-android:debugCompileClasspath;main:app-android:debugRuntimeClasspath;main:app-android:debugUnitTestCompileClasspath;main:app-android:debugUnitTestRuntimeClasspath;main:app-android:nonMinifiedReleaseCompileClasspath;main:app-android:nonMinifiedReleaseRuntimeClasspath;main:app-android:releaseCompileClasspath;main:app-android:releaseRuntimeClasspath;main:app-wear:debugAndroidTestCompileClasspath;main:app-wear:debugCompileClasspath;main:app-wear:debugRuntimeClasspath;main:app-wear:debugUnitTestCompileClasspath;main:app-wear:debugUnitTestRuntimeClasspath;main:app-wear:releaseCompileClasspath;main:app-wear:releaseRuntimeClasspath;main:baselineprofile:benchmarkReleaseCompileClasspath;main:baselineprofile:benchmarkReleaseRuntimeClasspath;main:baselineprofile:nonMinifiedReleaseCompileClasspath;main:baselineprofile:nonMinifiedReleaseRuntimeClasspath;main:shared:androidCompileClasspath;main:shared:androidHostTestCompileClasspath;main:shared:androidHostTestRuntimeClasspath;main:shared:androidRuntimeClasspath;main:shared:commonMainResolvableDependenciesMetadata;main:shared:commonTestResolvableDependenciesMetadata;main:shared:composeHotReloadDevJvmDevRuntimeClasspath;main:shared:composeHotReloadDevJvmRuntimeClasspath;main:shared:composeHotReloadDevJvmTestRuntimeClasspath;main:shared:iosArm64CompileKlibraries;main:shared:iosSimulatorArm64TestCompileKlibraries;main:shared:jvmCompileClasspath;main:shared:jvmDevCompileClasspath;main:shared:jvmDevRuntimeClasspath;main:shared:jvmMainCompileClasspath;main:shared:jvmMainRuntimeClasspath;main:shared:jvmRuntimeClasspath;main:shared:jvmTestCompileClasspath;main:shared:jvmTestRuntimeClasspath;main:shared:metadataAppleMainCompileClasspath;main:shared:metadataCommonMainCompileClasspath;main:shared:metadataCompileClasspath;main:shared:metadataIosMainCompileClasspath;main:shared:metadataNativeMainCompileClasspath
org.jetbrains.kotlin:kotlin-stdlib-common	2.4.10	main:app-android:benchmarkReleaseRuntimeClasspath;main:app-android:debugRuntimeClasspath;main:app-android:debugUnitTestRuntimeClasspath;main:app-android:nonMinifiedReleaseRuntimeClasspath;main:app-android:releaseRuntimeClasspath;main:app-wear:debugRuntimeClasspath;main:app-wear:debugUnitTestRuntimeClasspath;main:app-wear:releaseRuntimeClasspath;main:shared:androidHostTestRuntimeClasspath;main:shared:androidRuntimeClasspath;main:shared:commonMainResolvableDependenciesMetadata;main:shared:commonTestResolvableDependenciesMetadata;main:shared:jvmMainRuntimeClasspath;main:shared:metadataAppleMainCompileClasspath;main:shared:metadataCommonMainCompileClasspath;main:shared:metadataCompileClasspath;main:shared:metadataIosMainCompileClasspath;main:shared:metadataNativeMainCompileClasspath
org.jetbrains.kotlin:kotlin-stdlib-jdk7	1.8.0	main:app-android:debugAndroidTestCompileClasspath;main:baselineprofile:benchmarkReleaseRuntimeClasspath;main:baselineprofile:nonMinifiedReleaseRuntimeClasspath;main:shared:androidCompileClasspath;main:shared:androidHostTestCompileClasspath
org.jetbrains.kotlin:kotlin-stdlib-jdk7	1.8.22	main:app-android:benchmarkReleaseCompileClasspath;main:app-android:benchmarkReleaseRuntimeClasspath;main:app-android:debugCompileClasspath;main:app-android:debugRuntimeClasspath;main:app-android:debugUnitTestCompileClasspath;main:app-android:debugUnitTestRuntimeClasspath;main:app-android:nonMinifiedReleaseCompileClasspath;main:app-android:nonMinifiedReleaseRuntimeClasspath;main:app-android:releaseCompileClasspath;main:app-android:releaseRuntimeClasspath;main:app-wear:debugRuntimeClasspath;main:app-wear:debugUnitTestRuntimeClasspath;main:app-wear:releaseRuntimeClasspath;main:shared:androidHostTestRuntimeClasspath;main:shared:androidRuntimeClasspath
org.jetbrains.kotlin:kotlin-stdlib-jdk7	2.2.10	buildSrc::runtimeClasspath
org.jetbrains.kotlin:kotlin-stdlib-jdk8	1.8.0	main:app-android:debugAndroidTestCompileClasspath;main:baselineprofile:benchmarkReleaseRuntimeClasspath;main:baselineprofile:nonMinifiedReleaseRuntimeClasspath;main:shared:androidCompileClasspath;main:shared:androidHostTestCompileClasspath
org.jetbrains.kotlin:kotlin-stdlib-jdk8	1.8.22	main:app-android:benchmarkReleaseCompileClasspath;main:app-android:benchmarkReleaseRuntimeClasspath;main:app-android:debugCompileClasspath;main:app-android:debugRuntimeClasspath;main:app-android:debugUnitTestCompileClasspath;main:app-android:debugUnitTestRuntimeClasspath;main:app-android:nonMinifiedReleaseCompileClasspath;main:app-android:nonMinifiedReleaseRuntimeClasspath;main:app-android:releaseCompileClasspath;main:app-android:releaseRuntimeClasspath;main:app-wear:debugRuntimeClasspath;main:app-wear:debugUnitTestRuntimeClasspath;main:app-wear:releaseRuntimeClasspath;main:shared:androidHostTestRuntimeClasspath;main:shared:androidRuntimeClasspath
org.jetbrains.kotlin:kotlin-stdlib-jdk8	2.2.10	buildSrc::runtimeClasspath
org.jetbrains.kotlin:kotlin-test	2.4.10	main:shared:androidHostTestCompileClasspath;main:shared:androidHostTestRuntimeClasspath;main:shared:commonTestResolvableDependenciesMetadata;main:shared:composeHotReloadDevJvmTestRuntimeClasspath;main:shared:iosSimulatorArm64TestCompileKlibraries;main:shared:jvmTestCompileClasspath;main:shared:jvmTestRuntimeClasspath
org.jetbrains.kotlin:kotlin-test-junit	2.4.10	main:shared:androidHostTestCompileClasspath;main:shared:androidHostTestRuntimeClasspath;main:shared:composeHotReloadDevJvmTestRuntimeClasspath;main:shared:jvmTestCompileClasspath;main:shared:jvmTestRuntimeClasspath
org.jetbrains.kotlin:kotlin-tooling-core	2.4.10	buildSrc::compileClasspath;buildSrc::runtimeClasspath
org.jetbrains.kotlin:kotlin-util-io	2.4.10	buildSrc::compileClasspath;buildSrc::runtimeClasspath
org.jetbrains.kotlinx:atomicfu	0.28.0	main:shared:commonMainResolvableDependenciesMetadata;main:shared:commonTestResolvableDependenciesMetadata;main:shared:composeHotReloadDevJvmDevRuntimeClasspath;main:shared:composeHotReloadDevJvmRuntimeClasspath;main:shared:composeHotReloadDevJvmTestRuntimeClasspath;main:shared:jvmDevRuntimeClasspath;main:shared:jvmMainRuntimeClasspath;main:shared:jvmRuntimeClasspath;main:shared:jvmTestRuntimeClasspath;main:shared:metadataAppleMainCompileClasspath;main:shared:metadataCommonMainCompileClasspath;main:shared:metadataCompileClasspath;main:shared:metadataIosMainCompileClasspath;main:shared:metadataNativeMainCompileClasspath
org.jetbrains.kotlinx:atomicfu	0.33.0	main:shared:iosArm64CompileKlibraries;main:shared:iosSimulatorArm64TestCompileKlibraries
org.jetbrains.kotlinx:atomicfu-iosarm64	0.33.0	main:shared:iosArm64CompileKlibraries
org.jetbrains.kotlinx:atomicfu-iossimulatorarm64	0.33.0	main:shared:iosSimulatorArm64TestCompileKlibraries
org.jetbrains.kotlinx:atomicfu-jvm	0.28.0	main:shared:composeHotReloadDevJvmDevRuntimeClasspath;main:shared:composeHotReloadDevJvmRuntimeClasspath;main:shared:composeHotReloadDevJvmTestRuntimeClasspath;main:shared:jvmDevRuntimeClasspath;main:shared:jvmMainRuntimeClasspath;main:shared:jvmRuntimeClasspath;main:shared:jvmTestRuntimeClasspath
org.jetbrains.kotlinx:kotlinx-browser	0.5.0	main:shared:commonMainResolvableDependenciesMetadata;main:shared:commonTestResolvableDependenciesMetadata;main:shared:metadataAppleMainCompileClasspath;main:shared:metadataCommonMainCompileClasspath;main:shared:metadataCompileClasspath;main:shared:metadataIosMainCompileClasspath;main:shared:metadataNativeMainCompileClasspath
org.jetbrains.kotlinx:kotlinx-coroutines-android	1.11.0	main:app-android:benchmarkReleaseCompileClasspath;main:app-android:benchmarkReleaseRuntimeClasspath;main:app-android:debugAndroidTestCompileClasspath;main:app-android:debugAndroidTestRuntimeClasspath;main:app-android:debugCompileClasspath;main:app-android:debugRuntimeClasspath;main:app-android:debugUnitTestCompileClasspath;main:app-android:debugUnitTestRuntimeClasspath;main:app-android:nonMinifiedReleaseCompileClasspath;main:app-android:nonMinifiedReleaseRuntimeClasspath;main:app-android:releaseCompileClasspath;main:app-android:releaseRuntimeClasspath;main:app-wear:debugCompileClasspath;main:app-wear:debugRuntimeClasspath;main:app-wear:debugUnitTestCompileClasspath;main:app-wear:debugUnitTestRuntimeClasspath;main:app-wear:releaseCompileClasspath;main:app-wear:releaseRuntimeClasspath;main:shared:androidCompileClasspath;main:shared:androidHostTestCompileClasspath;main:shared:androidHostTestRuntimeClasspath;main:shared:androidRuntimeClasspath
org.jetbrains.kotlinx:kotlinx-coroutines-android	1.8.1	main:baselineprofile:benchmarkReleaseRuntimeClasspath;main:baselineprofile:nonMinifiedReleaseRuntimeClasspath
org.jetbrains.kotlinx:kotlinx-coroutines-android	1.9.0	main:app-wear:debugAndroidTestCompileClasspath
org.jetbrains.kotlinx:kotlinx-coroutines-bom	1.11.0	main:app-android:benchmarkReleaseCompileClasspath;main:app-android:benchmarkReleaseRuntimeClasspath;main:app-android:debugAndroidTestCompileClasspath;main:app-android:debugAndroidTestRuntimeClasspath;main:app-android:debugCompileClasspath;main:app-android:debugRuntimeClasspath;main:app-android:debugUnitTestCompileClasspath;main:app-android:debugUnitTestRuntimeClasspath;main:app-android:nonMinifiedReleaseCompileClasspath;main:app-android:nonMinifiedReleaseRuntimeClasspath;main:app-android:releaseCompileClasspath;main:app-android:releaseRuntimeClasspath;main:app-wear:debugCompileClasspath;main:app-wear:debugRuntimeClasspath;main:app-wear:debugUnitTestCompileClasspath;main:app-wear:debugUnitTestRuntimeClasspath;main:app-wear:releaseCompileClasspath;main:app-wear:releaseRuntimeClasspath;main:shared:androidCompileClasspath;main:shared:androidHostTestCompileClasspath;main:shared:androidHostTestRuntimeClasspath;main:shared:androidRuntimeClasspath;main:shared:composeHotReloadDevJvmDevRuntimeClasspath;main:shared:composeHotReloadDevJvmRuntimeClasspath;main:shared:composeHotReloadDevJvmTestRuntimeClasspath;main:shared:jvmCompileClasspath;main:shared:jvmDevCompileClasspath;main:shared:jvmDevRuntimeClasspath;main:shared:jvmMainCompileClasspath;main:shared:jvmMainRuntimeClasspath;main:shared:jvmRuntimeClasspath;main:shared:jvmTestCompileClasspath;main:shared:jvmTestRuntimeClasspath
org.jetbrains.kotlinx:kotlinx-coroutines-bom	1.8.1	main:baselineprofile:benchmarkReleaseCompileClasspath;main:baselineprofile:benchmarkReleaseRuntimeClasspath;main:baselineprofile:nonMinifiedReleaseCompileClasspath;main:baselineprofile:nonMinifiedReleaseRuntimeClasspath
org.jetbrains.kotlinx:kotlinx-coroutines-bom	1.9.0	main:app-wear:debugAndroidTestCompileClasspath
org.jetbrains.kotlinx:kotlinx-coroutines-core	1.11.0	main:app-android:benchmarkReleaseCompileClasspath;main:app-android:benchmarkReleaseRuntimeClasspath;main:app-android:debugAndroidTestCompileClasspath;main:app-android:debugAndroidTestRuntimeClasspath;main:app-android:debugCompileClasspath;main:app-android:debugRuntimeClasspath;main:app-android:debugUnitTestCompileClasspath;main:app-android:debugUnitTestRuntimeClasspath;main:app-android:nonMinifiedReleaseCompileClasspath;main:app-android:nonMinifiedReleaseRuntimeClasspath;main:app-android:releaseCompileClasspath;main:app-android:releaseRuntimeClasspath;main:app-wear:debugCompileClasspath;main:app-wear:debugRuntimeClasspath;main:app-wear:debugUnitTestCompileClasspath;main:app-wear:debugUnitTestRuntimeClasspath;main:app-wear:releaseCompileClasspath;main:app-wear:releaseRuntimeClasspath;main:shared:androidCompileClasspath;main:shared:androidHostTestCompileClasspath;main:shared:androidHostTestRuntimeClasspath;main:shared:androidRuntimeClasspath;main:shared:commonMainResolvableDependenciesMetadata;main:shared:commonTestResolvableDependenciesMetadata;main:shared:composeHotReloadDevJvmDevRuntimeClasspath;main:shared:composeHotReloadDevJvmRuntimeClasspath;main:shared:composeHotReloadDevJvmTestRuntimeClasspath;main:shared:iosArm64CompileKlibraries;main:shared:iosSimulatorArm64TestCompileKlibraries;main:shared:jvmCompileClasspath;main:shared:jvmDevCompileClasspath;main:shared:jvmDevRuntimeClasspath;main:shared:jvmMainCompileClasspath;main:shared:jvmMainRuntimeClasspath;main:shared:jvmRuntimeClasspath;main:shared:jvmTestCompileClasspath;main:shared:jvmTestRuntimeClasspath;main:shared:metadataAppleMainCompileClasspath;main:shared:metadataCommonMainCompileClasspath;main:shared:metadataCompileClasspath;main:shared:metadataIosMainCompileClasspath;main:shared:metadataNativeMainCompileClasspath
org.jetbrains.kotlinx:kotlinx-coroutines-core	1.8.1	main:baselineprofile:benchmarkReleaseCompileClasspath;main:baselineprofile:benchmarkReleaseRuntimeClasspath;main:baselineprofile:nonMinifiedReleaseCompileClasspath;main:baselineprofile:nonMinifiedReleaseRuntimeClasspath
org.jetbrains.kotlinx:kotlinx-coroutines-core	1.9.0	main:app-wear:debugAndroidTestCompileClasspath
org.jetbrains.kotlinx:kotlinx-coroutines-core-iosarm64	1.11.0	main:shared:iosArm64CompileKlibraries
org.jetbrains.kotlinx:kotlinx-coroutines-core-iossimulatorarm64	1.11.0	main:shared:iosSimulatorArm64TestCompileKlibraries
org.jetbrains.kotlinx:kotlinx-coroutines-core-jvm	1.11.0	main:app-android:benchmarkReleaseCompileClasspath;main:app-android:benchmarkReleaseRuntimeClasspath;main:app-android:debugAndroidTestCompileClasspath;main:app-android:debugAndroidTestRuntimeClasspath;main:app-android:debugCompileClasspath;main:app-android:debugRuntimeClasspath;main:app-android:debugUnitTestCompileClasspath;main:app-android:debugUnitTestRuntimeClasspath;main:app-android:nonMinifiedReleaseCompileClasspath;main:app-android:nonMinifiedReleaseRuntimeClasspath;main:app-android:releaseCompileClasspath;main:app-android:releaseRuntimeClasspath;main:app-wear:debugCompileClasspath;main:app-wear:debugRuntimeClasspath;main:app-wear:debugUnitTestCompileClasspath;main:app-wear:debugUnitTestRuntimeClasspath;main:app-wear:releaseCompileClasspath;main:app-wear:releaseRuntimeClasspath;main:shared:androidCompileClasspath;main:shared:androidHostTestCompileClasspath;main:shared:androidHostTestRuntimeClasspath;main:shared:androidRuntimeClasspath;main:shared:composeHotReloadDevJvmDevRuntimeClasspath;main:shared:composeHotReloadDevJvmRuntimeClasspath;main:shared:composeHotReloadDevJvmTestRuntimeClasspath;main:shared:jvmCompileClasspath;main:shared:jvmDevCompileClasspath;main:shared:jvmDevRuntimeClasspath;main:shared:jvmMainCompileClasspath;main:shared:jvmMainRuntimeClasspath;main:shared:jvmRuntimeClasspath;main:shared:jvmTestCompileClasspath;main:shared:jvmTestRuntimeClasspath
org.jetbrains.kotlinx:kotlinx-coroutines-core-jvm	1.8.1	main:baselineprofile:benchmarkReleaseCompileClasspath;main:baselineprofile:benchmarkReleaseRuntimeClasspath;main:baselineprofile:nonMinifiedReleaseCompileClasspath;main:baselineprofile:nonMinifiedReleaseRuntimeClasspath
org.jetbrains.kotlinx:kotlinx-coroutines-core-jvm	1.9.0	main:app-wear:debugAndroidTestCompileClasspath
org.jetbrains.kotlinx:kotlinx-coroutines-guava	1.11.0	main:app-android:benchmarkReleaseRuntimeClasspath;main:app-android:debugRuntimeClasspath;main:app-android:debugUnitTestRuntimeClasspath;main:app-android:nonMinifiedReleaseRuntimeClasspath;main:app-android:releaseRuntimeClasspath;main:app-wear:debugRuntimeClasspath;main:app-wear:debugUnitTestRuntimeClasspath;main:app-wear:releaseRuntimeClasspath;main:shared:androidCompileClasspath;main:shared:androidHostTestCompileClasspath;main:shared:androidHostTestRuntimeClasspath;main:shared:androidRuntimeClasspath
org.jetbrains.kotlinx:kotlinx-coroutines-play-services	1.11.0	main:app-android:benchmarkReleaseCompileClasspath;main:app-android:benchmarkReleaseRuntimeClasspath;main:app-android:debugAndroidTestCompileClasspath;main:app-android:debugCompileClasspath;main:app-android:debugRuntimeClasspath;main:app-android:debugUnitTestCompileClasspath;main:app-android:debugUnitTestRuntimeClasspath;main:app-android:nonMinifiedReleaseCompileClasspath;main:app-android:nonMinifiedReleaseRuntimeClasspath;main:app-android:releaseCompileClasspath;main:app-android:releaseRuntimeClasspath;main:app-wear:debugRuntimeClasspath;main:app-wear:debugUnitTestRuntimeClasspath;main:app-wear:releaseRuntimeClasspath;main:shared:androidCompileClasspath;main:shared:androidHostTestCompileClasspath;main:shared:androidHostTestRuntimeClasspath;main:shared:androidRuntimeClasspath
org.jetbrains.kotlinx:kotlinx-coroutines-reactive	1.11.0	main:app-android:benchmarkReleaseRuntimeClasspath;main:app-android:debugRuntimeClasspath;main:app-android:debugUnitTestRuntimeClasspath;main:app-android:nonMinifiedReleaseRuntimeClasspath;main:app-android:releaseRuntimeClasspath;main:app-wear:debugRuntimeClasspath;main:app-wear:debugUnitTestRuntimeClasspath;main:app-wear:releaseRuntimeClasspath;main:shared:androidCompileClasspath;main:shared:androidHostTestCompileClasspath;main:shared:androidHostTestRuntimeClasspath;main:shared:androidRuntimeClasspath
org.jetbrains.kotlinx:kotlinx-coroutines-slf4j	1.11.0	main:app-android:benchmarkReleaseRuntimeClasspath;main:app-android:debugAndroidTestRuntimeClasspath;main:app-android:debugRuntimeClasspath;main:app-android:debugUnitTestRuntimeClasspath;main:app-android:nonMinifiedReleaseRuntimeClasspath;main:app-android:releaseRuntimeClasspath;main:app-wear:debugRuntimeClasspath;main:app-wear:debugUnitTestRuntimeClasspath;main:app-wear:releaseRuntimeClasspath;main:shared:androidHostTestRuntimeClasspath;main:shared:androidRuntimeClasspath;main:shared:composeHotReloadDevJvmDevRuntimeClasspath;main:shared:composeHotReloadDevJvmRuntimeClasspath;main:shared:composeHotReloadDevJvmTestRuntimeClasspath;main:shared:jvmDevRuntimeClasspath;main:shared:jvmMainRuntimeClasspath;main:shared:jvmRuntimeClasspath;main:shared:jvmTestRuntimeClasspath
org.jetbrains.kotlinx:kotlinx-coroutines-test	1.11.0	main:app-android:debugAndroidTestCompileClasspath;main:app-android:debugAndroidTestRuntimeClasspath
org.jetbrains.kotlinx:kotlinx-coroutines-test-jvm	1.11.0	main:app-android:debugAndroidTestCompileClasspath;main:app-android:debugAndroidTestRuntimeClasspath
org.jetbrains.kotlinx:kotlinx-datetime	0.8.0	main:app-android:benchmarkReleaseRuntimeClasspath;main:app-android:debugRuntimeClasspath;main:app-android:debugUnitTestRuntimeClasspath;main:app-android:nonMinifiedReleaseRuntimeClasspath;main:app-android:releaseRuntimeClasspath;main:app-wear:debugRuntimeClasspath;main:app-wear:debugUnitTestRuntimeClasspath;main:app-wear:releaseRuntimeClasspath;main:shared:androidCompileClasspath;main:shared:androidHostTestCompileClasspath;main:shared:androidHostTestRuntimeClasspath;main:shared:androidRuntimeClasspath;main:shared:commonMainResolvableDependenciesMetadata;main:shared:commonTestResolvableDependenciesMetadata;main:shared:composeHotReloadDevJvmDevRuntimeClasspath;main:shared:composeHotReloadDevJvmRuntimeClasspath;main:shared:composeHotReloadDevJvmTestRuntimeClasspath;main:shared:iosArm64CompileKlibraries;main:shared:iosSimulatorArm64TestCompileKlibraries;main:shared:jvmCompileClasspath;main:shared:jvmDevCompileClasspath;main:shared:jvmDevRuntimeClasspath;main:shared:jvmMainCompileClasspath;main:shared:jvmMainRuntimeClasspath;main:shared:jvmRuntimeClasspath;main:shared:jvmTestCompileClasspath;main:shared:jvmTestRuntimeClasspath;main:shared:metadataAppleMainCompileClasspath;main:shared:metadataCommonMainCompileClasspath;main:shared:metadataCompileClasspath;main:shared:metadataIosMainCompileClasspath;main:shared:metadataNativeMainCompileClasspath
org.jetbrains.kotlinx:kotlinx-datetime-iosarm64	0.8.0	main:shared:iosArm64CompileKlibraries
org.jetbrains.kotlinx:kotlinx-datetime-iossimulatorarm64	0.8.0	main:shared:iosSimulatorArm64TestCompileKlibraries
org.jetbrains.kotlinx:kotlinx-datetime-jvm	0.8.0	main:app-android:benchmarkReleaseRuntimeClasspath;main:app-android:debugRuntimeClasspath;main:app-android:debugUnitTestRuntimeClasspath;main:app-android:nonMinifiedReleaseRuntimeClasspath;main:app-android:releaseRuntimeClasspath;main:app-wear:debugRuntimeClasspath;main:app-wear:debugUnitTestRuntimeClasspath;main:app-wear:releaseRuntimeClasspath;main:shared:androidCompileClasspath;main:shared:androidHostTestCompileClasspath;main:shared:androidHostTestRuntimeClasspath;main:shared:androidRuntimeClasspath;main:shared:composeHotReloadDevJvmDevRuntimeClasspath;main:shared:composeHotReloadDevJvmRuntimeClasspath;main:shared:composeHotReloadDevJvmTestRuntimeClasspath;main:shared:jvmCompileClasspath;main:shared:jvmDevCompileClasspath;main:shared:jvmDevRuntimeClasspath;main:shared:jvmMainCompileClasspath;main:shared:jvmMainRuntimeClasspath;main:shared:jvmRuntimeClasspath;main:shared:jvmTestCompileClasspath;main:shared:jvmTestRuntimeClasspath
org.jetbrains.kotlinx:kotlinx-io-bytestring	0.9.1	main:app-android:benchmarkReleaseCompileClasspath;main:app-android:benchmarkReleaseRuntimeClasspath;main:app-android:debugAndroidTestCompileClasspath;main:app-android:debugAndroidTestRuntimeClasspath;main:app-android:debugCompileClasspath;main:app-android:debugRuntimeClasspath;main:app-android:debugUnitTestCompileClasspath;main:app-android:debugUnitTestRuntimeClasspath;main:app-android:nonMinifiedReleaseCompileClasspath;main:app-android:nonMinifiedReleaseRuntimeClasspath;main:app-android:releaseCompileClasspath;main:app-android:releaseRuntimeClasspath;main:app-wear:debugRuntimeClasspath;main:app-wear:debugUnitTestRuntimeClasspath;main:app-wear:releaseRuntimeClasspath;main:shared:androidCompileClasspath;main:shared:androidHostTestCompileClasspath;main:shared:androidHostTestRuntimeClasspath;main:shared:androidRuntimeClasspath;main:shared:commonMainResolvableDependenciesMetadata;main:shared:commonTestResolvableDependenciesMetadata;main:shared:composeHotReloadDevJvmDevRuntimeClasspath;main:shared:composeHotReloadDevJvmRuntimeClasspath;main:shared:composeHotReloadDevJvmTestRuntimeClasspath;main:shared:iosArm64CompileKlibraries;main:shared:iosSimulatorArm64TestCompileKlibraries;main:shared:jvmCompileClasspath;main:shared:jvmDevCompileClasspath;main:shared:jvmDevRuntimeClasspath;main:shared:jvmMainCompileClasspath;main:shared:jvmMainRuntimeClasspath;main:shared:jvmRuntimeClasspath;main:shared:jvmTestCompileClasspath;main:shared:jvmTestRuntimeClasspath;main:shared:metadataAppleMainCompileClasspath;main:shared:metadataCommonMainCompileClasspath;main:shared:metadataCompileClasspath;main:shared:metadataIosMainCompileClasspath;main:shared:metadataNativeMainCompileClasspath
org.jetbrains.kotlinx:kotlinx-io-bytestring-iosarm64	0.9.1	main:shared:iosArm64CompileKlibraries
org.jetbrains.kotlinx:kotlinx-io-bytestring-iossimulatorarm64	0.9.1	main:shared:iosSimulatorArm64TestCompileKlibraries
org.jetbrains.kotlinx:kotlinx-io-bytestring-jvm	0.9.1	main:app-android:benchmarkReleaseCompileClasspath;main:app-android:benchmarkReleaseRuntimeClasspath;main:app-android:debugAndroidTestCompileClasspath;main:app-android:debugAndroidTestRuntimeClasspath;main:app-android:debugCompileClasspath;main:app-android:debugRuntimeClasspath;main:app-android:debugUnitTestCompileClasspath;main:app-android:debugUnitTestRuntimeClasspath;main:app-android:nonMinifiedReleaseCompileClasspath;main:app-android:nonMinifiedReleaseRuntimeClasspath;main:app-android:releaseCompileClasspath;main:app-android:releaseRuntimeClasspath;main:app-wear:debugRuntimeClasspath;main:app-wear:debugUnitTestRuntimeClasspath;main:app-wear:releaseRuntimeClasspath;main:shared:androidCompileClasspath;main:shared:androidHostTestCompileClasspath;main:shared:androidHostTestRuntimeClasspath;main:shared:androidRuntimeClasspath;main:shared:composeHotReloadDevJvmDevRuntimeClasspath;main:shared:composeHotReloadDevJvmRuntimeClasspath;main:shared:composeHotReloadDevJvmTestRuntimeClasspath;main:shared:jvmCompileClasspath;main:shared:jvmDevCompileClasspath;main:shared:jvmDevRuntimeClasspath;main:shared:jvmMainCompileClasspath;main:shared:jvmMainRuntimeClasspath;main:shared:jvmRuntimeClasspath;main:shared:jvmTestCompileClasspath;main:shared:jvmTestRuntimeClasspath
org.jetbrains.kotlinx:kotlinx-io-core	0.9.1	main:app-android:benchmarkReleaseCompileClasspath;main:app-android:benchmarkReleaseRuntimeClasspath;main:app-android:debugAndroidTestCompileClasspath;main:app-android:debugAndroidTestRuntimeClasspath;main:app-android:debugCompileClasspath;main:app-android:debugRuntimeClasspath;main:app-android:debugUnitTestCompileClasspath;main:app-android:debugUnitTestRuntimeClasspath;main:app-android:nonMinifiedReleaseCompileClasspath;main:app-android:nonMinifiedReleaseRuntimeClasspath;main:app-android:releaseCompileClasspath;main:app-android:releaseRuntimeClasspath;main:app-wear:debugRuntimeClasspath;main:app-wear:debugUnitTestRuntimeClasspath;main:app-wear:releaseRuntimeClasspath;main:shared:androidCompileClasspath;main:shared:androidHostTestCompileClasspath;main:shared:androidHostTestRuntimeClasspath;main:shared:androidRuntimeClasspath;main:shared:commonMainResolvableDependenciesMetadata;main:shared:commonTestResolvableDependenciesMetadata;main:shared:composeHotReloadDevJvmDevRuntimeClasspath;main:shared:composeHotReloadDevJvmRuntimeClasspath;main:shared:composeHotReloadDevJvmTestRuntimeClasspath;main:shared:iosArm64CompileKlibraries;main:shared:iosSimulatorArm64TestCompileKlibraries;main:shared:jvmCompileClasspath;main:shared:jvmDevCompileClasspath;main:shared:jvmDevRuntimeClasspath;main:shared:jvmMainCompileClasspath;main:shared:jvmMainRuntimeClasspath;main:shared:jvmRuntimeClasspath;main:shared:jvmTestCompileClasspath;main:shared:jvmTestRuntimeClasspath;main:shared:metadataAppleMainCompileClasspath;main:shared:metadataCommonMainCompileClasspath;main:shared:metadataCompileClasspath;main:shared:metadataIosMainCompileClasspath;main:shared:metadataNativeMainCompileClasspath
org.jetbrains.kotlinx:kotlinx-io-core-iosarm64	0.9.1	main:shared:iosArm64CompileKlibraries
org.jetbrains.kotlinx:kotlinx-io-core-iossimulatorarm64	0.9.1	main:shared:iosSimulatorArm64TestCompileKlibraries
org.jetbrains.kotlinx:kotlinx-io-core-jvm	0.9.1	main:app-android:benchmarkReleaseCompileClasspath;main:app-android:benchmarkReleaseRuntimeClasspath;main:app-android:debugAndroidTestCompileClasspath;main:app-android:debugAndroidTestRuntimeClasspath;main:app-android:debugCompileClasspath;main:app-android:debugRuntimeClasspath;main:app-android:debugUnitTestCompileClasspath;main:app-android:debugUnitTestRuntimeClasspath;main:app-android:nonMinifiedReleaseCompileClasspath;main:app-android:nonMinifiedReleaseRuntimeClasspath;main:app-android:releaseCompileClasspath;main:app-android:releaseRuntimeClasspath;main:app-wear:debugRuntimeClasspath;main:app-wear:debugUnitTestRuntimeClasspath;main:app-wear:releaseRuntimeClasspath;main:shared:androidCompileClasspath;main:shared:androidHostTestCompileClasspath;main:shared:androidHostTestRuntimeClasspath;main:shared:androidRuntimeClasspath;main:shared:composeHotReloadDevJvmDevRuntimeClasspath;main:shared:composeHotReloadDevJvmRuntimeClasspath;main:shared:composeHotReloadDevJvmTestRuntimeClasspath;main:shared:jvmCompileClasspath;main:shared:jvmDevCompileClasspath;main:shared:jvmDevRuntimeClasspath;main:shared:jvmMainCompileClasspath;main:shared:jvmMainRuntimeClasspath;main:shared:jvmRuntimeClasspath;main:shared:jvmTestCompileClasspath;main:shared:jvmTestRuntimeClasspath
org.jetbrains.kotlinx:kotlinx-io-okio	0.9.1	main:shared:commonMainResolvableDependenciesMetadata;main:shared:commonTestResolvableDependenciesMetadata;main:shared:iosArm64CompileKlibraries;main:shared:iosSimulatorArm64TestCompileKlibraries;main:shared:metadataAppleMainCompileClasspath;main:shared:metadataCommonMainCompileClasspath;main:shared:metadataCompileClasspath;main:shared:metadataIosMainCompileClasspath;main:shared:metadataNativeMainCompileClasspath
org.jetbrains.kotlinx:kotlinx-io-okio-iosarm64	0.9.1	main:shared:iosArm64CompileKlibraries
org.jetbrains.kotlinx:kotlinx-io-okio-iossimulatorarm64	0.9.1	main:shared:iosSimulatorArm64TestCompileKlibraries
org.jetbrains.kotlinx:kotlinx-serialization-bom	1.11.0	main:app-android:benchmarkReleaseCompileClasspath;main:app-android:benchmarkReleaseRuntimeClasspath;main:app-android:debugAndroidTestCompileClasspath;main:app-android:debugAndroidTestRuntimeClasspath;main:app-android:debugCompileClasspath;main:app-android:debugRuntimeClasspath;main:app-android:debugUnitTestCompileClasspath;main:app-android:debugUnitTestRuntimeClasspath;main:app-android:nonMinifiedReleaseCompileClasspath;main:app-android:nonMinifiedReleaseRuntimeClasspath;main:app-android:releaseCompileClasspath;main:app-android:releaseRuntimeClasspath;main:app-wear:debugAndroidTestCompileClasspath;main:app-wear:debugCompileClasspath;main:app-wear:debugRuntimeClasspath;main:app-wear:debugUnitTestCompileClasspath;main:app-wear:debugUnitTestRuntimeClasspath;main:app-wear:releaseCompileClasspath;main:app-wear:releaseRuntimeClasspath;main:shared:androidCompileClasspath;main:shared:androidHostTestCompileClasspath;main:shared:androidHostTestRuntimeClasspath;main:shared:androidRuntimeClasspath;main:shared:composeHotReloadDevJvmDevRuntimeClasspath;main:shared:composeHotReloadDevJvmRuntimeClasspath;main:shared:composeHotReloadDevJvmTestRuntimeClasspath;main:shared:jvmCompileClasspath;main:shared:jvmDevCompileClasspath;main:shared:jvmDevRuntimeClasspath;main:shared:jvmMainCompileClasspath;main:shared:jvmMainRuntimeClasspath;main:shared:jvmRuntimeClasspath;main:shared:jvmTestCompileClasspath;main:shared:jvmTestRuntimeClasspath
org.jetbrains.kotlinx:kotlinx-serialization-core	1.11.0	main:app-android:benchmarkReleaseCompileClasspath;main:app-android:benchmarkReleaseRuntimeClasspath;main:app-android:debugAndroidTestCompileClasspath;main:app-android:debugAndroidTestRuntimeClasspath;main:app-android:debugCompileClasspath;main:app-android:debugRuntimeClasspath;main:app-android:debugUnitTestCompileClasspath;main:app-android:debugUnitTestRuntimeClasspath;main:app-android:nonMinifiedReleaseCompileClasspath;main:app-android:nonMinifiedReleaseRuntimeClasspath;main:app-android:releaseCompileClasspath;main:app-android:releaseRuntimeClasspath;main:app-wear:debugAndroidTestCompileClasspath;main:app-wear:debugCompileClasspath;main:app-wear:debugRuntimeClasspath;main:app-wear:debugUnitTestCompileClasspath;main:app-wear:debugUnitTestRuntimeClasspath;main:app-wear:releaseCompileClasspath;main:app-wear:releaseRuntimeClasspath;main:shared:androidCompileClasspath;main:shared:androidHostTestCompileClasspath;main:shared:androidHostTestRuntimeClasspath;main:shared:androidRuntimeClasspath;main:shared:commonMainResolvableDependenciesMetadata;main:shared:commonTestResolvableDependenciesMetadata;main:shared:composeHotReloadDevJvmDevRuntimeClasspath;main:shared:composeHotReloadDevJvmRuntimeClasspath;main:shared:composeHotReloadDevJvmTestRuntimeClasspath;main:shared:iosArm64CompileKlibraries;main:shared:iosSimulatorArm64TestCompileKlibraries;main:shared:jvmCompileClasspath;main:shared:jvmDevCompileClasspath;main:shared:jvmDevRuntimeClasspath;main:shared:jvmMainCompileClasspath;main:shared:jvmMainRuntimeClasspath;main:shared:jvmRuntimeClasspath;main:shared:jvmTestCompileClasspath;main:shared:jvmTestRuntimeClasspath;main:shared:metadataAppleMainCompileClasspath;main:shared:metadataCommonMainCompileClasspath;main:shared:metadataCompileClasspath;main:shared:metadataIosMainCompileClasspath;main:shared:metadataNativeMainCompileClasspath
org.jetbrains.kotlinx:kotlinx-serialization-core-iosarm64	1.11.0	main:shared:iosArm64CompileKlibraries
org.jetbrains.kotlinx:kotlinx-serialization-core-iossimulatorarm64	1.11.0	main:shared:iosSimulatorArm64TestCompileKlibraries
org.jetbrains.kotlinx:kotlinx-serialization-core-jvm	1.11.0	main:app-android:benchmarkReleaseCompileClasspath;main:app-android:benchmarkReleaseRuntimeClasspath;main:app-android:debugAndroidTestCompileClasspath;main:app-android:debugAndroidTestRuntimeClasspath;main:app-android:debugCompileClasspath;main:app-android:debugRuntimeClasspath;main:app-android:debugUnitTestCompileClasspath;main:app-android:debugUnitTestRuntimeClasspath;main:app-android:nonMinifiedReleaseCompileClasspath;main:app-android:nonMinifiedReleaseRuntimeClasspath;main:app-android:releaseCompileClasspath;main:app-android:releaseRuntimeClasspath;main:app-wear:debugAndroidTestCompileClasspath;main:app-wear:debugCompileClasspath;main:app-wear:debugRuntimeClasspath;main:app-wear:debugUnitTestCompileClasspath;main:app-wear:debugUnitTestRuntimeClasspath;main:app-wear:releaseCompileClasspath;main:app-wear:releaseRuntimeClasspath;main:shared:androidCompileClasspath;main:shared:androidHostTestCompileClasspath;main:shared:androidHostTestRuntimeClasspath;main:shared:androidRuntimeClasspath;main:shared:composeHotReloadDevJvmDevRuntimeClasspath;main:shared:composeHotReloadDevJvmRuntimeClasspath;main:shared:composeHotReloadDevJvmTestRuntimeClasspath;main:shared:jvmCompileClasspath;main:shared:jvmDevCompileClasspath;main:shared:jvmDevRuntimeClasspath;main:shared:jvmMainCompileClasspath;main:shared:jvmMainRuntimeClasspath;main:shared:jvmRuntimeClasspath;main:shared:jvmTestCompileClasspath;main:shared:jvmTestRuntimeClasspath
org.jetbrains.kotlinx:kotlinx-serialization-json	1.11.0	main:app-android:benchmarkReleaseCompileClasspath;main:app-android:benchmarkReleaseRuntimeClasspath;main:app-android:debugAndroidTestCompileClasspath;main:app-android:debugCompileClasspath;main:app-android:debugRuntimeClasspath;main:app-android:debugUnitTestCompileClasspath;main:app-android:debugUnitTestRuntimeClasspath;main:app-android:nonMinifiedReleaseCompileClasspath;main:app-android:nonMinifiedReleaseRuntimeClasspath;main:app-android:releaseCompileClasspath;main:app-android:releaseRuntimeClasspath;main:app-wear:debugAndroidTestCompileClasspath;main:app-wear:debugCompileClasspath;main:app-wear:debugRuntimeClasspath;main:app-wear:debugUnitTestCompileClasspath;main:app-wear:debugUnitTestRuntimeClasspath;main:app-wear:releaseCompileClasspath;main:app-wear:releaseRuntimeClasspath;main:shared:androidCompileClasspath;main:shared:androidHostTestCompileClasspath;main:shared:androidHostTestRuntimeClasspath;main:shared:androidRuntimeClasspath;main:shared:commonMainResolvableDependenciesMetadata;main:shared:commonTestResolvableDependenciesMetadata;main:shared:composeHotReloadDevJvmDevRuntimeClasspath;main:shared:composeHotReloadDevJvmRuntimeClasspath;main:shared:composeHotReloadDevJvmTestRuntimeClasspath;main:shared:iosArm64CompileKlibraries;main:shared:iosSimulatorArm64TestCompileKlibraries;main:shared:jvmCompileClasspath;main:shared:jvmDevCompileClasspath;main:shared:jvmDevRuntimeClasspath;main:shared:jvmMainCompileClasspath;main:shared:jvmMainRuntimeClasspath;main:shared:jvmRuntimeClasspath;main:shared:jvmTestCompileClasspath;main:shared:jvmTestRuntimeClasspath;main:shared:metadataAppleMainCompileClasspath;main:shared:metadataCommonMainCompileClasspath;main:shared:metadataCompileClasspath;main:shared:metadataIosMainCompileClasspath;main:shared:metadataNativeMainCompileClasspath
org.jetbrains.kotlinx:kotlinx-serialization-json-iosarm64	1.11.0	main:shared:iosArm64CompileKlibraries
org.jetbrains.kotlinx:kotlinx-serialization-json-iossimulatorarm64	1.11.0	main:shared:iosSimulatorArm64TestCompileKlibraries
org.jetbrains.kotlinx:kotlinx-serialization-json-jvm	1.11.0	main:app-android:benchmarkReleaseCompileClasspath;main:app-android:benchmarkReleaseRuntimeClasspath;main:app-android:debugAndroidTestCompileClasspath;main:app-android:debugCompileClasspath;main:app-android:debugRuntimeClasspath;main:app-android:debugUnitTestCompileClasspath;main:app-android:debugUnitTestRuntimeClasspath;main:app-android:nonMinifiedReleaseCompileClasspath;main:app-android:nonMinifiedReleaseRuntimeClasspath;main:app-android:releaseCompileClasspath;main:app-android:releaseRuntimeClasspath;main:app-wear:debugAndroidTestCompileClasspath;main:app-wear:debugCompileClasspath;main:app-wear:debugRuntimeClasspath;main:app-wear:debugUnitTestCompileClasspath;main:app-wear:debugUnitTestRuntimeClasspath;main:app-wear:releaseCompileClasspath;main:app-wear:releaseRuntimeClasspath;main:shared:androidCompileClasspath;main:shared:androidHostTestCompileClasspath;main:shared:androidHostTestRuntimeClasspath;main:shared:androidRuntimeClasspath;main:shared:composeHotReloadDevJvmDevRuntimeClasspath;main:shared:composeHotReloadDevJvmRuntimeClasspath;main:shared:composeHotReloadDevJvmTestRuntimeClasspath;main:shared:jvmCompileClasspath;main:shared:jvmDevCompileClasspath;main:shared:jvmDevRuntimeClasspath;main:shared:jvmMainCompileClasspath;main:shared:jvmMainRuntimeClasspath;main:shared:jvmRuntimeClasspath;main:shared:jvmTestCompileClasspath;main:shared:jvmTestRuntimeClasspath
org.jetbrains.runtime:jbr-api	1.9.0	main:shared:composeHotReloadDevJvmDevRuntimeClasspath;main:shared:composeHotReloadDevJvmRuntimeClasspath;main:shared:composeHotReloadDevJvmTestRuntimeClasspath;main:shared:jvmDevRuntimeClasspath;main:shared:jvmMainRuntimeClasspath;main:shared:jvmRuntimeClasspath;main:shared:jvmTestRuntimeClasspath
org.jetbrains.skiko:skiko	0.150.1	main:shared:commonMainResolvableDependenciesMetadata;main:shared:commonTestResolvableDependenciesMetadata;main:shared:composeHotReloadDevJvmDevRuntimeClasspath;main:shared:composeHotReloadDevJvmRuntimeClasspath;main:shared:composeHotReloadDevJvmTestRuntimeClasspath;main:shared:iosArm64CompileKlibraries;main:shared:iosSimulatorArm64TestCompileKlibraries;main:shared:jvmCompileClasspath;main:shared:jvmDevCompileClasspath;main:shared:jvmDevRuntimeClasspath;main:shared:jvmMainCompileClasspath;main:shared:jvmMainRuntimeClasspath;main:shared:jvmRuntimeClasspath;main:shared:jvmTestCompileClasspath;main:shared:jvmTestRuntimeClasspath;main:shared:metadataAppleMainCompileClasspath;main:shared:metadataCommonMainCompileClasspath;main:shared:metadataCompileClasspath;main:shared:metadataIosMainCompileClasspath;main:shared:metadataNativeMainCompileClasspath
org.jetbrains.skiko:skiko-awt	0.150.1	main:shared:composeHotReloadDevJvmDevRuntimeClasspath;main:shared:composeHotReloadDevJvmRuntimeClasspath;main:shared:composeHotReloadDevJvmTestRuntimeClasspath;main:shared:jvmCompileClasspath;main:shared:jvmDevCompileClasspath;main:shared:jvmDevRuntimeClasspath;main:shared:jvmMainCompileClasspath;main:shared:jvmMainRuntimeClasspath;main:shared:jvmRuntimeClasspath;main:shared:jvmTestCompileClasspath;main:shared:jvmTestRuntimeClasspath
org.jetbrains.skiko:skiko-awt-runtime-macos-arm64	0.150.1	main:shared:composeHotReloadDevJvmDevRuntimeClasspath;main:shared:jvmDevRuntimeClasspath
org.jetbrains.skiko:skiko-iosarm64	0.150.1	main:shared:iosArm64CompileKlibraries
org.jetbrains.skiko:skiko-iossimulatorarm64	0.150.1	main:shared:iosSimulatorArm64TestCompileKlibraries
org.jetbrains:annotations	23.0.0	buildSrc::runtimeClasspath;main:app-android:benchmarkReleaseCompileClasspath;main:app-android:benchmarkReleaseRuntimeClasspath;main:app-android:debugAndroidTestCompileClasspath;main:app-android:debugAndroidTestRuntimeClasspath;main:app-android:debugCompileClasspath;main:app-android:debugRuntimeClasspath;main:app-android:debugUnitTestCompileClasspath;main:app-android:debugUnitTestRuntimeClasspath;main:app-android:nonMinifiedReleaseCompileClasspath;main:app-android:nonMinifiedReleaseRuntimeClasspath;main:app-android:releaseCompileClasspath;main:app-android:releaseRuntimeClasspath;main:app-wear:debugAndroidTestCompileClasspath;main:app-wear:debugCompileClasspath;main:app-wear:debugRuntimeClasspath;main:app-wear:debugUnitTestCompileClasspath;main:app-wear:debugUnitTestRuntimeClasspath;main:app-wear:releaseCompileClasspath;main:app-wear:releaseRuntimeClasspath;main:baselineprofile:benchmarkReleaseCompileClasspath;main:baselineprofile:benchmarkReleaseRuntimeClasspath;main:baselineprofile:nonMinifiedReleaseCompileClasspath;main:baselineprofile:nonMinifiedReleaseRuntimeClasspath;main:shared:androidCompileClasspath;main:shared:androidHostTestCompileClasspath;main:shared:androidHostTestRuntimeClasspath;main:shared:androidRuntimeClasspath;main:shared:composeHotReloadDevJvmDevRuntimeClasspath;main:shared:composeHotReloadDevJvmRuntimeClasspath;main:shared:composeHotReloadDevJvmTestRuntimeClasspath;main:shared:jvmCompileClasspath;main:shared:jvmDevCompileClasspath;main:shared:jvmDevRuntimeClasspath;main:shared:jvmMainCompileClasspath;main:shared:jvmMainRuntimeClasspath;main:shared:jvmRuntimeClasspath;main:shared:jvmTestCompileClasspath;main:shared:jvmTestRuntimeClasspath
org.jspecify:jspecify	1.0.0	main:app-android:benchmarkReleaseCompileClasspath;main:app-android:benchmarkReleaseRuntimeClasspath;main:app-android:debugAndroidTestCompileClasspath;main:app-android:debugAndroidTestRuntimeClasspath;main:app-android:debugCompileClasspath;main:app-android:debugRuntimeClasspath;main:app-android:debugUnitTestCompileClasspath;main:app-android:debugUnitTestRuntimeClasspath;main:app-android:nonMinifiedReleaseCompileClasspath;main:app-android:nonMinifiedReleaseRuntimeClasspath;main:app-android:releaseCompileClasspath;main:app-android:releaseRuntimeClasspath;main:baselineprofile:benchmarkReleaseCompileClasspath;main:baselineprofile:benchmarkReleaseRuntimeClasspath;main:baselineprofile:nonMinifiedReleaseCompileClasspath;main:baselineprofile:nonMinifiedReleaseRuntimeClasspath;main:shared:androidCompileClasspath;main:shared:androidHostTestCompileClasspath;main:shared:androidHostTestRuntimeClasspath;main:shared:androidRuntimeClasspath;main:shared:composeHotReloadDevJvmDevRuntimeClasspath;main:shared:composeHotReloadDevJvmRuntimeClasspath;main:shared:composeHotReloadDevJvmTestRuntimeClasspath;main:shared:jvmCompileClasspath;main:shared:jvmDevCompileClasspath;main:shared:jvmDevRuntimeClasspath;main:shared:jvmMainCompileClasspath;main:shared:jvmMainRuntimeClasspath;main:shared:jvmRuntimeClasspath;main:shared:jvmTestCompileClasspath;main:shared:jvmTestRuntimeClasspath
org.jspecify:jspecify	1.0.1	main:app-wear:debugAndroidTestCompileClasspath;main:app-wear:debugCompileClasspath;main:app-wear:debugRuntimeClasspath;main:app-wear:debugUnitTestCompileClasspath;main:app-wear:debugUnitTestRuntimeClasspath;main:app-wear:releaseCompileClasspath;main:app-wear:releaseRuntimeClasspath
org.ow2.asm:asm	9.9	buildSrc::compileClasspath;buildSrc::runtimeClasspath
org.reactivestreams:reactive-streams	1.0.3	main:app-android:benchmarkReleaseRuntimeClasspath;main:app-android:debugRuntimeClasspath;main:app-android:debugUnitTestRuntimeClasspath;main:app-android:nonMinifiedReleaseRuntimeClasspath;main:app-android:releaseRuntimeClasspath;main:app-wear:debugRuntimeClasspath;main:app-wear:debugUnitTestRuntimeClasspath;main:app-wear:releaseRuntimeClasspath;main:shared:androidCompileClasspath;main:shared:androidHostTestCompileClasspath;main:shared:androidHostTestRuntimeClasspath;main:shared:androidRuntimeClasspath
org.slf4j:slf4j-api	2.0.18	main:app-android:benchmarkReleaseCompileClasspath;main:app-android:benchmarkReleaseRuntimeClasspath;main:app-android:debugAndroidTestCompileClasspath;main:app-android:debugAndroidTestRuntimeClasspath;main:app-android:debugCompileClasspath;main:app-android:debugRuntimeClasspath;main:app-android:debugUnitTestCompileClasspath;main:app-android:debugUnitTestRuntimeClasspath;main:app-android:nonMinifiedReleaseCompileClasspath;main:app-android:nonMinifiedReleaseRuntimeClasspath;main:app-android:releaseCompileClasspath;main:app-android:releaseRuntimeClasspath;main:app-wear:debugRuntimeClasspath;main:app-wear:debugUnitTestRuntimeClasspath;main:app-wear:releaseRuntimeClasspath;main:shared:androidCompileClasspath;main:shared:androidHostTestCompileClasspath;main:shared:androidHostTestRuntimeClasspath;main:shared:androidRuntimeClasspath;main:shared:composeHotReloadDevJvmDevRuntimeClasspath;main:shared:composeHotReloadDevJvmRuntimeClasspath;main:shared:composeHotReloadDevJvmTestRuntimeClasspath;main:shared:jvmCompileClasspath;main:shared:jvmDevCompileClasspath;main:shared:jvmDevRuntimeClasspath;main:shared:jvmMainCompileClasspath;main:shared:jvmMainRuntimeClasspath;main:shared:jvmRuntimeClasspath;main:shared:jvmTestCompileClasspath;main:shared:jvmTestRuntimeClasspath
